date;country;value
1950;Argentina;2034
1951;Argentina;2037.8667
1952;Argentina;2041.7408
1953;Argentina;2045.6223
1954;Argentina;2049.5112
1955;Argentina;2053.4075
1956;Argentina;2057.311
1957;Argentina;2061.2222
1958;Argentina;2065.1406
1959;Argentina;2069.0667
1960;Argentina;2073
1961;Argentina;2066.2004
1962;Argentina;2059.4233
1963;Argentina;2052.6685
1964;Argentina;2045.9355
1965;Argentina;2039.2249
1966;Argentina;2032.5361
1967;Argentina;2025.8694
1968;Argentina;2019.2245
1969;Argentina;2012.6013
1970;Argentina;2006
1971;Argentina;2002.6611
1972;Argentina;1999.3278
1973;Argentina;1996
1974;Argentina;1992.8422
1975;Argentina;1989.6893
1976;Argentina;1986.5415
1977;Argentina;1983.3987
1978;Argentina;1980.2609
1979;Argentina;1977.1279
1980;Argentina;1974
1981;Argentina;1961.2301
1982;Argentina;1948.5427
1983;Argentina;1935.9375
1984;Argentina;1923.4137
1985;Argentina;1910.9711
1986;Argentina;1898.6089
1987;Argentina;1886.3267
1988;Argentina;1874.1238
1989;Argentina;1862
1990;Argentina;1850
1991;Argentina;1837.9608
1992;Argentina;1826
1993;Argentina;1850.3378
1994;Argentina;1875
1995;Argentina;1881.9612
1996;Argentina;1888.9481
1997;Argentina;1895.9611
1998;Argentina;1903
1999;Argentina;1887.285
2000;Argentina;1862.1362
2001;Argentina;1811.1526
2002;Argentina;1710.0365
2003;Argentina;1713.5746
2004;Argentina;1730.8173
2005;Argentina;1761.3994
2006;Argentina;1765.6013
2007;Argentina;1780.5565
2008;Argentina;1781.4246
2009;Argentina;1742.9043
2010;Argentina;1751.7655
2011;Argentina;1750.9741
2012;Argentina;1726.2584
2013;Argentina;1714.8711
2014;Argentina;1695.364
2015;Argentina;1691.5363
2016;Argentina;1691.5363
2017;Argentina;1691.5363
1870;Australia;2792
1880;Australia;2647
1890;Australia;2501
1900;Australia;2385
1913;Australia;2214
1929;Australia;2186
1938;Australia;2109
1950;Australia;2178.2456
1951;Australia;2158.1013
1952;Australia;2138.1436
1953;Australia;2118.3701
1954;Australia;2098.7798
1955;Australia;2079.3704
1956;Australia;2060.1406
1957;Australia;2041.0886
1958;Australia;2022.2129
1959;Australia;2003.5116
1960;Australia;1984.9834
1961;Australia;1981.3214
1962;Australia;1977.6663
1963;Australia;1974.0178
1964;Australia;1970.3761
1965;Australia;1966.7411
1966;Australia;1963.1128
1967;Australia;1959.4912
1968;Australia;1955.8762
1969;Australia;1952.2679
1970;Australia;1948.6664
1971;Australia;1929.967
1972;Australia;1909.5677
1973;Australia;1896.1807
1974;Australia;1913.4988
1975;Australia;1900.218
1976;Australia;1910.6301
1977;Australia;1912.4364
1978;Australia;1913.2864
1979;Australia;1918.705
1980;Australia;1919.1102
1981;Australia;1900.6442
1982;Australia;1881.5066
1983;Australia;1869.0269
1984;Australia;1883.6864
1985;Australia;1870.23
1986;Australia;1880.6699
1987;Australia;1877.5311
1988;Australia;1874.5796
1989;Australia;1887.2697
1990;Australia;1867.9515
1991;Australia;1853.8984
1992;Australia;1851.8408
1993;Australia;1869.6207
1994;Australia;1877.7278
1995;Australia;1875.9148
1996;Australia;1868.7593
1997;Australia;1867.0762
1998;Australia;1851.2338
1999;Australia;1855.8291
2000;Australia;1854.0353
2001;Australia;1818.213
2002;Australia;1814.1021
2003;Australia;1806.7209
2004;Australia;1805.0198
2005;Australia;1803.0101
2006;Australia;1791.9933
2007;Australia;1792.6515
2008;Australia;1790.54
2009;Australia;1761.7957
2010;Australia;1769.3094
2011;Australia;1768.6494
2012;Australia;1759.5193
2013;Australia;1755.8271
2014;Australia;1747.937
2015;Australia;1747.009
2016;Australia;1734.215
2017;Australia;1731.4943
1950;Austria;2085.6694
1951;Austria;2083.0156
1952;Austria;2080.3652
1953;Austria;2077.718
1954;Austria;2075.0742
1955;Austria;2072.4338
1956;Austria;2069.7966
1957;Austria;2067.1631
1958;Austria;2064.5327
1959;Austria;2061.9058
1960;Austria;2059.282
1961;Austria;2046.6298
1962;Austria;2034.0552
1963;Austria;2021.558
1964;Austria;2009.1375
1965;Austria;1996.7932
1966;Austria;1984.5249
1967;Austria;1972.3319
1968;Austria;1960.2139
1969;Austria;1948.1703
1970;Austria;1890.1375
1971;Austria;1885.288
1972;Austria;1905.7499
1973;Austria;1900.7313
1974;Austria;1978.6625
1975;Austria;1903.9717
1976;Austria;1898.0424
1977;Austria;1904.7831
1978;Austria;1844.0676
1979;Austria;1876.6804
1980;Austria;1881.0354
1981;Austria;1819.1412
1982;Austria;1835.1189
1983;Austria;1829.9122
1984;Austria;1825.9255
1985;Austria;1821.5303
1986;Austria;1820.7109
1987;Austria;1808.7163
1988;Austria;1812.1312
1989;Austria;1825.2433
1990;Austria;1826.0298
1991;Austria;1836.4442
1992;Austria;1804.9314
1993;Austria;1802.2981
1994;Austria;1800.5381
1995;Austria;1774.4364
1996;Austria;1807.2706
1997;Austria;1815.692
1998;Austria;1794.0305
1999;Austria;1797.9713
2000;Austria;1798.4323
2001;Austria;1785.4202
2002;Austria;1782.8479
2003;Austria;1773.9779
2004;Austria;1776.4658
2005;Austria;1752.4894
2006;Austria;1735.6696
2007;Austria;1724.7792
2008;Austria;1717.1951
2009;Austria;1673.0751
2010;Austria;1665.8439
2011;Austria;1671.6877
2012;Austria;1647.8529
2013;Austria;1632.0676
2014;Austria;1621.5658
2015;Austria;1598.8944
2016;Austria;1609.3523
2017;Austria;1613.0519
1970;Bangladesh;2071.4104
1971;Bangladesh;2075.1843
1972;Bangladesh;2078.1372
1973;Bangladesh;2079.9597
1974;Bangladesh;2081.0764
1975;Bangladesh;2085.5564
1976;Bangladesh;2087.4951
1977;Bangladesh;2089.5979
1978;Bangladesh;2092.1418
1979;Bangladesh;2095.2627
1980;Bangladesh;2099.0146
1981;Bangladesh;2103.7871
1982;Bangladesh;2117.376
1983;Bangladesh;2130.7109
1984;Bangladesh;2143.5508
1985;Bangladesh;2111.8611
1986;Bangladesh;2083.7917
1987;Bangladesh;2066.4663
1988;Bangladesh;2052.2288
1989;Bangladesh;2040.8845
1990;Bangladesh;2122.0144
1991;Bangladesh;2204.1492
1992;Bangladesh;2182.9199
1993;Bangladesh;2162.833
1994;Bangladesh;2143.9639
1995;Bangladesh;2126.3477
1996;Bangladesh;2111.6362
1997;Bangladesh;2141.6018
1998;Bangladesh;2169.1011
1999;Bangladesh;2194.2813
2000;Bangladesh;2216.7761
2001;Bangladesh;2129.5923
2002;Bangladesh;2044.2791
2003;Bangladesh;1960.5166
2004;Bangladesh;2061.4739
2005;Bangladesh;2160.9841
2006;Bangladesh;2259.6313
2007;Bangladesh;2245.3359
2008;Bangladesh;2239.2898
2009;Bangladesh;2241.0042
2010;Bangladesh;2250.1528
2011;Bangladesh;2311.7678
2012;Bangladesh;2274.5391
2013;Bangladesh;2231.4285
2014;Bangladesh;2231.8721
2015;Bangladesh;2232.3542
2016;Bangladesh;2232.3542
2017;Bangladesh;2232.3542
1991;Barbados;1658.1062
1992;Barbados;1638.2186
1993;Barbados;1660.3339
1994;Barbados;1675.1111
1995;Barbados;1694.7531
1996;Barbados;1717.1149
1997;Barbados;1727.7413
1998;Barbados;1728.5961
1999;Barbados;1733.9471
2000;Barbados;1753.2524
2001;Barbados;1764.2705
1870;Belgium;3483
1880;Belgium;3344
1890;Belgium;3177
1900;Belgium;3064
1913;Belgium;2841
1929;Belgium;2229
1938;Belgium;2196
1950;Belgium;2106.1504
1951;Belgium;2095.8718
1952;Belgium;2085.6436
1953;Belgium;2075.4653
1954;Belgium;2065.3364
1955;Belgium;2055.2573
1956;Belgium;2045.2272
1957;Belgium;2035.246
1958;Belgium;2025.3136
1959;Belgium;2015.4296
1960;Belgium;2005.5939
1961;Belgium;1993.6304
1962;Belgium;1981.738
1963;Belgium;1969.9169
1964;Belgium;1958.166
1965;Belgium;1946.4854
1966;Belgium;1934.8744
1967;Belgium;1923.3326
1968;Belgium;1911.8597
1969;Belgium;1900.4553
1970;Belgium;1889.1189
1971;Belgium;1879.7579
1972;Belgium;1853.5769
1973;Belgium;1827.1119
1974;Belgium;1797.0769
1975;Belgium;1787.1979
1976;Belgium;1787.9839
1977;Belgium;1762.5139
1978;Belgium;1743.7579
1979;Belgium;1726.9879
1980;Belgium;1707.126
1981;Belgium;1683.522
1982;Belgium;1669.516
1983;Belgium;1675.5209
1984;Belgium;1699.528
1985;Belgium;1705.5309
1986;Belgium;1685.5239
1987;Belgium;1670.5179
1988;Belgium;1658.516
1989;Belgium;1649.511
1990;Belgium;1663.517
1991;Belgium;1626.5049
1992;Belgium;1603.4989
1993;Belgium;1559.4839
1994;Belgium;1559.4839
1995;Belgium;1585.4919
1996;Belgium;1559.4839
1997;Belgium;1572.4879
1998;Belgium;1583.491
1999;Belgium;1582.491
2000;Belgium;1594.8505
2001;Belgium;1588.3749
2002;Belgium;1582.7155
2003;Belgium;1577.7917
2004;Belgium;1572.9613
2005;Belgium;1565.4303
2006;Belgium;1572.2457
2007;Belgium;1576.6563
2008;Belgium;1569.9797
2009;Belgium;1548.1161
2010;Belgium;1545.848
2011;Belgium;1559.6238
2012;Belgium;1559.9052
2013;Belgium;1558.0079
2014;Belgium;1555.2025
2015;Belgium;1544.61
2016;Belgium;1545.8151
2017;Belgium;1544.269
1950;Brazil;2042
1951;Brazil;2051.0186
1952;Brazil;2060.0771
1953;Brazil;2069.1755
1954;Brazil;2078.3142
1955;Brazil;2087.4932
1956;Brazil;2096.7129
1957;Brazil;2105.9731
1958;Brazil;2115.2742
1959;Brazil;2124.6165
1960;Brazil;2134
1961;Brazil;2135.0974
1962;Brazil;2136.1956
1963;Brazil;2137.2939
1964;Brazil;2138.3933
1965;Brazil;2139.4929
1966;Brazil;2140.5933
1967;Brazil;2141.6941
1968;Brazil;2142.7954
1969;Brazil;2143.8975
1970;Brazil;2145
1971;Brazil;2128.5408
1972;Brazil;2112.2078
1973;Brazil;2096
1974;Brazil;2079.7708
1975;Brazil;2063.667
1976;Brazil;2047.6881
1977;Brazil;2031.8329
1978;Brazil;2016.1005
1979;Brazil;2000.4897
1980;Brazil;1985
1981;Brazil;1974.0968
1982;Brazil;1963.2535
1983;Brazil;1952.4698
1984;Brazil;1941.7454
1985;Brazil;1931.0797
1986;Brazil;1920.4728
1987;Brazil;1909.924
1988;Brazil;1899.4332
1989;Brazil;1889
1990;Brazil;1879
1991;Brazil;1868.4705
1992;Brazil;1858
1993;Brazil;1858.9998
1994;Brazil;1860
1995;Brazil;1855.2317
1996;Brazil;1850.4756
1997;Brazil;1845.7317
1998;Brazil;1841
1999;Brazil;1813.8428
2000;Brazil;1837.927
2001;Brazil;1828.3264
2002;Brazil;1818.7257
2003;Brazil;1811.1825
2004;Brazil;1803.1261
2005;Brazil;1783.1312
2006;Brazil;1778.7123
2007;Brazil;1781.6913
2008;Brazil;1784.6703
2009;Brazil;1779.3353
2010;Brazil;1779.5791
2011;Brazil;1773.1746
2012;Brazil;1766.77
2013;Brazil;1755.6323
2014;Brazil;1739.4747
2015;Brazil;1709.4856
2016;Brazil;1709.4856
2017;Brazil;1709.4856
1995;Bulgaria;1710.674
1996;Bulgaria;1708.2025
1997;Bulgaria;1706.8674
1998;Bulgaria;1649.981
1999;Bulgaria;1669.4999
2000;Bulgaria;1640.2538
2001;Bulgaria;1651.8589
2002;Bulgaria;1651.2594
2003;Bulgaria;1640.5111
2004;Bulgaria;1663.6887
2005;Bulgaria;1658.6464
2006;Bulgaria;1654.1027
2007;Bulgaria;1654.5214
2008;Bulgaria;1693.5959
2009;Bulgaria;1646.2753
2010;Bulgaria;1644.8379
2011;Bulgaria;1643.5928
2012;Bulgaria;1644.4498
2013;Bulgaria;1644.9795
2014;Bulgaria;1644.059
2015;Bulgaria;1644.3853
2016;Bulgaria;1643.5475
2017;Bulgaria;1643.5475
1993;Cambodia;2190.6436
1994;Cambodia;2160.658
1995;Cambodia;2187.2813
1996;Cambodia;2191.9963
1997;Cambodia;2202.3345
1998;Cambodia;2239.2913
1999;Cambodia;2265.4268
2000;Cambodia;2296.8909
2001;Cambodia;2321.0562
2002;Cambodia;2367.1667
2003;Cambodia;2366.4758
2004;Cambodia;2374.304
2005;Cambodia;2373.7581
2006;Cambodia;2374.1353
2007;Cambodia;2380.8865
2008;Cambodia;2382.5652
2009;Cambodia;2389.0847
2010;Cambodia;2390.1621
2011;Cambodia;2408.062
2012;Cambodia;2414.2522
2013;Cambodia;2423.9707
2014;Cambodia;2442.6956
2015;Cambodia;2455.5508
2016;Cambodia;2455.5508
2017;Cambodia;2455.5508
1870;Canada;2845
1880;Canada;2934
1890;Canada;3017
1900;Canada;3102
1913;Canada;2868
1929;Canada;2354
1938;Canada;2212
1950;Canada;2209.2341
1951;Canada;2194.1836
1952;Canada;2181.9395
1953;Canada;2180.5283
1954;Canada;2172.6038
1955;Canada;2154.6565
1956;Canada;2142.2791
1957;Canada;2122.9817
1958;Canada;2107.6152
1959;Canada;2104.4343
1960;Canada;2090.8059
1961;Canada;2066.4954
1962;Canada;2065.0449
1963;Canada;2050.3577
1964;Canada;2039.1084
1965;Canada;2021.2146
1966;Canada;1995.1143
1967;Canada;1985.5981
1968;Canada;1961.4777
1969;Canada;1942.4684
1970;Canada;1925
1971;Canada;1912
1972;Canada;1904
1973;Canada;1898
1974;Canada;1891
1975;Canada;1872
1976;Canada;1862
1977;Canada;1834
1978;Canada;1836
1979;Canada;1841
1980;Canada;1827
1981;Canada;1812
1982;Canada;1789
1983;Canada;1779
1984;Canada;1789
1985;Canada;1795
1986;Canada;1797
1987;Canada;1807
1988;Canada;1808
1989;Canada;1802
1990;Canada;1797
1991;Canada;1775
1992;Canada;1772
1993;Canada;1769
1994;Canada;1778
1995;Canada;1775
1996;Canada;1790
1997;Canada;1785.3007
1998;Canada;1782.1237
1999;Canada;1782.0236
2000;Canada;1778.6147
2001;Canada;1771.0833
2002;Canada;1753.5767
2003;Canada;1746.0255
2004;Canada;1759.0833
2005;Canada;1746.6008
2006;Canada;1744.8906
2007;Canada;1741.265
2008;Canada;1734.8149
2009;Canada;1701.0571
2010;Canada;1703.0271
2011;Canada;1699.6071
2012;Canada;1712.5425
2013;Canada;1707.413
2014;Canada;1703.6506
2015;Canada;1707.073
2016;Canada;1702.9673
2017;Canada;1696.4624
1951;Chile;2677.8069
1952;Chile;2655.0442
1953;Chile;2632.4749
1954;Chile;2610.0974
1955;Chile;2587.9102
1956;Chile;2565.9114
1957;Chile;2544.0999
1958;Chile;2522.4736
1959;Chile;2501.0313
1960;Chile;2479.771
1961;Chile;2471.2148
1962;Chile;2462.688
1963;Chile;2454.1907
1964;Chile;2445.7227
1965;Chile;2437.2839
1966;Chile;2428.8743
1967;Chile;2420.4937
1968;Chile;2412.1418
1969;Chile;2403.8188
1970;Chile;2395.5247
1971;Chile;2392.6724
1972;Chile;2389.8235
1973;Chile;2386.978
1974;Chile;2384.0017
1975;Chile;2381.0291
1976;Chile;2378.0603
1977;Chile;2375.095
1978;Chile;2372.1335
1979;Chile;2369.1758
1980;Chile;2366.2217
1981;Chile;2371.7322
1982;Chile;2377.2556
1983;Chile;2382.7917
1984;Chile;2388.3411
1985;Chile;2393.9031
1986;Chile;2399.478
1987;Chile;2405.0659
1988;Chile;2410.667
1989;Chile;2416.281
1990;Chile;2422.3857
1991;Chile;2418.905
1992;Chile;2415.4243
1993;Chile;2389.4006
1994;Chile;2363.6575
1995;Chile;2338.1917
1996;Chile;2313
1997;Chile;2256
1998;Chile;2299
1999;Chile;2277
2000;Chile;2263
2001;Chile;2242
2002;Chile;2250
2003;Chile;2235
2004;Chile;2232
2005;Chile;2157
2006;Chile;2165
2007;Chile;2128
2008;Chile;2095
2009;Chile;2074
2010;Chile;2070
2011;Chile;2047
2012;Chile;2024
2013;Chile;2015
2014;Chile;1990
2015;Chile;1988
2016;Chile;1974
2017;Chile;1974
1970;China;1976.312
1971;China;1975.7937
1972;China;1975.5077
1973;China;1975.3647
1974;China;1975.1897
1975;China;1974.8975
1976;China;1974.2075
1977;China;1973.4353
1978;China;1972.7274
1979;China;1972.1038
1980;China;1971.4967
1981;China;1971.1016
1982;China;1970.7063
1983;China;1970.1927
1984;China;1969.7229
1985;China;1969.3905
1986;China;1970.4417
1987;China;1971.4633
1988;China;1972.6764
1989;China;1973.9873
1990;China;1975.354
1991;China;1976.88
1992;China;1978.4241
1993;China;1981.6498
1994;China;1989.3041
1995;China;2001.834
1996;China;2017.2693
1997;China;2037.369
1998;China;2062.054
1999;China;2082.0659
2000;China;2090.4753
2001;China;2103.5127
2002;China;2118.1997
2003;China;2138.0828
2004;China;2167.8962
2005;China;2192.3545
2006;China;2183.0564
2007;China;2152.6538
2008;China;2131.5859
2009;China;2138.8472
2010;China;2172.7104
2011;China;2178.7708
2012;China;2184.2307
2013;China;2178.241
2014;China;2178.1633
2015;China;2174.3501
2016;China;2174.3501
2017;China;2174.3501
1950;Colombia;2323
1951;Colombia;2312.28
1952;Colombia;2301.6096
1953;Colombia;2290.9885
1954;Colombia;2280.4163
1955;Colombia;2269.8931
1956;Colombia;2259.4182
1957;Colombia;2248.9917
1958;Colombia;2238.6133
1959;Colombia;2228.2827
1960;Colombia;2218
1961;Colombia;2213.1526
1962;Colombia;2208.3159
1963;Colombia;2203.4895
1964;Colombia;2198.6738
1965;Colombia;2193.8687
1966;Colombia;2189.074
1967;Colombia;2184.2898
1968;Colombia;2179.5161
1969;Colombia;2174.7529
1970;Colombia;2170
1971;Colombia;2160.29
1972;Colombia;2150.6233
1973;Colombia;2141
1974;Colombia;2131.2976
1975;Colombia;2121.6394
1976;Colombia;2112.0247
1977;Colombia;2102.4536
1978;Colombia;2092.926
1979;Colombia;2083.4414
1980;Colombia;2074
1981;Colombia;2063.2231
1982;Colombia;2052.5022
1983;Colombia;2041.8372
1984;Colombia;2031.2274
1985;Colombia;2020.6729
1986;Colombia;2010.1731
1987;Colombia;1999.7279
1988;Colombia;1989.3369
1989;Colombia;1979
1990;Colombia;1969
1991;Colombia;1958.9745
1992;Colombia;1949
1993;Colombia;1961.9569
1994;Colombia;1975
1995;Colombia;1970.2328
1996;Colombia;1965.4771
1997;Colombia;1960.7328
1998;Colombia;1956
1999;Colombia;1956
2000;Colombia;1956
2001;Colombia;1956
2002;Colombia;2032.2886
2003;Colombia;2016.2488
2004;Colombia;2004.2563
2005;Colombia;2013.9287
2006;Colombia;2036.0232
2007;Colombia;2058.3601
2008;Colombia;2080.9419
2009;Colombia;2049.5647
2010;Colombia;2039.0653
2011;Colombia;2040.173
2012;Colombia;2021.057
2013;Colombia;2000.6594
2014;Colombia;1991.9746
2015;Colombia;1997.748
2016;Colombia;1997.748
2017;Colombia;1997.748
1987;Costa Rica;2371.7446
1988;Costa Rica;2351.5657
1989;Costa Rica;2313.1028
1990;Costa Rica;2363.5396
1991;Costa Rica;2278.2588
1992;Costa Rica;2364.5488
1993;Costa Rica;2352.4185
1994;Costa Rica;2376.1067
1995;Costa Rica;2350.7129
1996;Costa Rica;2392.572
1997;Costa Rica;2371.2124
1998;Costa Rica;2362.2837
1999;Costa Rica;2376.1733
2000;Costa Rica;2367.5845
2001;Costa Rica;2335.0432
2002;Costa Rica;2362.696
2003;Costa Rica;2356.135
2004;Costa Rica;2375.4021
2005;Costa Rica;2357.8464
2006;Costa Rica;2365.613
2007;Costa Rica;2392.5747
2008;Costa Rica;2397.8833
2009;Costa Rica;2354.2432
2010;Costa Rica;2249.2654
2011;Costa Rica;2289.8872
2012;Costa Rica;2242.5991
2013;Costa Rica;2156.5581
2014;Costa Rica;2135.5332
2015;Costa Rica;2156.9102
2016;Costa Rica;2212.3835
2017;Costa Rica;2212.3835
1995;Croatia;1923.7113
1996;Croatia;1923.6965
1997;Croatia;1923.7584
1998;Croatia;1923.6672
1999;Croatia;1923.6639
2000;Croatia;1922.1008
2001;Croatia;1923.392
2002;Croatia;1923.6655
2003;Croatia;1924.7465
2004;Croatia;1926.585
2005;Croatia;1926.5166
2006;Croatia;1928.6445
2007;Croatia;1930.6725
2008;Croatia;1932.2271
2009;Croatia;1928.8942
2010;Croatia;1942.9996
2011;Croatia;1940.2762
2012;Croatia;1923.3143
2013;Croatia;1909.4851
2014;Croatia;1891.6031
2015;Croatia;1827.651
2016;Croatia;1834.9327
2017;Croatia;1834.9327
1995;Cyprus;1899.5675
1996;Cyprus;1898.6017
1997;Cyprus;1906.274
1998;Cyprus;1912.542
1999;Cyprus;1919.7133
2000;Cyprus;1926.3883
2001;Cyprus;1950.894
2002;Cyprus;1923.2074
2003;Cyprus;1916.0952
2004;Cyprus;1878.5951
2005;Cyprus;1847.3258
2006;Cyprus;1832.9028
2007;Cyprus;1862.1289
2008;Cyprus;1882.5011
2009;Cyprus;1870.2334
2010;Cyprus;1856.2478
2011;Cyprus;1841.4391
2012;Cyprus;1834.7371
2013;Cyprus;1804.8607
2014;Cyprus;1792.988
2015;Cyprus;1789.7061
2016;Cyprus;1783.5206
2017;Cyprus;1783.5206
1993;Czechia;1856.9045
1994;Czechia;1838.9045
1995;Czechia;1857.9026
1996;Czechia;1852.5775
1997;Czechia;1857.7623
1998;Czechia;1877.4183
1999;Czechia;1893.5347
2000;Czechia;1895.5621
2001;Czechia;1818.3157
2002;Czechia;1816.5702
2003;Czechia;1806.224
2004;Czechia;1817.061
2005;Czechia;1816.9883
2006;Czechia;1799.1667
2007;Czechia;1784.3645
2008;Czechia;1789.5405
2009;Czechia;1778.767
2010;Czechia;1799.5005
2011;Czechia;1805.6233
2012;Czechia;1776.1244
2013;Czechia;1763.0048
2014;Czechia;1776.7375
2015;Czechia;1756.161
2016;Czechia;1778.3971
2017;Czechia;1776.162
1870;Denmark;3434
1880;Denmark;3172
1890;Denmark;2933
1900;Denmark;2742
1913;Denmark;2731
1929;Denmark;2301
1938;Denmark;2203
1950;Denmark;2049.3193
1951;Denmark;2034.866
1952;Denmark;2020.5145
1953;Denmark;2006.2643
1954;Denmark;1992.1145
1955;Denmark;1978.0645
1956;Denmark;1964.1136
1957;Denmark;1950.2611
1958;Denmark;1936.5063
1959;Denmark;1922.8485
1960;Denmark;1909.2871
1961;Denmark;1921.2317
1962;Denmark;1933.251
1963;Denmark;1945.3456
1964;Denmark;1957.5157
1965;Denmark;1969.7621
1966;Denmark;1982.085
1967;Denmark;1953.991
1968;Denmark;1909.151
1969;Denmark;1869.584
1970;Denmark;1845.3879
1971;Denmark;1809.767
1972;Denmark;1751.8619
1973;Denmark;1709.757
1974;Denmark;1691.369
1975;Denmark;1616.66
1976;Denmark;1623.5317
1977;Denmark;1598.6395
1978;Denmark;1575.3319
1979;Denmark;1563.6945
1980;Denmark;1577.5864
1981;Denmark;1546.246
1982;Denmark;1552.7933
1983;Denmark;1545.7714
1984;Denmark;1540.6416
1985;Denmark;1527.7089
1986;Denmark;1530.6967
1987;Denmark;1492.7634
1988;Denmark;1471.0034
1989;Denmark;1455.0714
1990;Denmark;1440.549
1991;Denmark;1437.0579
1992;Denmark;1452.6305
1993;Denmark;1449.0786
1994;Denmark;1406.5643
1995;Denmark;1419.1543
1996;Denmark;1412.2479
1997;Denmark;1428.3137
1998;Denmark;1441.1987
1999;Denmark;1456.3748
2000;Denmark;1466.0171
2001;Denmark;1468.9253
2002;Denmark;1462.6897
2003;Denmark;1457.644
2004;Denmark;1458.1553
2005;Denmark;1451.4474
2006;Denmark;1455.6711
2007;Denmark;1432.9716
2008;Denmark;1429.9916
2009;Denmark;1417.2021
2010;Denmark;1422.235
2011;Denmark;1436.7894
2012;Denmark;1423.2501
2013;Denmark;1425.8413
2014;Denmark;1414.1547
2015;Denmark;1412.2715
2016;Denmark;1408.9635
2017;Denmark;1400.3815
1995;Ecuador;1943
1996;Ecuador;1936.3103
1997;Ecuador;1929.6437
1998;Ecuador;1923
1999;Ecuador;1788.7039
2000;Ecuador;1799.7212
2001;Ecuador;1810.8064
2002;Ecuador;1821.9598
2003;Ecuador;1833.1821
2004;Ecuador;1772.0262
2005;Ecuador;1804.7694
2006;Ecuador;1772.748
2007;Ecuador;1792.0309
2008;Ecuador;1845.9872
2009;Ecuador;1825.0427
2010;Ecuador;1827.7772
2011;Ecuador;1799.3361
2012;Ecuador;1775.9338
2013;Ecuador;1780.7534
2014;Ecuador;1733.5585
2015;Ecuador;1701.3558
2016;Ecuador;1701.3558
2017;Ecuador;1701.3558
1995;Estonia;1983.2291
1996;Estonia;1982.2822
1997;Estonia;1980.5514
1998;Estonia;1980.1615
1999;Estonia;1977.345
2000;Estonia;1977.8729
2001;Estonia;1970.4961
2002;Estonia;1972.6899
2003;Estonia;1978.3347
2004;Estonia;1986.4607
2005;Estonia;2008.3733
2006;Estonia;2000.9904
2007;Estonia;1998.4846
2008;Estonia;1967.7698
2009;Estonia;1832.1401
2010;Estonia;1874.7017
2011;Estonia;1918.863
2012;Estonia;1885.6866
2013;Estonia;1865.8429
2014;Estonia;1859.4319
2015;Estonia;1851.6166
2016;Estonia;1855.1993
2017;Estonia;1856.6827
1950;Finland;2053.0676
1951;Finland;2053.6721
1952;Finland;2054.2769
1953;Finland;2054.8816
1954;Finland;2055.4866
1955;Finland;2056.0918
1956;Finland;2056.6973
1957;Finland;2057.303
1958;Finland;2057.9087
1959;Finland;2058.5146
1960;Finland;2059.1208
1961;Finland;2058.1216
1962;Finland;2051.1282
1963;Finland;2047.1317
1964;Finland;2073.1079
1965;Finland;2073.1079
1966;Finland;2048.1309
1967;Finland;2031.1464
1968;Finland;2015.1609
1969;Finland;1996.1782
1970;Finland;1980.1927
1971;Finland;1945.2208
1972;Finland;1929.2358
1973;Finland;1913.2528
1974;Finland;1907.2559
1975;Finland;1899.1428
1976;Finland;1896.1288
1977;Finland;1887.8368
1978;Finland;1893.2559
1979;Finland;1869.1428
1980;Finland;1849.1888
1981;Finland;1854.7941
1982;Finland;1840.2738
1983;Finland;1822.6447
1984;Finland;1813.7013
1985;Finland;1813.3021
1986;Finland;1792.5872
1987;Finland;1798.1265
1988;Finland;1806.1799
1989;Finland;1802.1422
1990;Finland;1769.1191
1991;Finland;1747.4368
1992;Finland;1752.7573
1993;Finland;1755.3395
1994;Finland;1774.8427
1995;Finland;1776.0518
1996;Finland;1774.892
1997;Finland;1764.725
1998;Finland;1754.3972
1999;Finland;1757.2578
2000;Finland;1742.0702
2001;Finland;1722.5939
2002;Finland;1713.7766
2003;Finland;1705.2792
2004;Finland;1707.3223
2005;Finland;1697.0879
2006;Finland;1692.9031
2007;Finland;1691.4915
2008;Finland;1684.5125
2009;Finland;1660.6558
2010;Finland;1667.7671
2011;Finland;1662.4528
2012;Finland;1650.2601
2013;Finland;1639.5857
2014;Finland;1636.3311
2015;Finland;1637.1949
2016;Finland;1634.7594
2017;Finland;1659.2806
1870;France;3168
1880;France;3165
1890;France;3119
1900;France;3115
1913;France;2933
1929;France;2198
1938;France;1760
1950;France;2193.3167
1951;France;2214.5217
1952;France;2197.8145
1953;France;2179.0027
1954;France;2193.688
1955;France;2179.0168
1956;France;2130.4902
1957;France;2107.1709
1958;France;2096.4814
1959;France;2100.0859
1960;France;2111.6116
1961;France;2091.9858
1962;France;2107.4983
1963;France;2093.7288
1964;France;2103.751
1965;France;2092.967
1966;France;2087.1069
1967;France;2055.8035
1968;France;2034.2684
1969;France;1964.4453
1970;France;1948.2301
1971;France;1947.8167
1972;France;1898.0906
1973;France;1884.4604
1974;France;1854.7511
1975;France;1830.1531
1976;France;1856.8257
1977;France;1819.907
1978;France;1789.7493
1979;France;1787.0199
1980;France;1778.8678
1981;France;1759.6193
1982;France;1687.9171
1983;France;1670.7448
1984;France;1664.9539
1985;France;1630.4366
1986;France;1626.7152
1987;France;1638.9984
1988;France;1648.225
1989;France;1633.6821
1990;France;1629.0961
1991;France;1622.6208
1992;France;1621.5667
1993;France;1614.0789
1994;France;1611.6461
1995;France;1590.6832
1996;France;1587.0975
1997;France;1585.5039
1998;France;1575.7279
1999;France;1569.4343
2000;France;1549.965
2001;France;1530.4617
2002;France;1497.3385
2003;France;1502.0975
2004;France;1525.9967
2005;France;1527.3717
2006;France;1510.6074
2007;France;1530.0048
2008;France;1537.7621
2009;France;1521.2759
2010;France;1527.9509
2011;France;1534.6066
2012;France;1528.8926
2013;France;1513.8743
2014;France;1508.9885
2015;France;1509.4127
2016;France;1502.7285
2017;France;1514.1371
1870;Germany;3284
1880;Germany;3223
1890;Germany;3108
1900;Germany;3056
1913;Germany;2723
1929;Germany;2128
1938;Germany;2187
1950;Germany;2427.4287
1951;Germany;2401.5952
1952;Germany;2376.0369
1953;Germany;2350.7505
1954;Germany;2325.7332
1955;Germany;2300.9822
1956;Germany;2276.4944
1957;Germany;2252.2673
1958;Germany;2228.2981
1959;Germany;2204.584
1960;Germany;2181.1223
1961;Germany;2154.5046
1962;Germany;2117.4016
1963;Germany;2086.9526
1964;Germany;2098.4468
1965;Germany;2084.2305
1966;Germany;2057.9155
1967;Germany;2020.2074
1968;Germany;2007.7052
1969;Germany;1987.9437
1970;Germany;1972.5177
1971;Germany;1940.5565
1972;Germany;1915.4514
1973;Germany;1884.9017
1974;Germany;1851.6299
1975;Germany;1811.9053
1976;Germany;1824.3066
1977;Germany;1806.2542
1978;Germany;1787.1987
1979;Germany;1775.1637
1980;Germany;1756.1083
1981;Germany;1734.0441
1982;Germany;1723.012
1983;Germany;1709.974
1984;Germany;1698.942
1985;Germany;1675.8749
1986;Germany;1656.8195
1987;Germany;1633.7523
1988;Germany;1628.7378
1989;Germany;1605.6707
1990;Germany;1582.6035
1991;Germany;1553.5189
1992;Germany;1564.7155
1993;Germany;1541.5763
1994;Germany;1537.2506
1995;Germany;1527.9783
1996;Germany;1510.4954
1997;Germany;1499.6443
1998;Germany;1493.5819
1999;Germany;1478.722
2000;Germany;1452.0129
2001;Germany;1441.9102
2002;Germany;1430.8605
2003;Germany;1424.7449
2004;Germany;1422.2234
2005;Germany;1411.28
2006;Germany;1424.6752
2007;Germany;1424.3522
2008;Germany;1418.3964
2009;Germany;1372.7135
2010;Germany;1389.8829
2011;Germany;1392.8134
2012;Germany;1375.0267
2013;Germany;1362.6976
2014;Germany;1367.0791
2015;Germany;1368.1069
2016;Germany;1358.5865
2017;Germany;1353.8868
1951;Greece;2312.5513
1952;Greece;2302.988
1953;Greece;2293.4646
1954;Greece;2283.9802
1955;Greece;2274.5352
1956;Greece;2265.1292
1957;Greece;2255.762
1958;Greece;2246.4338
1959;Greece;2237.144
1960;Greece;2227.8926
1961;Greece;2217.9907
1962;Greece;2208.1328
1963;Greece;2198.3188
1964;Greece;2188.5483
1965;Greece;2178.8215
1966;Greece;2169.1377
1967;Greece;2159.4968
1968;Greece;2149.8992
1969;Greece;2140.3438
1970;Greece;2098.6428
1971;Greece;2099.6047
1972;Greece;2101.0935
1973;Greece;2102.5459
1974;Greece;2103.9597
1975;Greece;2105.3333
1976;Greece;2106.6653
1977;Greece;2107.9543
1978;Greece;2109.6099
1979;Greece;2111.0493
1980;Greece;2111.6992
1981;Greece;2111.7839
1982;Greece;2111.3945
1983;Greece;2108.8662
1984;Greece;2108.4956
1985;Greece;2107.4692
1986;Greece;2107.8125
1987;Greece;2110.0713
1988;Greece;2107.2549
1989;Greece;2109.304
1990;Greece;2111.6228
1991;Greece;2112.8909
1992;Greece;2112.8689
1993;Greece;2112.1438
1994;Greece;2110.1987
1995;Greece;2110.7063
1996;Greece;2109.4004
1997;Greece;2107.9448
1998;Greece;2108.4343
1999;Greece;2104.8523
2000;Greece;2107.6384
2001;Greece;2101.1304
2002;Greece;2093.2151
2003;Greece;2091.4788
2004;Greece;2082.5518
2005;Greece;2136.239
2006;Greece;2125.3364
2007;Greece;2110.9885
2008;Greece;2106.26
2009;Greece;2081.2117
2010;Greece;2019.5708
2011;Greece;2037.7003
2012;Greece;2055.374
2013;Greece;2059.22
2014;Greece;2020.8816
2015;Greece;2031.1405
2016;Greece;2030.0905
2017;Greece;2016.8954
1960;Hong Kong;2722.3655
1961;Hong Kong;2702.0603
1962;Hong Kong;2681.9063
1963;Hong Kong;2661.9028
1964;Hong Kong;2642.0486
1965;Hong Kong;2622.3423
1966;Hong Kong;2602.783
1967;Hong Kong;2583.3696
1968;Hong Kong;2564.1011
1969;Hong Kong;2544.9761
1970;Hong Kong;2525.9939
1971;Hong Kong;2527.0503
1972;Hong Kong;2525.5298
1973;Hong Kong;2523.8738
1974;Hong Kong;2522.0754
1975;Hong Kong;2520.2058
1976;Hong Kong;2518.0522
1977;Hong Kong;2508.3438
1978;Hong Kong;2498.8701
1979;Hong Kong;2490.3911
1980;Hong Kong;2479.3877
1981;Hong Kong;2466.1563
1982;Hong Kong;2441.6013
1983;Hong Kong;2410.731
1984;Hong Kong;2381.7666
1985;Hong Kong;2356.0828
1986;Hong Kong;2360.2485
1987;Hong Kong;2324.3062
1988;Hong Kong;2372.4387
1989;Hong Kong;2314.0313
1990;Hong Kong;2278.522
1991;Hong Kong;2309.9045
1992;Hong Kong;2224.1714
1993;Hong Kong;2287.9592
1994;Hong Kong;2291.9285
1995;Hong Kong;2254.8499
1996;Hong Kong;2304.2678
1997;Hong Kong;2257.8132
1998;Hong Kong;2259.1528
1999;Hong Kong;2301.9258
2000;Hong Kong;2330.667
2001;Hong Kong;2326.3577
2002;Hong Kong;2343.4309
2003;Hong Kong;2330.8987
2004;Hong Kong;2354.375
2005;Hong Kong;2346.386
2006;Hong Kong;2315.4949
2007;Hong Kong;2327.78
2008;Hong Kong;2277.0227
2009;Hong Kong;2251.9988
2010;Hong Kong;2302.0801
2011;Hong Kong;2256.7612
2012;Hong Kong;2235.5942
2013;Hong Kong;2225.4138
2014;Hong Kong;2175.2473
2015;Hong Kong;2185.5789
2016;Hong Kong;2185.5789
2017;Hong Kong;2185.5789
1980;Hungary;2193.4773
1981;Hungary;2192.4775
1982;Hungary;2099.4998
1983;Hungary;2079.5046
1984;Hungary;2007.5217
1985;Hungary;1980.5281
1986;Hungary;1971.5303
1987;Hungary;2015.5198
1988;Hungary;2009.5212
1989;Hungary;1984.5272
1990;Hungary;1944.5367
1991;Hungary;1912.5443
1992;Hungary;1869.5546
1993;Hungary;1869.5546
1994;Hungary;2000.5233
1995;Hungary;2005.5222
1996;Hungary;1999.5793
1997;Hungary;2023.4016
1998;Hungary;2022.8932
1999;Hungary;2040.071
2000;Hungary;2032.8467
2001;Hungary;1993.3213
2002;Hungary;2005.2568
2003;Hungary;1978.1667
2004;Hungary;1986.1238
2005;Hungary;1986.9038
2006;Hungary;1983.4768
2007;Hungary;1978.6354
2008;Hungary;1981.7538
2009;Hungary;1963.0601
2010;Hungary;1956.1836
2011;Hungary;1948.6782
2012;Hungary;1926.5392
2013;Hungary;1920.5334
2014;Hungary;1928.3038
2015;Hungary;1923.7209
2016;Hungary;1937.3325
2017;Hungary;1937.3325
1964;Iceland;2144.7549
1965;Iceland;2121.4031
1966;Iceland;2109.0615
1967;Iceland;2073.1609
1968;Iceland;2025.9136
1969;Iceland;1997.3276
1970;Iceland;1979.8445
1971;Iceland;1941.3549
1972;Iceland;1908.254
1973;Iceland;1890.8378
1974;Iceland;1866.0885
1975;Iceland;1841.3087
1976;Iceland;1813.778
1977;Iceland;1771.6417
1978;Iceland;1733.0608
1979;Iceland;1720.1718
1980;Iceland;1710.0775
1981;Iceland;1703.6434
1982;Iceland;1706.3849
1983;Iceland;1706.3986
1984;Iceland;1704.5583
1985;Iceland;1703.6495
1986;Iceland;1696.3209
1987;Iceland;1694.4543
1988;Iceland;1701.8008
1989;Iceland;1697.2434
1990;Iceland;1687.1472
1991;Iceland;1690.7538
1992;Iceland;1690.7538
1993;Iceland;1705.9176
1994;Iceland;1677.275
1995;Iceland;1663.7961
1996;Iceland;1681.4872
1997;Iceland;1706.76
1998;Iceland;1687.3842
1999;Iceland;1667.1659
2000;Iceland;1718.554
2001;Iceland;1729.5055
2002;Iceland;1694.9659
2003;Iceland;1661.2688
2004;Iceland;1668.0083
2005;Iceland;1659.584
2006;Iceland;1649.4749
2007;Iceland;1627.5717
2008;Iceland;1629.2566
2009;Iceland;1549.0085
2010;Iceland;1542.5016
2011;Iceland;1548.2521
2012;Iceland;1523.7321
2013;Iceland;1521.8097
2014;Iceland;1509.6294
2015;Iceland;1509.1685
2016;Iceland;1493.3651
2017;Iceland;1493.3651
1970;India;2077.3308
1971;India;2077.0852
1972;India;2076.5603
1973;India;2074.8291
1974;India;2072.3657
1975;India;2069.9565
1976;India;2067.1599
1977;India;2065.3796
1978;India;2064.4177
1979;India;2064.2246
1980;India;2064.0278
1981;India;2063.623
1982;India;2064.1531
1983;India;2065.1204
1984;India;2066.7083
1985;India;2068.6077
1986;India;2070.5779
1987;India;2072.2705
1988;India;2075.0774
1989;India;2078.1321
1990;India;2078.4795
1991;India;2079.3042
1992;India;2076.9104
1993;India;2075.8694
1994;India;2075.6873
1995;India;2077.0972
1996;India;2079.8303
1997;India;2079.3826
1998;India;2080.7412
1999;India;2082.6938
2000;India;2086.6284
2001;India;2086.7727
2002;India;2088.8936
2003;India;2091.9958
2004;India;2095.7783
2005;India;2096.916
2006;India;2097.0964
2007;India;2098.1213
2008;India;2099.6331
2009;India;2103.5361
2010;India;2110.3926
2011;India;2113.6245
2012;India;2115.7102
2013;India;2117.103
2014;India;2118.0881
2015;India;2117.0117
2016;India;2117.0117
2017;India;2117.0117
1970;Indonesia;1988.0715
1971;Indonesia;1990.318
1972;Indonesia;2020.97
1973;Indonesia;2032.0226
1974;Indonesia;2029.8593
1975;Indonesia;2011.4331
1976;Indonesia;1972.9434
1977;Indonesia;1990.8206
1978;Indonesia;1975.8154
1979;Indonesia;1988.1433
1980;Indonesia;2003.2617
1981;Indonesia;2034.144
1982;Indonesia;2013.3235
1983;Indonesia;2051.5149
1984;Indonesia;2056.8665
1985;Indonesia;2029.0776
1986;Indonesia;1887.9058
1987;Indonesia;1890.0297
1988;Indonesia;1886.1644
1989;Indonesia;1891.3917
1990;Indonesia;1909.3696
1991;Indonesia;1928.2959
1992;Indonesia;1897.3234
1993;Indonesia;1898.6636
1994;Indonesia;1929.7295
1995;Indonesia;1928.0195
1996;Indonesia;1917.2124
1997;Indonesia;1922.9292
1998;Indonesia;1928.8357
1999;Indonesia;1949.5291
2000;Indonesia;1913.0223
2001;Indonesia;1935.4495
2002;Indonesia;1917.7333
2003;Indonesia;1941.8517
2004;Indonesia;1969.0544
2005;Indonesia;1953.516
2006;Indonesia;1965.111
2007;Indonesia;2042.9899
2008;Indonesia;2044.3296
2009;Indonesia;2063.6802
2010;Indonesia;2054.3242
2011;Indonesia;2023.2792
2012;Indonesia;2026.3513
2013;Indonesia;2024.2395
2014;Indonesia;2008.4623
2015;Indonesia;2024.287
2016;Indonesia;2024.287
2017;Indonesia;2024.287
1870;Ireland;3108
1880;Ireland;3017
1890;Ireland;2869
1900;Ireland;2795
1913;Ireland;2690
1929;Ireland;2182
1938;Ireland;2171
1950;Ireland;2419.4111
1951;Ireland;2407.575
1952;Ireland;2395.7969
1953;Ireland;2384.0762
1954;Ireland;2372.4131
1955;Ireland;2360.8069
1956;Ireland;2349.2573
1957;Ireland;2337.7644
1958;Ireland;2326.3279
1959;Ireland;2314.947
1960;Ireland;2303.6221
1961;Ireland;2306.6157
1962;Ireland;2309.6133
1963;Ireland;2312.615
1964;Ireland;2315.6204
1965;Ireland;2318.6296
1966;Ireland;2321.6428
1967;Ireland;2324.6602
1968;Ireland;2327.6812
1969;Ireland;2330.7063
1970;Ireland;2333.7351
1971;Ireland;2316.7312
1972;Ireland;2296.5879
1973;Ireland;2284.031
1974;Ireland;2247.6687
1975;Ireland;2237.7278
1976;Ireland;2232.2344
1977;Ireland;2202.6733
1978;Ireland;2183.0535
1979;Ireland;2161.3406
1980;Ireland;2122.1006
1981;Ireland;2090.7085
1982;Ireland;2083.3838
1983;Ireland;2073.1814
1984;Ireland;2055.1309
1985;Ireland;2062.1941
1986;Ireland;2096.7253
1987;Ireland;2076.0591
1988;Ireland;2084.4302
1989;Ireland;2091.7549
1990;Ireland;2080.2446
1991;Ireland;2045.1902
1992;Ireland;1996.7941
1993;Ireland;1970.111
1994;Ireland;1970.3726
1995;Ireland;1962.0013
1996;Ireland;1953.5992
1997;Ireland;1954.1941
1998;Ireland;1953.1941
1999;Ireland;1941.8829
2000;Ireland;1932.7238
2001;Ireland;1923.5294
2002;Ireland;1904.2762
2003;Ireland;1886.7864
2004;Ireland;1875.256
2005;Ireland;1883.1937
2006;Ireland;1878.813
2007;Ireland;1864.9323
2008;Ireland;1843.8962
2009;Ireland;1811.803
2010;Ireland;1801.2773
2011;Ireland;1702.1769
2012;Ireland;1707.4982
2013;Ireland;1719.5591
2014;Ireland;1731.0465
2015;Ireland;1740.5286
2016;Ireland;1738.7294
2017;Ireland;1745.6843
1981;Israel;1966.0331
1982;Israel;1941.761
1983;Israel;1928.6136
1984;Israel;1931.6477
1985;Israel;1931.6477
1986;Israel;1926.5911
1987;Israel;1920.5231
1988;Israel;1878.047
1989;Israel;1909.3983
1990;Israel;1904.3417
1991;Israel;1897.2623
1992;Israel;1950.863
1993;Israel;1952.8857
1994;Israel;1993.339
1995;Israel;2017.6111
1996;Israel;2035.5391
1997;Israel;2040.4977
1998;Israel;2015.4592
1999;Israel;2023.3385
2000;Israel;2034.7421
2001;Israel;1998.0148
2002;Israel;2015.5543
2003;Israel;1996.8781
2004;Israel;1973.2894
2005;Israel;1965.0957
2006;Israel;1951.7192
2007;Israel;1964.7948
2008;Israel;1960.6504
2009;Israel;1962.0277
2010;Israel;1956.2672
2011;Israel;1946.813
2012;Israel;1918.9104
2013;Israel;1908.5657
2014;Israel;1894.0676
2015;Israel;1895.4574
2016;Israel;1920.6106
2017;Israel;1920.6106
1870;Italy;3000
1880;Italy;3008
1890;Italy;3006
1900;Italy;3014
1913;Italy;2953
1929;Italy;2153
1938;Italy;2162
1950;Italy;2107.2554
1951;Italy;2113.708
1952;Italy;2120.1804
1953;Italy;2126.6726
1954;Italy;2133.1848
1955;Italy;2139.7168
1956;Italy;2146.2688
1957;Italy;2152.8411
1958;Italy;2159.4331
1959;Italy;2166.0457
1960;Italy;2172.6782
1961;Italy;2155.9355
1962;Italy;2106.6707
1963;Italy;2091.877
1964;Italy;2085.7231
1965;Italy;2027.9208
1966;Italy;2046.6244
1967;Italy;2071.1543
1968;Italy;2064.6907
1969;Italy;2063.5681
1970;Italy;2042.2288
1971;Italy;1989.7507
1972;Italy;1970.8881
1973;Italy;1954.6459
1974;Italy;1924.0708
1975;Italy;1908.549
1976;Italy;1906.4534
1977;Italy;1871.6073
1978;Italy;1861.5642
1979;Italy;1855.0286
1980;Italy;1856.0651
1981;Italy;1862.3245
1982;Italy;1873.733
1983;Italy;1873.0464
1984;Italy;1862.6731
1985;Italy;1859.1587
1986;Italy;1867.5593
1987;Italy;1886.6825
1988;Italy;1890.4023
1989;Italy;1874.5634
1990;Italy;1863.8346
1991;Italy;1856.8695
1992;Italy;1860.0026
1993;Italy;1859.8804
1994;Italy;1853.8326
1995;Italy;1856.0868
1996;Italy;1866.1272
1997;Italy;1860.113
1998;Italy;1873.7856
1999;Italy;1870.3572
2000;Italy;1850.8062
2001;Italy;1837.7606
2002;Italy;1826.5938
2003;Italy;1815.7974
2004;Italy;1815.3416
2005;Italy;1812.0552
2006;Italy;1812.5823
2007;Italy;1818.1526
2008;Italy;1807.0319
2009;Italy;1775.6611
2010;Italy;1777.2737
2011;Italy;1773.2565
2012;Italy;1734.1747
2013;Italy;1719.5074
2014;Italy;1717.1372
2015;Italy;1717.9958
2016;Italy;1724.4153
2017;Italy;1722.6113
1986;Jamaica;1864.8246
1987;Jamaica;1893.6748
1988;Jamaica;1914.9969
1989;Jamaica;1972.9108
1990;Jamaica;1938.2228
1991;Jamaica;1947.975
1992;Jamaica;1963.4525
1993;Jamaica;1951.1327
1994;Jamaica;1958.8782
1995;Jamaica;1948.525
1996;Jamaica;1969.2648
1997;Jamaica;1963.9474
1998;Jamaica;1999.2107
1999;Jamaica;1983.4503
2000;Jamaica;1963.4492
2001;Jamaica;1970.6368
2002;Jamaica;1965.5664
1950;Japan;2030.4137
1951;Japan;2012.9907
1952;Japan;1995.7172
1953;Japan;1978.5918
1954;Japan;2008.9454
1955;Japan;2034.5164
1956;Japan;2084.9668
1957;Japan;2108.0427
1958;Japan;2133.1448
1959;Japan;2156.2446
1960;Japan;2172.8989
1961;Japan;2175.3137
1962;Japan;2152.7
1963;Japan;2146.3276
1964;Japan;2153.5291
1965;Japan;2135.1223
1966;Japan;2142.9473
1967;Japan;2156.571
1968;Japan;2160.3401
1969;Japan;2147.0117
1970;Japan;2137.2173
1971;Japan;2129.2954
1972;Japan;2131.6648
1973;Japan;2117.5442
1974;Japan;2058.7163
1975;Japan;2030.2618
1976;Japan;2057.5
1977;Japan;2064.0063
1978;Japan;2067.9878
1979;Japan;2072.7031
1980;Japan;2073.9438
1981;Japan;2068.8276
1982;Japan;2068.6187
1983;Japan;2074.8601
1984;Japan;2089.2798
1985;Japan;2076.7673
1986;Japan;2078.4951
1987;Japan;2083.9683
1988;Japan;2080.4377
1989;Japan;2061.3616
1990;Japan;2028.4187
1991;Japan;2010.7419
1992;Japan;1962.1306
1993;Japan;1926.7769
1994;Japan;1909.1
1995;Japan;1911.6
1996;Japan;1914.8
1997;Japan;1887.1
1998;Japan;1866.5
1999;Japan;1850.9
2000;Japan;1858.5
2001;Japan;1843.1
2002;Japan;1830.6
2003;Japan;1834.2
2004;Japan;1841.5
2005;Japan;1827.8
2006;Japan;1836
2007;Japan;1826.5
2008;Japan;1807.3
2009;Japan;1757.2
2010;Japan;1777.8
2011;Japan;1772.7
2012;Japan;1782.9
2013;Japan;1761.5
2014;Japan;1756.5
2015;Japan;1750.9
2016;Japan;1742
2017;Japan;1738.3633
1995;Latvia;1975.9082
1996;Latvia;1975.8959
1997;Latvia;1975.9169
1998;Latvia;1975.9045
1999;Latvia;1975.9008
2000;Latvia;1975.7949
2001;Latvia;1987.1439
2002;Latvia;1937.8738
2003;Latvia;1927.734
2004;Latvia;1878.3942
2005;Latvia;1905.5121
2006;Latvia;1906.8286
2007;Latvia;1878.2091
2008;Latvia;2002.2491
2009;Latvia;1952.2241
2010;Latvia;1935.1354
2011;Latvia;1951.8978
2012;Latvia;1934.2838
2013;Latvia;1927.7461
2014;Latvia;1938.4757
2015;Latvia;1901.7413
2016;Latvia;1902.4856
2017;Latvia;1874.5979
1995;Lithuania;1729.3558
1996;Lithuania;1727.0402
1997;Lithuania;1732.694
1998;Lithuania;1779.5939
1999;Lithuania;1726.0139
2000;Lithuania;1846.2274
2001;Lithuania;1831.2194
2002;Lithuania;1802.1711
2003;Lithuania;1785.8864
2004;Lithuania;1878.5562
2005;Lithuania;1878.9719
2006;Lithuania;1874.2102
2007;Lithuania;1903.7567
2008;Lithuania;1933.5715
2009;Lithuania;1862.9437
2010;Lithuania;1884.2866
2011;Lithuania;1858.8728
2012;Lithuania;1857.2939
2013;Lithuania;1841.2473
2014;Lithuania;1833.5299
2015;Lithuania;1859.4974
2016;Lithuania;1885.0089
2017;Lithuania;1844.0171
1970;Luxembourg;1845.8361
1971;Luxembourg;1842.3248
1972;Luxembourg;1821.7426
1973;Luxembourg;1792.4818
1974;Luxembourg;1768.983
1975;Luxembourg;1741.355
1976;Luxembourg;1757.8225
1977;Luxembourg;1732.7194
1978;Luxembourg;1715.1189
1979;Luxembourg;1698.5089
1980;Luxembourg;1682.3013
1981;Luxembourg;1658.0519
1982;Luxembourg;1640.4119
1983;Luxembourg;1634.7815
1984;Luxembourg;1621.1965
1985;Luxembourg;1634.8575
1986;Luxembourg;1626.6595
1987;Luxembourg;1624.8335
1988;Luxembourg;1644.8755
1989;Luxembourg;1633.9436
1990;Luxembourg;1633.9415
1991;Luxembourg;1616.6366
1992;Luxembourg;1595.6875
1993;Luxembourg;1602.0656
1994;Luxembourg;1581.1226
1995;Luxembourg;1592.6145
1996;Luxembourg;1599.5625
1997;Luxembourg;1598.037
1998;Luxembourg;1593.3136
1999;Luxembourg;1591.7571
2000;Luxembourg;1602.2155
2001;Luxembourg;1585.72
2002;Luxembourg;1580.6825
2003;Luxembourg;1578.9333
2004;Luxembourg;1577.8783
2005;Luxembourg;1549.8424
2006;Luxembourg;1552.2755
2007;Luxembourg;1566.2959
2008;Luxembourg;1566.969
2009;Luxembourg;1516.4703
2010;Luxembourg;1516.4979
2011;Luxembourg;1515.0692
2012;Luxembourg;1508.0867
2013;Luxembourg;1502.6809
2014;Luxembourg;1508.2611
2015;Luxembourg;1521.0288
2016;Luxembourg;1519.5106
2017;Luxembourg;1518.8575
1970;Malaysia;2258.9963
1971;Malaysia;2260.5723
1972;Malaysia;2262.1729
1973;Malaysia;2263.8052
1974;Malaysia;2265.4771
1975;Malaysia;2267.1948
1976;Malaysia;2269.095
1977;Malaysia;2270.9912
1978;Malaysia;2272.8708
1979;Malaysia;2274.7268
1980;Malaysia;2276.562
1981;Malaysia;2277.6987
1982;Malaysia;2278.4895
1983;Malaysia;2277.4053
1984;Malaysia;2283.334
1985;Malaysia;2279.4492
1986;Malaysia;2272.2869
1987;Malaysia;2273.1543
1988;Malaysia;2271.488
1989;Malaysia;2279.645
1990;Malaysia;2283.2698
1991;Malaysia;2290.6899
1992;Malaysia;2298.1726
1993;Malaysia;2299.5669
1994;Malaysia;2299.925
1995;Malaysia;2300.3152
1996;Malaysia;2300.7361
1997;Malaysia;2305.6272
1998;Malaysia;2302.7126
1999;Malaysia;2304.0952
2000;Malaysia;2303.3127
2001;Malaysia;2306.7595
2002;Malaysia;2334.0334
2003;Malaysia;2324.4751
2004;Malaysia;2318.8247
2005;Malaysia;2361.2639
2006;Malaysia;2349.0852
2007;Malaysia;2324.4524
2008;Malaysia;2298.3066
2009;Malaysia;2306.564
2010;Malaysia;2290.2117
2011;Malaysia;2285.8323
2012;Malaysia;2268.6323
2013;Malaysia;2240.9502
2014;Malaysia;2249.6169
2015;Malaysia;2238.2729
2016;Malaysia;2238.2729
2017;Malaysia;2238.2729
1994;Malta;2258.4878
1995;Malta;2257.2898
1996;Malta;2250.3857
1997;Malta;2252.865
1998;Malta;2277.3828
1999;Malta;2254.384
2000;Malta;2251.1816
2001;Malta;2159.3369
2002;Malta;2216.6877
2003;Malta;2191.6677
2004;Malta;2091.1963
2005;Malta;2157.9136
2006;Malta;2162.856
2007;Malta;2153.3037
2008;Malta;2162.9739
2009;Malta;2168.4038
2010;Malta;2110.2021
2011;Malta;2052.0757
2012;Malta;2027.42
2013;Malta;2008.3445
2014;Malta;1976.5052
2015;Malta;1964.5587
2016;Malta;2031.9048
2017;Malta;2040.0317
1950;Mexico;2431.7302
1951;Mexico;2431.2783
1952;Mexico;2430.8264
1953;Mexico;2430.3748
1954;Mexico;2429.9231
1955;Mexico;2429.4714
1956;Mexico;2429.0198
1957;Mexico;2428.5684
1958;Mexico;2428.1169
1959;Mexico;2427.6658
1960;Mexico;2427.2146
1961;Mexico;2417.5605
1962;Mexico;2407.9448
1963;Mexico;2398.3674
1964;Mexico;2388.8281
1965;Mexico;2379.3269
1966;Mexico;2369.8633
1967;Mexico;2360.4373
1968;Mexico;2351.0488
1969;Mexico;2341.6978
1970;Mexico;2332.3838
1971;Mexico;2330.5007
1972;Mexico;2328.6191
1973;Mexico;2326.7393
1974;Mexico;2325.123
1975;Mexico;2323.5081
1976;Mexico;2321.894
1977;Mexico;2320.2815
1978;Mexico;2318.6697
1979;Mexico;2317.0593
1980;Mexico;2315.4497
1981;Mexico;2316.4517
1982;Mexico;2317.4539
1983;Mexico;2318.4563
1984;Mexico;2319.4595
1985;Mexico;2320.4629
1986;Mexico;2321.4668
1987;Mexico;2322.4712
1988;Mexico;2323.4761
1989;Mexico;2324.4812
1990;Mexico;2325.6104
1991;Mexico;2319.2534
1992;Mexico;2312.9143
1993;Mexico;2306.5923
1994;Mexico;2294
1995;Mexico;2294
1996;Mexico;2314
1997;Mexico;2322
1998;Mexico;2291
1999;Mexico;2306
2000;Mexico;2311
2001;Mexico;2285
2002;Mexico;2271
2003;Mexico;2277
2004;Mexico;2271
2005;Mexico;2290
2006;Mexico;2278
2007;Mexico;2260
2008;Mexico;2264
2009;Mexico;2255
2010;Mexico;2254
2011;Mexico;2248
2012;Mexico;2239
2013;Mexico;2244
2014;Mexico;2242
2015;Mexico;2248
2016;Mexico;2255
2017;Mexico;2255
1970;Myanmar;2451.2358
1971;Myanmar;2451.0273
1972;Myanmar;2450.8252
1973;Myanmar;2450.6233
1974;Myanmar;2449.9067
1975;Myanmar;2449.1809
1976;Myanmar;2448.3887
1977;Myanmar;2447.6335
1978;Myanmar;2446.9165
1979;Myanmar;2446.2368
1980;Myanmar;2445.5898
1981;Myanmar;2444.5784
1982;Myanmar;2443.6143
1983;Myanmar;2442.689
1984;Myanmar;2443.3994
1985;Myanmar;2444.1794
1986;Myanmar;2445.1855
1987;Myanmar;2446.2239
1988;Myanmar;2447.2898
1989;Myanmar;2448.3792
1990;Myanmar;2449.4873
1991;Myanmar;2449.9634
1992;Myanmar;2449.3638
1993;Myanmar;2448.7241
1994;Myanmar;2448.0374
1995;Myanmar;2447.2981
1996;Myanmar;2446.9963
1997;Myanmar;2446.6213
1998;Myanmar;2446.1975
1999;Myanmar;2445.7458
2000;Myanmar;2445.2773
2001;Myanmar;2444.8813
2002;Myanmar;2444.4875
2003;Myanmar;2444.0911
2004;Myanmar;2443.6851
2005;Myanmar;2443.2632
2006;Myanmar;2442.7166
2007;Myanmar;2442.1189
2008;Myanmar;2441.4534
2009;Myanmar;2440.6943
2010;Myanmar;2439.7983
2011;Myanmar;2439.4463
2012;Myanmar;2439.0742
2013;Myanmar;2438.6584
2014;Myanmar;2438.1577
2015;Myanmar;2437.8633
2016;Myanmar;2437.8633
2017;Myanmar;2437.8633
1870;Netherlands;3274
1880;Netherlands;3194
1890;Netherlands;3105
1900;Netherlands;3037
1913;Netherlands;2942
1929;Netherlands;2233
1938;Netherlands;2281
1950;Netherlands;1993.9949
1951;Netherlands;1979.3413
1952;Netherlands;1964.7954
1953;Netherlands;1950.3564
1954;Netherlands;1936.0237
1955;Netherlands;1921.7961
1956;Netherlands;1907.6732
1957;Netherlands;1893.6541
1958;Netherlands;1879.7379
1959;Netherlands;1865.9241
1960;Netherlands;1852.2117
1961;Netherlands;1850.542
1962;Netherlands;1848.8738
1963;Netherlands;1847.2072
1964;Netherlands;1845.542
1965;Netherlands;1843.8783
1966;Netherlands;1842.2162
1967;Netherlands;1840.5555
1968;Netherlands;1838.8964
1969;Netherlands;1875.0446
1970;Netherlands;1835.5825
1971;Netherlands;1802.0966
1972;Netherlands;1800.3485
1973;Netherlands;1773.9435
1974;Netherlands;1720.4615
1975;Netherlands;1667.3665
1976;Netherlands;1651.4924
1977;Netherlands;1631.2665
1978;Netherlands;1602.7205
1979;Netherlands;1581.2885
1980;Netherlands;1578.3605
1981;Netherlands;1577.8354
1982;Netherlands;1563.3324
1983;Netherlands;1548.4104
1984;Netherlands;1540.2925
1985;Netherlands;1523.8414
1986;Netherlands;1508.9044
1987;Netherlands;1487.6425
1988;Netherlands;1484.4354
1989;Netherlands;1479.6885
1990;Netherlands;1473.8715
1991;Netherlands;1464.7715
1992;Netherlands;1471.1754
1993;Netherlands;1460.8594
1994;Netherlands;1468.4915
1995;Netherlands;1479.2355
1996;Netherlands;1494.4548
1997;Netherlands;1480.0753
1998;Netherlands;1476.3424
1999;Netherlands;1475.2928
2000;Netherlands;1462.0212
2001;Netherlands;1451.8977
2002;Netherlands;1434.8143
2003;Netherlands;1426.554
2004;Netherlands;1447.5278
2005;Netherlands;1433.5756
2006;Netherlands;1430.4602
2007;Netherlands;1429.7458
2008;Netherlands;1430.0443
2009;Netherlands;1421.9767
2010;Netherlands;1421.3412
2011;Netherlands;1422.4435
2012;Netherlands;1413.1395
2013;Netherlands;1417.5695
2014;Netherlands;1428.8756
2015;Netherlands;1423.9202
2016;Netherlands;1436.729
2017;Netherlands;1430.0229
1970;New Zealand;1900.6941
1971;New Zealand;1896.7161
1972;New Zealand;1892.9427
1973;New Zealand;1889.1609
1974;New Zealand;1885.3789
1975;New Zealand;1881.6034
1976;New Zealand;1877.8325
1977;New Zealand;1874.0708
1978;New Zealand;1870.369
1979;New Zealand;1866.3364
1980;New Zealand;1864.4515
1981;New Zealand;1861.2894
1982;New Zealand;1846.8429
1983;New Zealand;1844.5219
1984;New Zealand;1852.9146
1985;New Zealand;1837.2321
1986;New Zealand;1834
1987;New Zealand;1838
1988;New Zealand;1829
1989;New Zealand;1820
1990;New Zealand;1809
1991;New Zealand;1792
1992;New Zealand;1799
1993;New Zealand;1853
1994;New Zealand;1848
1995;New Zealand;1841
1996;New Zealand;1834
1997;New Zealand;1826
1998;New Zealand;1829
1999;New Zealand;1845
2000;New Zealand;1836
2001;New Zealand;1825
2002;New Zealand;1826
2003;New Zealand;1823
2004;New Zealand;1830
2005;New Zealand;1815
2006;New Zealand;1795
2007;New Zealand;1774
2008;New Zealand;1761
2009;New Zealand;1740
2010;New Zealand;1755
2011;New Zealand;1746
2012;New Zealand;1734
2013;New Zealand;1752
2014;New Zealand;1762
2015;New Zealand;1757
2016;New Zealand;1752
2017;New Zealand;1752
2010;Nigeria;1996.6565
2011;Nigeria;1984.2125
2012;Nigeria;1880.9844
2013;Nigeria;1893.6323
2014;Nigeria;1909.653
2015;Nigeria;1703.4781
2016;Nigeria;1827.2401
2017;Nigeria;1827.2401
1950;Norway;2129.4849
1951;Norway;2118.7014
1952;Norway;2107.9727
1953;Norway;2097.2981
1954;Norway;2086.6777
1955;Norway;2076.1111
1956;Norway;2065.5979
1957;Norway;2055.1379
1958;Norway;2044.7311
1959;Norway;2034.3768
1960;Norway;2024.075
1961;Norway;2009.3054
1962;Norway;1994.6438
1963;Norway;1985.6454
1964;Norway;1995.6436
1965;Norway;1950.6516
1966;Norway;1951.6514
1967;Norway;1935.6543
1968;Norway;1896.6613
1969;Norway;1848.6698
1970;Norway;1834.6724
1971;Norway;1812.6763
1972;Norway;1779.6821
1973;Norway;1765.6847
1974;Norway;1744.6884
1975;Norway;1727.6914
1976;Norway;1674.0947
1977;Norway;1637.9404
1978;Norway;1601.4917
1979;Norway;1580.1366
1980;Norway;1579.7845
1981;Norway;1569.9088
1982;Norway;1558.481
1983;Norway;1553.8071
1984;Norway;1548.6146
1985;Norway;1542.6471
1986;Norway;1538.2059
1987;Norway;1510.6976
1988;Norway;1513.5641
1989;Norway;1510.8329
1990;Norway;1502.6711
1991;Norway;1500.4907
1992;Norway;1510.3245
1993;Norway;1506.5886
1994;Norway;1504.5739
1995;Norway;1487.7358
1996;Norway;1482.2007
1997;Norway;1477.5382
1998;Norway;1475.7112
1999;Norway;1474.8483
2000;Norway;1456.4656
2001;Norway;1430.8419
2002;Norway;1416.3457
2003;Norway;1404.5042
2004;Norway;1423.8383
2005;Norway;1427.7825
2006;Norway;1425.226
2007;Norway;1434.3196
2008;Norway;1438.6703
2009;Norway;1416.8906
2010;Norway;1426.4763
2011;Norway;1430.038
2012;Norway;1428.465
2013;Norway;1417.9874
2014;Norway;1420.2477
2015;Norway;1422.5608
2016;Norway;1429.0883
2017;Norway;1417.4723
1970;Pakistan;2215.5176
1971;Pakistan;2256.3687
1972;Pakistan;2204.0798
1973;Pakistan;2238.2603
1974;Pakistan;2270.1731
1975;Pakistan;2308.2813
1976;Pakistan;2265.5247
1977;Pakistan;2220.8157
1978;Pakistan;2176.0486
1979;Pakistan;2130.6965
1980;Pakistan;2143.271
1981;Pakistan;2125.9895
1982;Pakistan;2129.3101
1983;Pakistan;2132.9883
1984;Pakistan;2140.3125
1985;Pakistan;2157.97
1986;Pakistan;2164.0027
1987;Pakistan;2134.238
1988;Pakistan;2108.9004
1989;Pakistan;2138.9285
1990;Pakistan;2167.2649
1991;Pakistan;2205.8513
1992;Pakistan;2202.4463
1993;Pakistan;2233.5469
1994;Pakistan;2195.5017
1995;Pakistan;2217.4604
1996;Pakistan;2211.9167
1997;Pakistan;2199.7478
1998;Pakistan;2177.5776
1999;Pakistan;2179.28
2000;Pakistan;2186.4368
2001;Pakistan;2178.7424
2002;Pakistan;2169.9292
2003;Pakistan;2184.9133
2004;Pakistan;2176.8701
2005;Pakistan;2164.6743
2006;Pakistan;2131.4966
2007;Pakistan;2135.8044
2008;Pakistan;2128.708
2009;Pakistan;2109.1353
2010;Pakistan;2127.9233
2011;Pakistan;2114.8743
2012;Pakistan;2101.45
2013;Pakistan;2088.7529
2014;Pakistan;2095.2488
2015;Pakistan;2096.1443
2016;Pakistan;2096.1443
2017;Pakistan;2096.1443
1950;Peru;2157
1951;Peru;2151.7302
1952;Peru;2146.4736
1953;Peru;2141.2297
1954;Peru;2135.9985
1955;Peru;2130.78
1956;Peru;2125.5745
1957;Peru;2120.3816
1958;Peru;2115.2014
1959;Peru;2110.0339
1960;Peru;2104.8789
1961;Peru;2099.7366
1962;Peru;2094.6069
1963;Peru;2089.4897
1964;Peru;2084.385
1965;Peru;2079.2927
1966;Peru;2074.2129
1967;Peru;2069.1455
1968;Peru;2064.0906
1969;Peru;2059.0479
1970;Peru;2054.0173
1971;Peru;2048.9993
1972;Peru;2043.9935
1973;Peru;2039
1974;Peru;2032.4211
1975;Peru;2025.8635
1976;Peru;2019.327
1977;Peru;2012.8116
1978;Peru;2006.3173
1979;Peru;1999.8439
1980;Peru;1993.3912
1981;Peru;1986.9596
1982;Peru;1980.5486
1983;Peru;1974.1583
1984;Peru;1967.7887
1985;Peru;1961.4396
1986;Peru;1955.111
1987;Peru;1948.8027
1988;Peru;1942.5149
1989;Peru;1936.2473
1990;Peru;1930
1991;Peru;1928.9998
1992;Peru;1928
1993;Peru;1927.6665
1994;Peru;1927.3331
1995;Peru;1926.9998
1996;Peru;1926.6664
1997;Peru;1926.3331
1998;Peru;1926
1999;Peru;1890.957
2000;Peru;2005.0114
2001;Peru;1982.5784
2002;Peru;2003.0768
2003;Peru;1985.3206
2004;Peru;1974.6361
2005;Peru;1956.4169
2006;Peru;1968.9254
2007;Peru;1989.0568
2008;Peru;1989.981
2009;Peru;1960.8812
2010;Peru;1926.2219
2011;Peru;1923.7831
2012;Peru;1923.4186
2013;Peru;1919.1624
2014;Peru;1904.4829
2015;Peru;1932.4581
2016;Peru;1932.4581
2017;Peru;1932.4581
1970;Philippines;2113.6689
1971;Philippines;2116.4604
1972;Philippines;2118.3684
1973;Philippines;2109.4307
1974;Philippines;2120.0684
1975;Philippines;2124.2627
1976;Philippines;2124.6768
1977;Philippines;2161.4109
1978;Philippines;2136.6262
1979;Philippines;2135.6489
1980;Philippines;2134.4941
1981;Philippines;2135.5039
1982;Philippines;2131.0586
1983;Philippines;2141.8547
1984;Philippines;2172.7959
1985;Philippines;2174.2009
1986;Philippines;2171.3867
1987;Philippines;2179.793
1988;Philippines;2188.2681
1989;Philippines;2197.3484
1990;Philippines;2191.7815
1991;Philippines;2176.1108
1992;Philippines;2175.9771
1993;Philippines;2135.9644
1994;Philippines;2149.8604
1995;Philippines;2129.8364
1996;Philippines;2094.2141
1997;Philippines;2098.4424
1998;Philippines;2091.7673
1999;Philippines;2081.3909
2000;Philippines;2086.844
2001;Philippines;2079.7271
2002;Philippines;2061.2661
2003;Philippines;2077.873
2004;Philippines;2084.7686
2005;Philippines;2103.6121
2006;Philippines;2077.9478
2007;Philippines;2093.1072
2008;Philippines;2113.2456
2009;Philippines;2117.425
2010;Philippines;2124.781
2011;Philippines;2126.8171
2012;Philippines;2132.0334
2013;Philippines;2141.512
2014;Philippines;2143.2434
2015;Philippines;2148.5645
2016;Philippines;2148.5645
2017;Philippines;2148.5645
1993;Poland;2070.8213
1994;Poland;2084.6243
1995;Poland;2081.9163
1996;Poland;2082.0403
1997;Poland;2081.8833
1998;Poland;2081.8135
1999;Poland;2079.9983
2000;Poland;2081.6973
2001;Poland;2083.6909
2002;Poland;2078.4751
2003;Poland;2084.1721
2004;Poland;2084.5327
2005;Poland;2079.0483
2006;Poland;2080.5796
2007;Poland;2077.6145
2008;Poland;2069.6001
2009;Poland;2054
2010;Poland;2048.8
2011;Poland;2043.6
2012;Poland;2038.4
2013;Poland;2034.7546
2014;Poland;2041.3219
2015;Poland;2049.009
2016;Poland;2050.3591
2017;Poland;2028.4952
1950;Portugal;2399.4299
1951;Portugal;2384.1846
1952;Portugal;2369.0359
1953;Portugal;2353.9834
1954;Portugal;2339.0269
1955;Portugal;2324.165
1956;Portugal;2309.3977
1957;Portugal;2294.7244
1958;Portugal;2280.1443
1959;Portugal;2265.6565
1960;Portugal;2251.261
1961;Portugal;2238.8623
1962;Portugal;2226.5317
1963;Portugal;2214.269
1964;Portugal;2202.074
1965;Portugal;2189.946
1966;Portugal;2177.885
1967;Portugal;2165.8904
1968;Portugal;2153.9617
1969;Portugal;2142.0986
1970;Portugal;2097.2881
1971;Portugal;2097.0461
1972;Portugal;2096.6499
1973;Portugal;2095.2966
1974;Portugal;2105.0916
1975;Portugal;2105.2266
1976;Portugal;2100.8796
1977;Portugal;2101.811
1978;Portugal;2087.2092
1979;Portugal;2072.2349
1980;Portugal;2053.4819
1981;Portugal;2036.1785
1982;Portugal;2016.1331
1983;Portugal;1998.1772
1984;Portugal;1981.213
1985;Portugal;1966.8304
1986;Portugal;1954.4536
1987;Portugal;1969.7723
1988;Portugal;1949.9332
1989;Portugal;1978.3394
1990;Portugal;1967.8943
1991;Portugal;1888.8375
1992;Portugal;1871.9889
1993;Portugal;1859.4235
1994;Portugal;1855.101
1995;Portugal;1893.4019
1996;Portugal;1894.422
1997;Portugal;1889.6281
1998;Portugal;1905.3082
1999;Portugal;1907.0874
2000;Portugal;1916.8097
2001;Portugal;1900.4532
2002;Portugal;1893.5931
2003;Portugal;1886.6373
2004;Portugal;1892.8103
2005;Portugal;1894.8535
2006;Portugal;1882.9833
2007;Portugal;1899.9846
2008;Portugal;1886.8917
2009;Portugal;1887.0959
2010;Portugal;1889.7576
2011;Portugal;1866.5815
2012;Portugal;1849.0493
2013;Portugal;1859.1348
2014;Portugal;1866.8982
2015;Portugal;1874.9194
2016;Portugal;1864.5854
2017;Portugal;1863.1744
1995;Romania;1822.6454
1996;Romania;1861.4635
1997;Romania;1860.5239
1998;Romania;1859.1493
1999;Romania;1850.0447
2000;Romania;1852.999
2001;Romania;1852.4805
2002;Romania;1867.1761
2003;Romania;1837.0599
2004;Romania;1845.963
2005;Romania;1852.9121
2006;Romania;1869.286
2007;Romania;1878.15
2008;Romania;1878.428
2009;Romania;1867.8512
2010;Romania;1860.6654
2011;Romania;1893.7997
2012;Romania;1811.5428
2013;Romania;1806.4569
2014;Romania;1792.5336
2015;Romania;1785.6711
2016;Romania;1792.7908
2017;Romania;1805.9998
1992;Russia;1933
1993;Russia;1939
1994;Russia;1895
1995;Russia;1891
1996;Russia;1894
1997;Russia;1951
1998;Russia;1946
1999;Russia;1964
2000;Russia;1982
2001;Russia;1980
2002;Russia;1982
2003;Russia;1993
2004;Russia;1993
2005;Russia;1989
2006;Russia;1998
2007;Russia;1999
2008;Russia;1997
2009;Russia;1974
2010;Russia;1976
2011;Russia;1979
2012;Russia;1982
2013;Russia;1980
2014;Russia;1985
2015;Russia;1978
2016;Russia;1974
2017;Russia;1974
1985;Saint Lucia;1959.8116
1986;Saint Lucia;1943.3939
1987;Saint Lucia;1924.8438
1988;Saint Lucia;1898.2477
1989;Saint Lucia;1880.4877
1990;Saint Lucia;1881.7997
1991;Saint Lucia;1897.3466
1992;Saint Lucia;1928.8988
1993;Saint Lucia;1995.7933
1994;Saint Lucia;1962.6689
1995;Saint Lucia;1986.1134
1996;Saint Lucia;1972.0729
1997;Saint Lucia;2011.2849
1998;Saint Lucia;1972.3011
1999;Saint Lucia;1997.7997
2000;Saint Lucia;1979.1416
2001;Saint Lucia;1981.8158
1960;Singapore;2296.9849
1961;Singapore;2291.8755
1962;Singapore;2286.7776
1963;Singapore;2281.6909
1964;Singapore;2276.6155
1965;Singapore;2271.5513
1966;Singapore;2266.4985
1967;Singapore;2261.457
1968;Singapore;2256.4265
1969;Singapore;2251.4075
1970;Singapore;2246.3994
1971;Singapore;2246.3452
1972;Singapore;2246.262
1973;Singapore;2246.1865
1974;Singapore;2246.1814
1975;Singapore;2225.8064
1976;Singapore;2250.8242
1977;Singapore;2198.7766
1978;Singapore;2198.0557
1979;Singapore;2174.7175
1980;Singapore;2182.9209
1981;Singapore;2208.874
1982;Singapore;2215.0676
1983;Singapore;2220.1228
1984;Singapore;2229.2292
1985;Singapore;2189.9102
1986;Singapore;2222.7244
1987;Singapore;2252.5029
1988;Singapore;2265.7773
1989;Singapore;2322.6218
1990;Singapore;2326.9338
1991;Singapore;2346.3354
1992;Singapore;2349.8481
1993;Singapore;2375.0393
1994;Singapore;2390.9065
1995;Singapore;2403.967
1996;Singapore;2424.0986
1997;Singapore;2437.7629
1998;Singapore;2425.8899
1999;Singapore;2446.3804
2000;Singapore;2463.3818
2001;Singapore;2443.5063
2002;Singapore;2435.3835
2003;Singapore;2440.1726
2004;Singapore;2407.2163
2005;Singapore;2407.3508
2006;Singapore;2399.0986
2007;Singapore;2378.3054
2008;Singapore;2370.7432
2009;Singapore;2335.3806
2010;Singapore;2373.0669
2011;Singapore;2330.0723
2012;Singapore;2337.4866
2013;Singapore;2328.0503
2014;Singapore;2290.3225
2015;Singapore;2263.1465
2016;Singapore;2252.5857
2017;Singapore;2237.7263
1990;Slovakia;1827.6455
1991;Slovakia;1827.7343
1992;Slovakia;1827.675
1993;Slovakia;1827.8033
1994;Slovakia;1827.4283
1995;Slovakia;1853.0483
1996;Slovakia;1819.6322
1997;Slovakia;1829.9979
1998;Slovakia;1821.8607
1999;Slovakia;1816.2406
2000;Slovakia;1815.6061
2001;Slovakia;1800.7356
2002;Slovakia;1754.074
2003;Slovakia;1697.5651
2004;Slovakia;1741.9944
2005;Slovakia;1769.4879
2006;Slovakia;1774.454
2007;Slovakia;1791.201
2008;Slovakia;1793.3569
2009;Slovakia;1780.3383
2010;Slovakia;1805.1501
2011;Slovakia;1793.0127
2012;Slovakia;1789.0425
2013;Slovakia;1771.6141
2014;Slovakia;1759.6132
2015;Slovakia;1754.0863
2016;Slovakia;1740.0107
2017;Slovakia;1745.2307
1995;Slovenia;1755.3971
1996;Slovenia;1727.4915
1997;Slovenia;1714.797
1998;Slovenia;1727.9677
1999;Slovenia;1729.6924
2000;Slovenia;1710.0972
2001;Slovenia;1695.8896
2002;Slovenia;1720.5181
2003;Slovenia;1723.8251
2004;Slovenia;1736.5703
2005;Slovenia;1696.6035
2006;Slovenia;1667.4508
2007;Slovenia;1654.9396
2008;Slovenia;1673.6466
2009;Slovenia;1678.7506
2010;Slovenia;1680.1403
2011;Slovenia;1663.1636
2012;Slovenia;1644.5905
2013;Slovenia;1662.4053
2014;Slovenia;1681.9049
2015;Slovenia;1687.8574
2016;Slovenia;1666.9202
2017;Slovenia;1655.089
2001;South Africa;2376.3381
2002;South Africa;2382.7659
2003;South Africa;2318.6794
2004;South Africa;2342.2734
2005;South Africa;2399.4282
2006;South Africa;2315.748
2007;South Africa;2322.1228
2008;South Africa;2284.2344
2009;South Africa;2249.3083
2010;South Africa;2235.7429
2011;South Africa;2254.5857
2012;South Africa;2224.1082
2013;South Africa;2211.9863
2014;South Africa;2209.0916
2015;South Africa;2209.0916
2016;South Africa;2209.0916
2017;South Africa;2209.0916
1953;South Korea;2304.5479
1954;South Korea;2325.1472
1955;South Korea;2345.9309
1956;South Korea;2366.9004
1957;South Korea;2388.0574
1958;South Korea;2409.4033
1959;South Korea;2430.9402
1960;South Korea;2452.6694
1961;South Korea;2474.593
1962;South Korea;2496.7126
1963;South Korea;2519.03
1964;South Korea;2439.4817
1965;South Korea;2545.5459
1966;South Korea;2529.6362
1967;South Korea;2561.4556
1968;South Korea;2609.1846
1969;South Korea;2667.52
1970;South Korea;2561.4556
1971;South Korea;2625.0942
1972;South Korea;2688.7329
1973;South Korea;2736.4619
1974;South Korea;2789.4941
1975;South Korea;2810.707
1976;South Korea;2895.5586
1977;South Korea;2863.7393
1978;South Korea;2895.5586
1979;South Korea;2879.6489
1980;South Korea;2863.7393
1981;South Korea;2879.7378
1982;South Korea;2892.7366
1983;South Korea;2910.7349
1984;South Korea;2906.7354
1985;South Korea;2881.7375
1986;South Korea;2910.7349
1987;South Korea;2879.7378
1988;South Korea;2833.7419
1989;South Korea;2730.7515
1990;South Korea;2676.7563
1991;South Korea;2660.7578
1992;South Korea;2638.7598
1993;South Korea;2655.6575
1994;South Korea;2640.1453
1995;South Korea;2647.2344
1996;South Korea;2636.5608
1997;South Korea;2580.8613
1998;South Korea;2485.8723
1999;South Korea;2492.0903
2000;South Korea;2509.2881
2001;South Korea;2495.9204
2002;South Korea;2454.8811
2003;South Korea;2423.6482
2004;South Korea;2391.532
2005;South Korea;2351.3191
2006;South Korea;2345.9138
2007;South Korea;2306.1985
2008;South Korea;2212.9114
2009;South Korea;2168.053
2010;South Korea;2157.0649
2011;South Korea;2127.1472
2012;South Korea;2103.2305
2013;South Korea;2094.2297
2014;South Korea;2069.3149
2015;South Korea;2076.2959
2016;South Korea;2063.3315
2017;South Korea;2063.3315
1870;Spain;2968
1880;Spain;2876
1890;Spain;2787
1900;Spain;2710
1913;Spain;2601
1929;Spain;2342
1938;Spain;2030
1950;Spain;2208.7041
1951;Spain;2204.5266
1952;Spain;2200.4651
1953;Spain;2196.5059
1954;Spain;2213.5598
1955;Spain;2195.4749
1956;Spain;2179.343
1957;Spain;2164.2705
1958;Spain;2149.6418
1959;Spain;2139.0928
1960;Spain;2129.8408
1961;Spain;2111.5886
1962;Spain;2094.3887
1963;Spain;2077.4646
1964;Spain;2031.7472
1965;Spain;2024.0238
1966;Spain;2025.4124
1967;Spain;2034.2599
1968;Spain;1996.5132
1969;Spain;1988.2668
1970;Spain;1996.2207
1971;Spain;1996.3376
1972;Spain;1992.1937
1973;Spain;1980.3586
1974;Spain;1986.5297
1975;Spain;1996.3567
1976;Spain;2006.4636
1977;Spain;2000.2756
1978;Spain;1973.4487
1979;Spain;1929.3617
1980;Spain;1917.9247
1981;Spain;1884.1837
1982;Spain;1862.4357
1983;Spain;1830.6687
1984;Spain;1786.1127
1985;Spain;1776.2207
1986;Spain;1768.2877
1987;Spain;1760.3707
1988;Spain;1756.3987
1989;Spain;1744.4807
1990;Spain;1746.4478
1991;Spain;1755.3497
1992;Spain;1747.4857
1993;Spain;1739.5718
1994;Spain;1738.5277
1995;Spain;1738.8168
1996;Spain;1740.2025
1997;Spain;1742.4939
1998;Spain;1750.9642
1999;Spain;1756.0535
2000;Spain;1752.7551
2001;Spain;1762.5
2002;Spain;1764.574
2003;Spain;1755.9388
2004;Spain;1741.507
2005;Spain;1725.6006
2006;Spain;1715.6556
2007;Spain;1703.4878
2008;Spain;1712.5524
2009;Spain;1719.6741
2010;Spain;1710.3958
2011;Spain;1715.5109
2012;Spain;1701.1927
2013;Spain;1693.5347
2014;Spain;1694.5872
2015;Spain;1699.4991
2016;Spain;1701.3669
2017;Spain;1686.4973
1970;Sri Lanka;1894.261
1971;Sri Lanka;1893.8901
1972;Sri Lanka;1893.8713
1973;Sri Lanka;1893.9866
1974;Sri Lanka;1894.1637
1975;Sri Lanka;1894.3438
1976;Sri Lanka;1894.2008
1977;Sri Lanka;1949.3335
1978;Sri Lanka;1953.4127
1979;Sri Lanka;1957.5671
1980;Sri Lanka;1961.8099
1981;Sri Lanka;1969.6782
1982;Sri Lanka;1972.9618
1983;Sri Lanka;1986.3512
1984;Sri Lanka;1966.2671
1985;Sri Lanka;1893.4132
1986;Sri Lanka;1956.422
1987;Sri Lanka;1962.3741
1988;Sri Lanka;1968.3154
1989;Sri Lanka;1974.3776
1990;Sri Lanka;1980.6451
1991;Sri Lanka;1997.9506
1992;Sri Lanka;2001.6265
1993;Sri Lanka;2017.4285
1994;Sri Lanka;1961.7678
1995;Sri Lanka;1943.4845
1996;Sri Lanka;1936.9487
1997;Sri Lanka;1894.8599
1998;Sri Lanka;1910.4878
1999;Sri Lanka;1932.7937
2000;Sri Lanka;2000.7396
2001;Sri Lanka;1975.6603
2002;Sri Lanka;1812.2015
2003;Sri Lanka;1733.8713
2004;Sri Lanka;1856.2976
2005;Sri Lanka;1887.6925
2006;Sri Lanka;1835.4296
2007;Sri Lanka;1861.298
2008;Sri Lanka;1823.991
2009;Sri Lanka;1810.6287
2010;Sri Lanka;1872.3361
2011;Sri Lanka;1993.5437
2012;Sri Lanka;2052.9392
2013;Sri Lanka;1896.4591
2014;Sri Lanka;1926.2461
2015;Sri Lanka;1923.9354
2016;Sri Lanka;1923.9354
2017;Sri Lanka;1923.9354
1870;Sweden;3436
1880;Sweden;3187
1890;Sweden;2937
1900;Sweden;2745
1913;Sweden;2745
1929;Sweden;2152
1938;Sweden;2131
1950;Sweden;1989.3108
1951;Sweden;1980.4301
1952;Sweden;1980.4301
1953;Sweden;1960.6948
1954;Sweden;1971.5492
1955;Sweden;1960.6948
1956;Sweden;1936.0258
1957;Sweden;1936.0258
1958;Sweden;1904.4493
1959;Sweden;1878.7936
1960;Sweden;1873.8597
1961;Sweden;1875.8333
1962;Sweden;1863.9922
1963;Sweden;1858.0715
1964;Sweden;1827.4819
1965;Sweden;1816.6276
1966;Sweden;1802.813
1967;Sweden;1772.2234
1968;Sweden;1729.7926
1969;Sweden;1707.097
1970;Sweden;1707.097
1971;Sweden;1675.2631
1972;Sweden;1635.7161
1973;Sweden;1620.2201
1974;Sweden;1601.4701
1975;Sweden;1577.8241
1976;Sweden;1590.8451
1977;Sweden;1560.8611
1978;Sweden;1523.1381
1979;Sweden;1513.863
1980;Sweden;1516.8071
1981;Sweden;1508.4111
1982;Sweden;1522.5421
1983;Sweden;1531.8391
1984;Sweden;1534.0171
1985;Sweden;1538.0541
1986;Sweden;1536.0721
1987;Sweden;1546.1901
1988;Sweden;1565.7601
1989;Sweden;1564.6121
1990;Sweden;1560.9371
1991;Sweden;1547.6721
1992;Sweden;1565.2802
1993;Sweden;1596.9991
1994;Sweden;1635.2219
1995;Sweden;1640.3448
1996;Sweden;1653.0409
1997;Sweden;1657.969
1998;Sweden;1656.319
1999;Sweden;1664.8116
2000;Sweden;1642.0825
2001;Sweden;1618.2073
2002;Sweden;1594.8739
2003;Sweden;1581.5632
2004;Sweden;1605.5105
2005;Sweden;1605.0636
2006;Sweden;1599.1272
2007;Sweden;1611.4955
2008;Sweden;1616.8645
2009;Sweden;1609.1475
2010;Sweden;1635.0068
2011;Sweden;1632.517
2012;Sweden;1618.3754
2013;Sweden;1608.7183
2014;Sweden;1609.4229
2015;Sweden;1610.072
2016;Sweden;1626.4591
2017;Sweden;1609.2896
1870;Switzerland;3195
1880;Switzerland;3083
1890;Switzerland;2925
1900;Switzerland;2834
1913;Switzerland;2704
1929;Switzerland;2281
1938;Switzerland;2085
1950;Switzerland;2039.9952
1951;Switzerland;2032.3508
1952;Switzerland;2024.7351
1953;Switzerland;2017.1479
1954;Switzerland;2009.5891
1955;Switzerland;2002.0587
1956;Switzerland;1994.5564
1957;Switzerland;1987.0823
1958;Switzerland;1979.6362
1959;Switzerland;1972.218
1960;Switzerland;1964.8275
1961;Switzerland;1967.6351
1962;Switzerland;1970.4468
1963;Switzerland;1973.2623
1964;Switzerland;1976.082
1965;Switzerland;1978.9056
1966;Switzerland;1981.7334
1967;Switzerland;1984.5652
1968;Switzerland;1987.401
1969;Switzerland;1990.2408
1970;Switzerland;1993.0847
1971;Switzerland;1982.7787
1972;Switzerland;1958.4653
1973;Switzerland;1931.6665
1974;Switzerland;1902.8224
1975;Switzerland;1894.04
1976;Switzerland;1890.9156
1977;Switzerland;1863.4858
1978;Switzerland;1849.0386
1979;Switzerland;1836.3763
1980;Switzerland;1821.8396
1981;Switzerland;1802.5231
1982;Switzerland;1791.4211
1983;Switzerland;1776.668
1984;Switzerland;1757.5706
1985;Switzerland;1751.3289
1986;Switzerland;1742.7521
1987;Switzerland;1741.4824
1988;Switzerland;1740.955
1989;Switzerland;1725.7891
1990;Switzerland;1716.2208
1991;Switzerland;1713.7753
1992;Switzerland;1723.1902
1993;Switzerland;1719.4904
1994;Switzerland;1741.3113
1995;Switzerland;1720.2662
1996;Switzerland;1696.8719
1997;Switzerland;1687.4536
1998;Switzerland;1695.5345
1999;Switzerland;1717.401
2000;Switzerland;1712.743
2001;Switzerland;1672.8507
2002;Switzerland;1651.2583
2003;Switzerland;1664.5405
2004;Switzerland;1694.9532
2005;Switzerland;1689.9702
2006;Switzerland;1679.2384
2007;Switzerland;1668.87
2008;Switzerland;1659.459
2009;Switzerland;1650.7788
2010;Switzerland;1624.3464
2011;Switzerland;1619.3169
2012;Switzerland;1603.2313
2013;Switzerland;1582.8923
2014;Switzerland;1575.3215
2015;Switzerland;1589.4751
2016;Switzerland;1589.6758
2017;Switzerland;1589.6758
1951;Taiwan;2374.0693
1952;Taiwan;2371.8262
1953;Taiwan;2369.585
1954;Taiwan;2367.3459
1955;Taiwan;2365.1091
1956;Taiwan;2362.8743
1957;Taiwan;2360.6416
1958;Taiwan;2358.4111
1959;Taiwan;2356.1829
1960;Taiwan;2353.9563
1961;Taiwan;2351.7322
1962;Taiwan;2349.51
1963;Taiwan;2347.29
1964;Taiwan;2345.072
1965;Taiwan;2342.8562
1966;Taiwan;2340.6426
1967;Taiwan;2338.4309
1968;Taiwan;2336.2214
1969;Taiwan;2334.0139
1970;Taiwan;2331.8086
1971;Taiwan;2330.8506
1972;Taiwan;2326.832
1973;Taiwan;2321.9348
1974;Taiwan;2324.6641
1975;Taiwan;2322.5195
1976;Taiwan;2317.8567
1977;Taiwan;2310.4609
1978;Taiwan;2303.0276
1979;Taiwan;2336.6174
1980;Taiwan;2313.9087
1981;Taiwan;2310.124
1982;Taiwan;2269.4377
1983;Taiwan;2254.772
1984;Taiwan;2254.2988
1985;Taiwan;2244.3638
1986;Taiwan;2242.9446
1987;Taiwan;2276.5342
1988;Taiwan;2250.5142
1989;Taiwan;2231.5903
1990;Taiwan;2230.644
1991;Taiwan;2217.8704
1992;Taiwan;2220.2358
1993;Taiwan;2240.5791
1994;Taiwan;2184.7539
1995;Taiwan;2224.4939
1996;Taiwan;2198.0005
1997;Taiwan;2141.229
1998;Taiwan;2192.3232
1999;Taiwan;2190.4309
2000;Taiwan;2180.4958
2001;Taiwan;2125.6169
2002;Taiwan;2111.8972
2003;Taiwan;2117.1011
2004;Taiwan;2135.552
2005;Taiwan;2127.5093
2006;Taiwan;2134.6057
2007;Taiwan;2129.8748
2008;Taiwan;2073.5764
2009;Taiwan;2054.1794
2010;Taiwan;2062.6953
2011;Taiwan;2052.7603
2012;Taiwan;2066.9531
2013;Taiwan;2062.2222
2014;Taiwan;2059.0552
2015;Taiwan;2057.2129
2016;Taiwan;1989.1476
2017;Taiwan;1990.3212
1970;Thailand;2455.3882
1971;Thailand;2455.3594
1972;Thailand;2352.2505
1973;Thailand;2471.6731
1974;Thailand;2489.0171
1975;Thailand;2461.7449
1976;Thailand;2457.4976
1977;Thailand;2453.686
1978;Thailand;2528.9993
1979;Thailand;2619.8672
1980;Thailand;2710.0938
1981;Thailand;2632.8503
1982;Thailand;2348.6577
1983;Thailand;2682.0732
1984;Thailand;2700.7273
1985;Thailand;2672.2749
1986;Thailand;2671.416
1987;Thailand;2625.6653
1988;Thailand;2648.564
1989;Thailand;2715.4182
1990;Thailand;2579.7546
1991;Thailand;2627.6155
1992;Thailand;2643.4509
1993;Thailand;2564.5964
1994;Thailand;2614.2803
1995;Thailand;2609.0884
1996;Thailand;2555.252
1997;Thailand;2485.231
1998;Thailand;2533.8186
1999;Thailand;2498.4678
2000;Thailand;2502.5249
2001;Thailand;2404.644
2002;Thailand;2393.9397
2003;Thailand;2383.6968
2004;Thailand;2389.0415
2005;Thailand;2337.9712
2006;Thailand;2325.6384
2007;Thailand;2329.801
2008;Thailand;2342.0806
2009;Thailand;2354.0847
2010;Thailand;2349.2905
2011;Thailand;2357.5569
2012;Thailand;2312.438
2013;Thailand;2273.4939
2014;Thailand;2247.321
2015;Thailand;2185.4456
2016;Thailand;2185.4456
2017;Thailand;2185.4456
1991;Trinidad and Tobago;1585.0601
1992;Trinidad and Tobago;1564.7506
1993;Trinidad and Tobago;1580.2424
1994;Trinidad and Tobago;1591.5376
1995;Trinidad and Tobago;1602.2916
1996;Trinidad and Tobago;1618.5393
1997;Trinidad and Tobago;1627.1366
1998;Trinidad and Tobago;1630.5153
1999;Trinidad and Tobago;1636.525
2000;Trinidad and Tobago;1663.8954
2001;Trinidad and Tobago;1668.0447
2002;Trinidad and Tobago;1634.8004
1970;Turkey;2086
1971;Turkey;2077
1972;Turkey;2069
1973;Turkey;2060
1974;Turkey;2044
1975;Turkey;2028
1976;Turkey;2012
1977;Turkey;1996
1978;Turkey;1980
1979;Turkey;1964
1980;Turkey;1957
1981;Turkey;1950
1982;Turkey;1943
1983;Turkey;1935
1984;Turkey;1871
1985;Turkey;1898
1986;Turkey;1883
1987;Turkey;1844
1988;Turkey;1837
1989;Turkey;1867
1990;Turkey;1866
1991;Turkey;1870
1992;Turkey;1897
1993;Turkey;1917
1994;Turkey;1886
1995;Turkey;1876
1996;Turkey;1892
1997;Turkey;1878
1998;Turkey;1884
1999;Turkey;1925
2000;Turkey;1937
2001;Turkey;1942
2002;Turkey;1943
2003;Turkey;1943
2004;Turkey;1918
2005;Turkey;1936
2006;Turkey;1944
2007;Turkey;1911
2008;Turkey;1900
2009;Turkey;1881
2010;Turkey;1877
2011;Turkey;1864
2012;Turkey;1855
2013;Turkey;1832
2014;Turkey;1832
2015;Turkey;1832
2016;Turkey;1832
2017;Turkey;1832
1870;United Kingdom;2755
1880;United Kingdom;2740
1890;United Kingdom;2669
1900;United Kingdom;2656
1913;United Kingdom;2656
1929;United Kingdom;2257
1938;United Kingdom;2200
1950;United Kingdom;2183.9436
1951;United Kingdom;2192.6638
1952;United Kingdom;2160.8586
1953;United Kingdom;2164.7798
1954;United Kingdom;2168.9309
1955;United Kingdom;2167.363
1956;United Kingdom;2153.7795
1957;United Kingdom;2132.2522
1958;United Kingdom;2102.4534
1959;United Kingdom;2112.238
1960;United Kingdom;2103.5837
1961;United Kingdom;2066.811
1962;United Kingdom;2029.0448
1963;United Kingdom;2020.5967
1964;United Kingdom;2020.8336
1965;United Kingdom;1997.568
1966;United Kingdom;1941.6097
1967;United Kingdom;1929.5275
1968;United Kingdom;1922.2015
1969;United Kingdom;1912.6047
1970;United Kingdom;1870.8944
1971;United Kingdom;1830.1425
1972;United Kingdom;1851.3665
1973;United Kingdom;1860.2523
1974;United Kingdom;1845.297
1975;United Kingdom;1814.0796
1976;United Kingdom;1807.0242
1977;United Kingdom;1816.9293
1978;United Kingdom;1818.0375
1979;United Kingdom;1815.493
1980;United Kingdom;1785.3964
1981;United Kingdom;1749.12
1982;United Kingdom;1745.4192
1983;United Kingdom;1739.5485
1984;United Kingdom;1745.7526
1985;United Kingdom;1748.0818
1986;United Kingdom;1742.7368
1987;United Kingdom;1747.5668
1988;United Kingdom;1754.7257
1989;United Kingdom;1758.5569
1990;United Kingdom;1745.9441
1991;United Kingdom;1720.5466
1992;United Kingdom;1714.3304
1993;United Kingdom;1710.316
1994;United Kingdom;1720.5905
1995;United Kingdom;1722.6252
1996;United Kingdom;1722.0925
1997;United Kingdom;1721.1954
1998;United Kingdom;1716.9994
1999;United Kingdom;1708.6104
2000;United Kingdom;1692.954
2001;United Kingdom;1695.9764
2002;United Kingdom;1678.5614
2003;United Kingdom;1669.3804
2004;United Kingdom;1666.7157
2005;United Kingdom;1669.7372
2006;United Kingdom;1663.9857
2007;United Kingdom;1665.8214
2008;United Kingdom;1660.4688
2009;United Kingdom;1638.3318
2010;United Kingdom;1643.2079
2011;United Kingdom;1641.3157
2012;United Kingdom;1655.1066
2013;United Kingdom;1665.8917
2014;United Kingdom;1672.2679
2015;United Kingdom;1669.0747
2016;United Kingdom;1668.3876
2017;United Kingdom;1670.2728
1870;United States;3096
1880;United States;3044
1890;United States;2983
1900;United States;2938
1913;United States;2900
1929;United States;2316
1938;United States;1756
1950;United States;1989.238
1951;United States;2030.5599
1952;United States;2026.7347
1953;United States;2020.25
1954;United States;1997.0837
1955;United States;2004.5018
1956;United States;1989.365
1957;United States;1961.5238
1958;United States;1927.5476
1959;United States;1952.8529
1960;United States;1934.2875
1961;United States;1919.7972
1962;United States;1939.2451
1963;United States;1927.4596
1964;United States;1933.1255
1965;United States;1952.99
1966;United States;1961.7112
1967;United States;1938.9489
1968;United States;1935.2845
1969;United States;1935.9679
1970;United States;1891.412
1971;United States;1875.6472
1972;United States;1873.3199
1973;United States;1871.6733
1974;United States;1843.8124
1975;United States;1812.4165
1976;United States;1808.4502
1977;United States;1808.5083
1978;United States;1814.8193
1979;United States;1817.1194
1980;United States;1801.3328
1981;United States;1788.8071
1982;United States;1771.0435
1983;United States;1779.0808
1984;United States;1794.722
1985;United States;1800.7004
1986;United States;1780.5117
1987;United States;1787.9778
1988;United States;1797.7433
1989;United States;1809.9222
1990;United States;1795.5515
1991;United States;1787.2532
1992;United States;1775.0881
1993;United States;1790.0741
1994;United States;1807.9658
1995;United States;1817.5757
1996;United States;1823.6223
1997;United States;1828.6818
1998;United States;1839.5144
1999;United States;1841.6412
2000;United States;1844.9187
2001;United States;1823.8229
2002;United States;1806.9037
2003;United States;1791.0933
2004;United States;1789.9679
2005;United States;1787.311
2006;United States;1787.5776
2007;United States;1786.0842
2008;United States;1767.0127
2009;United States;1729.9553
2010;United States;1736.095
2011;United States;1745.0492
2012;United States;1745.438
2013;United States;1750.0786
2014;United States;1754.4224
2015;United States;1765.1826
2016;United States;1760.796
2017;United States;1757.2255
1990;Uruguay;1788
1991;Uruguay;1781.501
1992;Uruguay;1775.0256
1993;Uruguay;1768.5737
1994;Uruguay;1762.1454
1995;Uruguay;1755.7404
1996;Uruguay;1749.3585
1997;Uruguay;1743
1998;Uruguay;1736.6646
1999;Uruguay;1722
2000;Uruguay;1704.0769
2001;Uruguay;1672.7721
2002;Uruguay;1635.8788
2003;Uruguay;1612.8038
2004;Uruguay;1638.4481
2005;Uruguay;1628.0012
2006;Uruguay;1622.7958
2007;Uruguay;1608.918
2008;Uruguay;1623.9033
2009;Uruguay;1595.3755
2010;Uruguay;1590.4384
2011;Uruguay;1585.9154
2012;Uruguay;1571.8634
2013;Uruguay;1566.2067
2014;Uruguay;1562.999
2015;Uruguay;1552.347
2016;Uruguay;1552.347
2017;Uruguay;1552.347
1950;Venezuela;2179
1951;Venezuela;2162.9802
1952;Venezuela;2147.0784
1953;Venezuela;2131.2932
1954;Venezuela;2115.6243
1955;Venezuela;2100.0706
1956;Venezuela;2084.6311
1957;Venezuela;2069.3052
1958;Venezuela;2054.0918
1959;Venezuela;2038.9904
1960;Venezuela;2024
1961;Venezuela;2016.5787
1962;Venezuela;2009.1847
1963;Venezuela;2001.8177
1964;Venezuela;1994.4778
1965;Venezuela;1987.1648
1966;Venezuela;1979.8787
1967;Venezuela;1972.6191
1968;Venezuela;1965.3862
1969;Venezuela;1958.1799
1970;Venezuela;1951
1971;Venezuela;1955.6555
1972;Venezuela;1960.3223
1973;Venezuela;1965
1974;Venezuela;1969.5398
1975;Venezuela;1974.0902
1976;Venezuela;1978.651
1977;Venezuela;1983.2224
1978;Venezuela;1987.8043
1979;Venezuela;1992.3969
1980;Venezuela;1997
1981;Venezuela;1985.9822
1982;Venezuela;1975.0251
1983;Venezuela;1964.1285
1984;Venezuela;1953.2921
1985;Venezuela;1942.5154
1986;Venezuela;1931.7982
1987;Venezuela;1921.1401
1988;Venezuela;1910.5408
1989;Venezuela;1900
1990;Venezuela;1889
1991;Venezuela;1878.4707
1992;Venezuela;1868
1993;Venezuela;1888.8833
1994;Venezuela;1910
1995;Venezuela;1915.2285
1996;Venezuela;1920.4713
1997;Venezuela;1925.7284
1998;Venezuela;1931
1999;Venezuela;1886.8966
2000;Venezuela;1898.5117
2001;Venezuela;1869.4724
2002;Venezuela;1829.0203
2003;Venezuela;1801.2109
2004;Venezuela;1896.6949
2005;Venezuela;1922.8501
1970;Vietnam;2617.082
1971;Vietnam;2618.4055
1972;Vietnam;2619.8298
1973;Vietnam;2620.6924
1974;Vietnam;2621.9473
1975;Vietnam;2622.2305
1976;Vietnam;2623.5054
1977;Vietnam;2625.7358
1978;Vietnam;2626.2886
1979;Vietnam;2627.8647
1980;Vietnam;2629.6807
1981;Vietnam;2631.8984
1982;Vietnam;2633.2598
1983;Vietnam;2634.9053
1984;Vietnam;2637.0962
1985;Vietnam;2638.3945
1986;Vietnam;2637.0444
1987;Vietnam;2640.365
1988;Vietnam;2641.1133
1989;Vietnam;2641.7573
1990;Vietnam;2643.469
1991;Vietnam;2644.7563
1992;Vietnam;2646.5408
1993;Vietnam;2647.239
1994;Vietnam;2648.5125
1995;Vietnam;2648.729
1996;Vietnam;2648.8669
1997;Vietnam;2317.3438
1998;Vietnam;2362.4314
1999;Vietnam;2362.1404
2000;Vietnam;2393.6313
2001;Vietnam;2246.991
2002;Vietnam;2230.7598
2003;Vietnam;2254.8853
2004;Vietnam;2207.4919
2005;Vietnam;2191.7068
2006;Vietnam;2240.8411
2007;Vietnam;2241.1814
2008;Vietnam;2336.6824
2009;Vietnam;2405.3545
2010;Vietnam;2300.02
2011;Vietnam;2331.2832
2012;Vietnam;2310.541
2013;Vietnam;2267.4883
2014;Vietnam;2150.6357
2015;Vietnam;2169.5916
2016;Vietnam;2169.5916
2017;Vietnam;2169.5916
