,Country,year,cat
0,Afghanistan,2004,8.916666666666666
1,Afghanistan,2005,0.0
2,Afghanistan,2006,8.333333333333334
3,Afghanistan,2007,0.16666666666666666
4,Afghanistan,2008,0.75
5,Afghanistan,2009,0.0
6,Afghanistan,2010,0.16666666666666666
7,Afghanistan,2011,0.16666666666666666
8,Afghanistan,2012,0.08333333333333333
9,Afghanistan,2013,0.16666666666666666
10,Afghanistan,2014,0.08333333333333333
11,Afghanistan,2015,0.08333333333333333
12,Afghanistan,2016,0.0
13,Afghanistan,2017,0.08333333333333333
14,Afghanistan,2018,0.08333333333333333
15,Afghanistan,2019,0.16666666666666666
16,Afghanistan,2020,0.0
17,Albania,2004,24.0
18,Albania,2005,8.333333333333334
19,Albania,2006,15.666666666666666
20,Albania,2007,2.8333333333333335
21,Albania,2008,7.666666666666667
22,Albania,2009,2.9166666666666665
23,Albania,2010,4.5
24,Albania,2011,1.8333333333333333
25,Albania,2012,12.166666666666666
26,Albania,2013,2.9166666666666665
27,Albania,2014,7.583333333333333
28,Albania,2015,3.25
29,Albania,2016,2.9166666666666665
30,Albania,2017,3.5
31,Albania,2018,7.75
32,Albania,2019,2.5833333333333335
33,Albania,2020,3.0833333333333335
34,Algeria,2004,35.333333333333336
35,Algeria,2005,47.833333333333336
36,Algeria,2006,26.916666666666668
37,Algeria,2007,59.083333333333336
38,Algeria,2008,33.5
39,Algeria,2009,30.75
40,Algeria,2010,37.0
41,Algeria,2011,44.916666666666664
42,Algeria,2012,28.583333333333332
43,Algeria,2013,33.833333333333336
44,Algeria,2014,24.25
45,Algeria,2015,34.583333333333336
46,Algeria,2016,31.25
47,Algeria,2017,32.916666666666664
48,Algeria,2018,24.5
49,Algeria,2019,35.083333333333336
50,Algeria,2020,30.25
51,American Samoa,2004,11.583333333333334
52,American Samoa,2005,4.5
53,American Samoa,2006,10.083333333333334
54,American Samoa,2007,0.3333333333333333
55,American Samoa,2008,4.416666666666667
56,American Samoa,2009,2.6666666666666665
57,American Samoa,2010,1.0833333333333333
58,American Samoa,2011,0.3333333333333333
59,American Samoa,2012,7.25
60,American Samoa,2013,9.833333333333334
61,American Samoa,2014,0.5833333333333334
62,American Samoa,2015,0.0
63,American Samoa,2016,0.5
64,American Samoa,2017,0.5833333333333334
65,American Samoa,2018,6.333333333333333
66,American Samoa,2019,0.0
67,American Samoa,2020,0.16666666666666666
68,Andorra,2004,12.75
69,Andorra,2005,2.1666666666666665
70,Andorra,2006,14.916666666666666
71,Andorra,2007,1.5833333333333333
72,Andorra,2008,3.9166666666666665
73,Andorra,2009,3.0833333333333335
74,Andorra,2010,6.333333333333333
75,Andorra,2011,6.5
76,Andorra,2012,10.083333333333334
77,Andorra,2013,4.5
78,Andorra,2014,7.916666666666667
79,Andorra,2015,6.75
80,Andorra,2016,8.833333333333334
81,Andorra,2017,4.416666666666667
82,Andorra,2018,7.166666666666667
83,Andorra,2019,8.083333333333334
84,Andorra,2020,7.416666666666667
85,Angola,2004,19.75
86,Angola,2005,5.583333333333333
87,Angola,2006,16.0
88,Angola,2007,3.1666666666666665
89,Angola,2008,10.833333333333334
90,Angola,2009,5.916666666666667
91,Angola,2010,16.166666666666668
92,Angola,2011,1.75
93,Angola,2012,10.833333333333334
94,Angola,2013,1.0833333333333333
95,Angola,2014,1.8333333333333333
96,Angola,2015,4.25
97,Angola,2016,0.9166666666666666
98,Angola,2017,4.166666666666667
99,Angola,2018,1.6666666666666667
100,Angola,2019,2.25
101,Angola,2020,2.4166666666666665
102,Anguilla,2004,14.5
103,Anguilla,2005,0.0
104,Anguilla,2006,12.75
105,Anguilla,2007,1.5833333333333333
106,Anguilla,2008,1.0
107,Anguilla,2009,0.0
108,Anguilla,2010,0.0
109,Anguilla,2011,1.75
110,Anguilla,2012,9.25
111,Anguilla,2013,1.0
112,Anguilla,2014,0.08333333333333333
113,Anguilla,2015,0.4166666666666667
114,Anguilla,2016,3.0833333333333335
115,Anguilla,2017,0.08333333333333333
116,Anguilla,2018,1.0833333333333333
117,Anguilla,2019,2.5
118,Anguilla,2020,2.25
119,Antigua & Barbuda,2004,4.0
120,Antigua & Barbuda,2005,15.25
121,Antigua & Barbuda,2006,10.583333333333334
122,Antigua & Barbuda,2007,13.25
123,Antigua & Barbuda,2008,3.25
124,Antigua & Barbuda,2009,6.916666666666667
125,Antigua & Barbuda,2010,1.5833333333333333
126,Antigua & Barbuda,2011,11.833333333333334
127,Antigua & Barbuda,2012,7.583333333333333
128,Antigua & Barbuda,2013,5.0
129,Antigua & Barbuda,2014,4.666666666666667
130,Antigua & Barbuda,2015,4.833333333333333
131,Antigua & Barbuda,2016,3.1666666666666665
132,Antigua & Barbuda,2017,5.416666666666667
133,Antigua & Barbuda,2018,6.916666666666667
134,Antigua & Barbuda,2019,14.5
135,Antigua & Barbuda,2020,4.583333333333333
136,Argentina,2004,34.666666666666664
137,Argentina,2005,31.666666666666668
138,Argentina,2006,33.333333333333336
139,Argentina,2007,28.0
140,Argentina,2008,33.25
141,Argentina,2009,31.5
142,Argentina,2010,36.583333333333336
143,Argentina,2011,32.0
144,Argentina,2012,36.25
145,Argentina,2013,38.5
146,Argentina,2014,37.333333333333336
147,Argentina,2015,39.166666666666664
148,Argentina,2016,40.5
149,Argentina,2017,44.416666666666664
150,Argentina,2018,39.75
151,Argentina,2019,41.583333333333336
152,Argentina,2020,40.166666666666664
153,Armenia,2004,8.333333333333334
154,Armenia,2005,8.333333333333334
155,Armenia,2006,19.416666666666668
156,Armenia,2007,5.25
157,Armenia,2008,7.666666666666667
158,Armenia,2009,14.75
159,Armenia,2010,7.916666666666667
160,Armenia,2011,1.6666666666666667
161,Armenia,2012,3.5
162,Armenia,2013,8.333333333333334
163,Armenia,2014,8.5
164,Armenia,2015,2.5
165,Armenia,2016,8.0
166,Armenia,2017,7.583333333333333
167,Armenia,2018,11.416666666666666
168,Armenia,2019,3.0
169,Armenia,2020,8.916666666666666
170,Aruba,2004,10.583333333333334
171,Aruba,2005,6.5
172,Aruba,2006,14.833333333333334
173,Aruba,2007,3.5833333333333335
174,Aruba,2008,8.333333333333334
175,Aruba,2009,8.166666666666666
176,Aruba,2010,9.083333333333334
177,Aruba,2011,5.083333333333333
178,Aruba,2012,2.0
179,Aruba,2013,2.0
180,Aruba,2014,2.8333333333333335
181,Aruba,2015,5.25
182,Aruba,2016,2.3333333333333335
183,Aruba,2017,3.5
184,Aruba,2018,10.416666666666666
185,Aruba,2019,2.75
186,Aruba,2020,2.0
187,Australia,2004,45.833333333333336
188,Australia,2005,45.5
189,Australia,2006,44.666666666666664
190,Australia,2007,45.583333333333336
191,Australia,2008,43.666666666666664
192,Australia,2009,43.666666666666664
193,Australia,2010,43.166666666666664
194,Australia,2011,45.916666666666664
195,Australia,2012,46.583333333333336
196,Australia,2013,47.416666666666664
197,Australia,2014,48.5
198,Australia,2015,51.083333333333336
199,Australia,2016,50.833333333333336
200,Australia,2017,51.666666666666664
201,Australia,2018,52.916666666666664
202,Australia,2019,55.666666666666664
203,Australia,2020,55.583333333333336
204,Austria,2004,62.833333333333336
205,Austria,2005,65.16666666666667
206,Austria,2006,64.16666666666667
207,Austria,2007,68.33333333333333
208,Austria,2008,60.0
209,Austria,2009,63.583333333333336
210,Austria,2010,64.41666666666667
211,Austria,2011,63.583333333333336
212,Austria,2012,65.0
213,Austria,2013,62.916666666666664
214,Austria,2014,69.0
215,Austria,2015,74.83333333333333
216,Austria,2016,72.33333333333333
217,Austria,2017,75.25
218,Austria,2018,70.41666666666667
219,Austria,2019,76.41666666666667
220,Austria,2020,73.5
221,Azerbaijan,2004,8.333333333333334
222,Azerbaijan,2005,11.25
223,Azerbaijan,2006,7.916666666666667
224,Azerbaijan,2007,17.583333333333332
225,Azerbaijan,2008,18.5
226,Azerbaijan,2009,13.083333333333334
227,Azerbaijan,2010,26.583333333333332
228,Azerbaijan,2011,20.0
229,Azerbaijan,2012,20.5
230,Azerbaijan,2013,23.5
231,Azerbaijan,2014,32.833333333333336
232,Azerbaijan,2015,26.666666666666668
233,Azerbaijan,2016,28.083333333333332
234,Azerbaijan,2017,27.75
235,Azerbaijan,2018,20.916666666666668
236,Azerbaijan,2019,28.333333333333332
237,Azerbaijan,2020,22.083333333333332
238,Bahamas,2004,19.0
239,Bahamas,2005,37.5
240,Bahamas,2006,23.25
241,Bahamas,2007,32.0
242,Bahamas,2008,27.333333333333332
243,Bahamas,2009,22.75
244,Bahamas,2010,40.0
245,Bahamas,2011,23.416666666666668
246,Bahamas,2012,21.916666666666668
247,Bahamas,2013,26.916666666666668
248,Bahamas,2014,21.416666666666668
249,Bahamas,2015,24.666666666666668
250,Bahamas,2016,26.583333333333332
251,Bahamas,2017,33.916666666666664
252,Bahamas,2018,27.666666666666668
253,Bahamas,2019,23.75
254,Bahamas,2020,24.666666666666668
255,Bahrain,2004,22.416666666666668
256,Bahrain,2005,25.583333333333332
257,Bahrain,2006,25.833333333333332
258,Bahrain,2007,33.166666666666664
259,Bahrain,2008,29.416666666666668
260,Bahrain,2009,29.416666666666668
261,Bahrain,2010,21.5
262,Bahrain,2011,33.25
263,Bahrain,2012,32.583333333333336
264,Bahrain,2013,30.083333333333332
265,Bahrain,2014,31.75
266,Bahrain,2015,30.5
267,Bahrain,2016,30.666666666666668
268,Bahrain,2017,34.083333333333336
269,Bahrain,2018,31.916666666666668
270,Bahrain,2019,43.166666666666664
271,Bahrain,2020,44.333333333333336
272,Bangladesh,2004,19.083333333333332
273,Bangladesh,2005,12.75
274,Bangladesh,2006,8.583333333333334
275,Bangladesh,2007,10.833333333333334
276,Bangladesh,2008,13.166666666666666
277,Bangladesh,2009,6.75
278,Bangladesh,2010,10.166666666666666
279,Bangladesh,2011,8.0
280,Bangladesh,2012,10.166666666666666
281,Bangladesh,2013,9.333333333333334
282,Bangladesh,2014,16.166666666666668
283,Bangladesh,2015,12.916666666666666
284,Bangladesh,2016,9.75
285,Bangladesh,2017,11.333333333333334
286,Bangladesh,2018,16.0
287,Bangladesh,2019,10.416666666666666
288,Bangladesh,2020,11.0
289,Barbados,2004,5.166666666666667
290,Barbados,2005,13.916666666666666
291,Barbados,2006,2.25
292,Barbados,2007,19.25
293,Barbados,2008,13.666666666666666
294,Barbados,2009,6.5
295,Barbados,2010,4.833333333333333
296,Barbados,2011,15.916666666666666
297,Barbados,2012,9.333333333333334
298,Barbados,2013,16.0
299,Barbados,2014,6.5
300,Barbados,2015,11.833333333333334
301,Barbados,2016,11.416666666666666
302,Barbados,2017,9.25
303,Barbados,2018,10.916666666666666
304,Barbados,2019,13.916666666666666
305,Barbados,2020,12.416666666666666
306,Belarus,2004,17.833333333333332
307,Belarus,2005,6.25
308,Belarus,2006,10.0
309,Belarus,2007,6.083333333333333
310,Belarus,2008,8.75
311,Belarus,2009,12.583333333333334
312,Belarus,2010,10.416666666666666
313,Belarus,2011,6.333333333333333
314,Belarus,2012,6.0
315,Belarus,2013,4.416666666666667
316,Belarus,2014,5.916666666666667
317,Belarus,2015,6.666666666666667
318,Belarus,2016,6.583333333333333
319,Belarus,2017,7.5
320,Belarus,2018,4.833333333333333
321,Belarus,2019,6.0
322,Belarus,2020,8.583333333333334
323,Belgium,2004,48.166666666666664
324,Belgium,2005,45.916666666666664
325,Belgium,2006,49.0
326,Belgium,2007,48.0
327,Belgium,2008,44.583333333333336
328,Belgium,2009,44.583333333333336
329,Belgium,2010,46.333333333333336
330,Belgium,2011,48.166666666666664
331,Belgium,2012,50.333333333333336
332,Belgium,2013,49.416666666666664
333,Belgium,2014,53.166666666666664
334,Belgium,2015,56.833333333333336
335,Belgium,2016,56.416666666666664
336,Belgium,2017,56.5
337,Belgium,2018,58.25
338,Belgium,2019,59.583333333333336
339,Belgium,2020,59.666666666666664
340,Belize,2004,13.333333333333334
341,Belize,2005,5.416666666666667
342,Belize,2006,9.916666666666666
343,Belize,2007,7.583333333333333
344,Belize,2008,13.0
345,Belize,2009,2.6666666666666665
346,Belize,2010,5.5
347,Belize,2011,6.0
348,Belize,2012,13.166666666666666
349,Belize,2013,8.333333333333334
350,Belize,2014,15.166666666666666
351,Belize,2015,5.083333333333333
352,Belize,2016,9.0
353,Belize,2017,4.333333333333333
354,Belize,2018,5.333333333333333
355,Belize,2019,8.5
356,Belize,2020,7.333333333333333
357,Benin,2004,12.25
358,Benin,2005,2.3333333333333335
359,Benin,2006,0.0
360,Benin,2007,6.75
361,Benin,2008,0.0
362,Benin,2009,1.0
363,Benin,2010,7.0
364,Benin,2011,7.916666666666667
365,Benin,2012,1.5
366,Benin,2013,4.5
367,Benin,2014,9.75
368,Benin,2015,1.9166666666666667
369,Benin,2016,1.5
370,Benin,2017,5.0
371,Benin,2018,1.75
372,Benin,2019,7.75
373,Benin,2020,1.3333333333333333
374,Bermuda,2004,5.083333333333333
375,Bermuda,2005,7.0
376,Bermuda,2006,2.5
377,Bermuda,2007,13.75
378,Bermuda,2008,11.416666666666666
379,Bermuda,2009,6.166666666666667
380,Bermuda,2010,14.333333333333334
381,Bermuda,2011,18.083333333333332
382,Bermuda,2012,13.916666666666666
383,Bermuda,2013,17.916666666666668
384,Bermuda,2014,16.583333333333332
385,Bermuda,2015,12.5
386,Bermuda,2016,26.083333333333332
387,Bermuda,2017,19.166666666666668
388,Bermuda,2018,20.0
389,Bermuda,2019,16.75
390,Bermuda,2020,17.0
391,Bhutan,2004,11.75
392,Bhutan,2005,0.0
393,Bhutan,2006,4.583333333333333
394,Bhutan,2007,0.0
395,Bhutan,2008,8.333333333333334
396,Bhutan,2009,2.5
397,Bhutan,2010,5.166666666666667
398,Bhutan,2011,1.5833333333333333
399,Bhutan,2012,0.5833333333333334
400,Bhutan,2013,3.8333333333333335
401,Bhutan,2014,1.8333333333333333
402,Bhutan,2015,3.1666666666666665
403,Bhutan,2016,2.4166666666666665
404,Bhutan,2017,1.1666666666666667
405,Bhutan,2018,8.0
406,Bhutan,2019,1.9166666666666667
407,Bhutan,2020,1.8333333333333333
408,Bolivia,2004,21.083333333333332
409,Bolivia,2005,30.5
410,Bolivia,2006,28.916666666666668
411,Bolivia,2007,30.166666666666668
412,Bolivia,2008,39.75
413,Bolivia,2009,32.666666666666664
414,Bolivia,2010,26.666666666666668
415,Bolivia,2011,37.333333333333336
416,Bolivia,2012,36.583333333333336
417,Bolivia,2013,43.083333333333336
418,Bolivia,2014,39.083333333333336
419,Bolivia,2015,41.5
420,Bolivia,2016,36.833333333333336
421,Bolivia,2017,39.083333333333336
422,Bolivia,2018,35.75
423,Bolivia,2019,40.833333333333336
424,Bolivia,2020,36.25
425,Bosnia & Herzegovina,2004,26.0
426,Bosnia & Herzegovina,2005,29.5
427,Bosnia & Herzegovina,2006,25.666666666666668
428,Bosnia & Herzegovina,2007,20.333333333333332
429,Bosnia & Herzegovina,2008,16.833333333333332
430,Bosnia & Herzegovina,2009,21.166666666666668
431,Bosnia & Herzegovina,2010,15.25
432,Bosnia & Herzegovina,2011,20.916666666666668
433,Bosnia & Herzegovina,2012,15.333333333333334
434,Bosnia & Herzegovina,2013,20.25
435,Bosnia & Herzegovina,2014,14.333333333333334
436,Bosnia & Herzegovina,2015,20.166666666666668
437,Bosnia & Herzegovina,2016,17.916666666666668
438,Bosnia & Herzegovina,2017,16.583333333333332
439,Bosnia & Herzegovina,2018,14.0
440,Bosnia & Herzegovina,2019,15.583333333333334
441,Bosnia & Herzegovina,2020,17.75
442,Botswana,2004,8.333333333333334
443,Botswana,2005,16.166666666666668
444,Botswana,2006,15.916666666666666
445,Botswana,2007,11.083333333333334
446,Botswana,2008,19.166666666666668
447,Botswana,2009,12.333333333333334
448,Botswana,2010,6.416666666666667
449,Botswana,2011,8.75
450,Botswana,2012,4.083333333333333
451,Botswana,2013,17.083333333333332
452,Botswana,2014,2.1666666666666665
453,Botswana,2015,8.75
454,Botswana,2016,2.5
455,Botswana,2017,4.75
456,Botswana,2018,6.583333333333333
457,Botswana,2019,4.0
458,Botswana,2020,3.0
459,Brazil,2004,65.58333333333333
460,Brazil,2005,62.833333333333336
461,Brazil,2006,63.416666666666664
462,Brazil,2007,61.833333333333336
463,Brazil,2008,59.833333333333336
464,Brazil,2009,61.25
465,Brazil,2010,63.25
466,Brazil,2011,61.916666666666664
467,Brazil,2012,62.0
468,Brazil,2013,61.25
469,Brazil,2014,64.25
470,Brazil,2015,66.75
471,Brazil,2016,68.66666666666667
472,Brazil,2017,66.83333333333333
473,Brazil,2018,66.08333333333333
474,Brazil,2019,69.16666666666667
475,Brazil,2020,67.33333333333333
476,British Indian Ocean Territory,2004,0.5833333333333334
477,British Indian Ocean Territory,2005,0.4166666666666667
478,British Indian Ocean Territory,2006,0.5
479,British Indian Ocean Territory,2007,0.25
480,British Indian Ocean Territory,2008,1.25
481,British Indian Ocean Territory,2009,0.6666666666666666
482,British Indian Ocean Territory,2010,1.6666666666666667
483,British Indian Ocean Territory,2011,0.3333333333333333
484,British Indian Ocean Territory,2012,1.1666666666666667
485,British Indian Ocean Territory,2013,0.5833333333333334
486,British Indian Ocean Territory,2014,0.5
487,British Indian Ocean Territory,2015,0.75
488,British Indian Ocean Territory,2016,0.25
489,British Indian Ocean Territory,2017,0.8333333333333334
490,British Indian Ocean Territory,2018,0.75
491,British Indian Ocean Territory,2019,0.4166666666666667
492,British Indian Ocean Territory,2020,0.6666666666666666
493,British Virgin Islands,2004,0.0
494,British Virgin Islands,2005,11.416666666666666
495,British Virgin Islands,2006,2.75
496,British Virgin Islands,2007,3.0833333333333335
497,British Virgin Islands,2008,14.666666666666666
498,British Virgin Islands,2009,5.0
499,British Virgin Islands,2010,4.5
500,British Virgin Islands,2011,4.916666666666667
501,British Virgin Islands,2012,2.1666666666666665
502,British Virgin Islands,2013,10.083333333333334
503,British Virgin Islands,2014,21.25
504,British Virgin Islands,2015,4.166666666666667
505,British Virgin Islands,2016,1.5833333333333333
506,British Virgin Islands,2017,2.5833333333333335
507,British Virgin Islands,2018,6.583333333333333
508,British Virgin Islands,2019,6.25
509,British Virgin Islands,2020,2.0
510,Brunei,2004,12.083333333333334
511,Brunei,2005,6.666666666666667
512,Brunei,2006,15.416666666666666
513,Brunei,2007,18.0
514,Brunei,2008,20.166666666666668
515,Brunei,2009,12.416666666666666
516,Brunei,2010,10.166666666666666
517,Brunei,2011,20.083333333333332
518,Brunei,2012,23.916666666666668
519,Brunei,2013,19.666666666666668
520,Brunei,2014,14.666666666666666
521,Brunei,2015,15.75
522,Brunei,2016,19.166666666666668
523,Brunei,2017,18.916666666666668
524,Brunei,2018,21.916666666666668
525,Brunei,2019,29.916666666666668
526,Brunei,2020,24.833333333333332
527,Bulgaria,2004,53.916666666666664
528,Bulgaria,2005,50.583333333333336
529,Bulgaria,2006,51.083333333333336
530,Bulgaria,2007,50.75
531,Bulgaria,2008,46.75
532,Bulgaria,2009,44.583333333333336
533,Bulgaria,2010,47.166666666666664
534,Bulgaria,2011,42.083333333333336
535,Bulgaria,2012,47.916666666666664
536,Bulgaria,2013,51.25
537,Bulgaria,2014,55.916666666666664
538,Bulgaria,2015,57.333333333333336
539,Bulgaria,2016,52.5
540,Bulgaria,2017,56.0
541,Bulgaria,2018,51.583333333333336
542,Bulgaria,2019,52.416666666666664
543,Bulgaria,2020,54.583333333333336
544,Burkina Faso,2004,8.333333333333334
545,Burkina Faso,2005,5.583333333333333
546,Burkina Faso,2006,7.0
547,Burkina Faso,2007,0.0
548,Burkina Faso,2008,6.416666666666667
549,Burkina Faso,2009,2.8333333333333335
550,Burkina Faso,2010,0.9166666666666666
551,Burkina Faso,2011,2.9166666666666665
552,Burkina Faso,2012,2.25
553,Burkina Faso,2013,2.5
554,Burkina Faso,2014,16.666666666666668
555,Burkina Faso,2015,0.75
556,Burkina Faso,2016,7.583333333333333
557,Burkina Faso,2017,1.5833333333333333
558,Burkina Faso,2018,6.083333333333333
559,Burkina Faso,2019,2.0
560,Burkina Faso,2020,0.4166666666666667
561,Burundi,2004,15.416666666666666
562,Burundi,2005,15.416666666666666
563,Burundi,2006,2.0833333333333335
564,Burundi,2007,9.0
565,Burundi,2008,8.333333333333334
566,Burundi,2009,5.0
567,Burundi,2010,6.916666666666667
568,Burundi,2011,3.1666666666666665
569,Burundi,2012,4.666666666666667
570,Burundi,2013,8.416666666666666
571,Burundi,2014,0.5
572,Burundi,2015,6.416666666666667
573,Burundi,2016,5.583333333333333
574,Burundi,2017,7.0
575,Burundi,2018,0.08333333333333333
576,Burundi,2019,1.3333333333333333
577,Burundi,2020,1.5833333333333333
578,Cambodia,2004,26.416666666666668
579,Cambodia,2005,11.583333333333334
580,Cambodia,2006,6.833333333333333
581,Cambodia,2007,11.0
582,Cambodia,2008,14.166666666666666
583,Cambodia,2009,8.25
584,Cambodia,2010,15.416666666666666
585,Cambodia,2011,3.9166666666666665
586,Cambodia,2012,7.083333333333333
587,Cambodia,2013,13.166666666666666
588,Cambodia,2014,10.0
589,Cambodia,2015,7.083333333333333
590,Cambodia,2016,2.5
591,Cambodia,2017,7.166666666666667
592,Cambodia,2018,3.25
593,Cambodia,2019,5.5
594,Cambodia,2020,6.0
595,Cameroon,2004,9.75
596,Cameroon,2005,2.5
597,Cameroon,2006,0.9166666666666666
598,Cameroon,2007,1.0
599,Cameroon,2008,3.25
600,Cameroon,2009,0.4166666666666667
601,Cameroon,2010,1.0833333333333333
602,Cameroon,2011,0.9166666666666666
603,Cameroon,2012,0.5833333333333334
604,Cameroon,2013,1.9166666666666667
605,Cameroon,2014,10.416666666666666
606,Cameroon,2015,0.4166666666666667
607,Cameroon,2016,1.8333333333333333
608,Cameroon,2017,0.5833333333333334
609,Cameroon,2018,1.4166666666666667
610,Cameroon,2019,1.25
611,Cameroon,2020,0.6666666666666666
612,Canada,2004,45.416666666666664
613,Canada,2005,45.916666666666664
614,Canada,2006,44.583333333333336
615,Canada,2007,45.333333333333336
616,Canada,2008,44.75
617,Canada,2009,43.666666666666664
618,Canada,2010,44.583333333333336
619,Canada,2011,46.25
620,Canada,2012,47.833333333333336
621,Canada,2013,51.583333333333336
622,Canada,2014,50.916666666666664
623,Canada,2015,56.25
624,Canada,2016,55.75
625,Canada,2017,57.0
626,Canada,2018,56.916666666666664
627,Canada,2019,58.083333333333336
628,Canada,2020,59.083333333333336
629,Cape Verde,2004,0.0
630,Cape Verde,2005,8.333333333333334
631,Cape Verde,2006,8.333333333333334
632,Cape Verde,2007,0.0
633,Cape Verde,2008,0.0
634,Cape Verde,2009,8.333333333333334
635,Cape Verde,2010,0.0
636,Cape Verde,2011,0.0
637,Cape Verde,2012,8.333333333333334
638,Cape Verde,2013,0.0
639,Cape Verde,2014,0.0
640,Cape Verde,2015,0.0
641,Cape Verde,2016,4.666666666666667
642,Cape Verde,2017,0.0
643,Cape Verde,2018,0.0
644,Cape Verde,2019,0.0
645,Cape Verde,2020,0.0
646,Caribbean Netherlands,2004,0.0
647,Caribbean Netherlands,2005,0.0
648,Caribbean Netherlands,2006,0.0
649,Caribbean Netherlands,2007,0.0
650,Caribbean Netherlands,2008,0.0
651,Caribbean Netherlands,2009,4.583333333333333
652,Caribbean Netherlands,2010,0.0
653,Caribbean Netherlands,2011,0.0
654,Caribbean Netherlands,2012,0.0
655,Caribbean Netherlands,2013,0.0
656,Caribbean Netherlands,2014,4.583333333333333
657,Caribbean Netherlands,2015,0.0
658,Caribbean Netherlands,2016,8.333333333333334
659,Caribbean Netherlands,2017,0.0
660,Caribbean Netherlands,2018,0.0
661,Caribbean Netherlands,2019,0.0
662,Caribbean Netherlands,2020,0.0
663,Cayman Islands,2004,22.083333333333332
664,Cayman Islands,2005,23.083333333333332
665,Cayman Islands,2006,19.333333333333332
666,Cayman Islands,2007,20.166666666666668
667,Cayman Islands,2008,8.583333333333334
668,Cayman Islands,2009,19.833333333333332
669,Cayman Islands,2010,8.083333333333334
670,Cayman Islands,2011,16.416666666666668
671,Cayman Islands,2012,10.0
672,Cayman Islands,2013,5.75
673,Cayman Islands,2014,12.833333333333334
674,Cayman Islands,2015,12.166666666666666
675,Cayman Islands,2016,8.583333333333334
676,Cayman Islands,2017,10.75
677,Cayman Islands,2018,8.75
678,Cayman Islands,2019,11.5
679,Cayman Islands,2020,14.25
680,Central African Republic,2004,15.25
681,Central African Republic,2005,11.166666666666666
682,Central African Republic,2006,8.083333333333334
683,Central African Republic,2007,0.16666666666666666
684,Central African Republic,2008,0.16666666666666666
685,Central African Republic,2009,1.3333333333333333
686,Central African Republic,2010,2.25
687,Central African Republic,2011,0.16666666666666666
688,Central African Republic,2012,1.5833333333333333
689,Central African Republic,2013,0.16666666666666666
690,Central African Republic,2014,0.0
691,Central African Republic,2015,0.0
692,Central African Republic,2016,2.75
693,Central African Republic,2017,1.5833333333333333
694,Central African Republic,2018,0.0
695,Central African Republic,2019,0.0
696,Central African Republic,2020,0.16666666666666666
697,Chad,2004,0.0
698,Chad,2005,8.333333333333334
699,Chad,2006,0.0
700,Chad,2007,0.0
701,Chad,2008,0.0
702,Chad,2009,7.25
703,Chad,2010,0.0
704,Chad,2011,7.25
705,Chad,2012,7.25
706,Chad,2013,0.0
707,Chad,2014,8.333333333333334
708,Chad,2015,7.25
709,Chad,2016,0.0
710,Chad,2017,0.0
711,Chad,2018,0.0
712,Chad,2019,0.0
713,Chad,2020,0.0
714,Chile,2004,33.583333333333336
715,Chile,2005,33.833333333333336
716,Chile,2006,32.583333333333336
717,Chile,2007,30.583333333333332
718,Chile,2008,30.5
719,Chile,2009,31.083333333333332
720,Chile,2010,31.083333333333332
721,Chile,2011,34.583333333333336
722,Chile,2012,34.333333333333336
723,Chile,2013,34.75
724,Chile,2014,36.416666666666664
725,Chile,2015,38.583333333333336
726,Chile,2016,37.75
727,Chile,2017,37.25
728,Chile,2018,39.5
729,Chile,2019,41.5
730,Chile,2020,42.416666666666664
731,China,2004,11.583333333333334
732,China,2005,11.166666666666666
733,China,2006,11.083333333333334
734,China,2007,10.666666666666666
735,China,2008,10.5
736,China,2009,10.416666666666666
737,China,2010,10.666666666666666
738,China,2011,10.5
739,China,2012,11.333333333333334
740,China,2013,12.0
741,China,2014,13.666666666666666
742,China,2015,19.416666666666668
743,China,2016,27.0
744,China,2017,26.666666666666668
745,China,2018,35.833333333333336
746,China,2019,35.166666666666664
747,China,2020,36.5
748,Colombia,2004,39.083333333333336
749,Colombia,2005,44.666666666666664
750,Colombia,2006,49.5
751,Colombia,2007,51.166666666666664
752,Colombia,2008,47.833333333333336
753,Colombia,2009,50.75
754,Colombia,2010,48.166666666666664
755,Colombia,2011,49.416666666666664
756,Colombia,2012,47.5
757,Colombia,2013,54.5
758,Colombia,2014,52.25
759,Colombia,2015,60.333333333333336
760,Colombia,2016,53.833333333333336
761,Colombia,2017,55.0
762,Colombia,2018,51.666666666666664
763,Colombia,2019,52.833333333333336
764,Colombia,2020,57.083333333333336
765,Congo - Brazzaville,2004,4.25
766,Congo - Brazzaville,2005,4.25
767,Congo - Brazzaville,2006,0.0
768,Congo - Brazzaville,2007,8.333333333333334
769,Congo - Brazzaville,2008,2.75
770,Congo - Brazzaville,2009,13.416666666666666
771,Congo - Brazzaville,2010,4.083333333333333
772,Congo - Brazzaville,2011,10.666666666666666
773,Congo - Brazzaville,2012,2.3333333333333335
774,Congo - Brazzaville,2013,7.166666666666667
775,Congo - Brazzaville,2014,0.25
776,Congo - Brazzaville,2015,13.5
777,Congo - Brazzaville,2016,5.083333333333333
778,Congo - Brazzaville,2017,4.583333333333333
779,Congo - Brazzaville,2018,4.583333333333333
780,Congo - Brazzaville,2019,8.583333333333334
781,Congo - Brazzaville,2020,2.8333333333333335
782,Congo - Kinshasa,2004,16.75
783,Congo - Kinshasa,2005,0.0
784,Congo - Kinshasa,2006,7.583333333333333
785,Congo - Kinshasa,2007,0.0
786,Congo - Kinshasa,2008,17.166666666666668
787,Congo - Kinshasa,2009,0.0
788,Congo - Kinshasa,2010,0.8333333333333334
789,Congo - Kinshasa,2011,0.16666666666666666
790,Congo - Kinshasa,2012,5.25
791,Congo - Kinshasa,2013,0.08333333333333333
792,Congo - Kinshasa,2014,0.16666666666666666
793,Congo - Kinshasa,2015,0.5
794,Congo - Kinshasa,2016,1.0
795,Congo - Kinshasa,2017,0.25
796,Congo - Kinshasa,2018,6.25
797,Congo - Kinshasa,2019,0.6666666666666666
798,Congo - Kinshasa,2020,6.25
799,Cook Islands,2004,13.166666666666666
800,Cook Islands,2005,9.083333333333334
801,Cook Islands,2006,10.0
802,Cook Islands,2007,13.0
803,Cook Islands,2008,4.333333333333333
804,Cook Islands,2009,8.083333333333334
805,Cook Islands,2010,3.0
806,Cook Islands,2011,7.583333333333333
807,Cook Islands,2012,2.1666666666666665
808,Cook Islands,2013,3.9166666666666665
809,Cook Islands,2014,0.4166666666666667
810,Cook Islands,2015,9.0
811,Cook Islands,2016,4.833333333333333
812,Cook Islands,2017,0.5833333333333334
813,Cook Islands,2018,0.8333333333333334
814,Cook Islands,2019,3.1666666666666665
815,Cook Islands,2020,0.5833333333333334
816,Costa Rica,2004,19.25
817,Costa Rica,2005,12.666666666666666
818,Costa Rica,2006,10.0
819,Costa Rica,2007,9.583333333333334
820,Costa Rica,2008,12.75
821,Costa Rica,2009,11.0
822,Costa Rica,2010,7.75
823,Costa Rica,2011,8.666666666666666
824,Costa Rica,2012,7.916666666666667
825,Costa Rica,2013,10.916666666666666
826,Costa Rica,2014,8.5
827,Costa Rica,2015,9.416666666666666
828,Costa Rica,2016,7.5
829,Costa Rica,2017,8.916666666666666
830,Costa Rica,2018,10.333333333333334
831,Costa Rica,2019,9.083333333333334
832,Costa Rica,2020,9.25
833,Croatia,2004,45.5
834,Croatia,2005,35.083333333333336
835,Croatia,2006,40.333333333333336
836,Croatia,2007,34.083333333333336
837,Croatia,2008,35.666666666666664
838,Croatia,2009,27.416666666666668
839,Croatia,2010,28.25
840,Croatia,2011,30.25
841,Croatia,2012,30.916666666666668
842,Croatia,2013,34.416666666666664
843,Croatia,2014,35.166666666666664
844,Croatia,2015,34.583333333333336
845,Croatia,2016,35.166666666666664
846,Croatia,2017,37.25
847,Croatia,2018,37.166666666666664
848,Croatia,2019,39.5
849,Croatia,2020,38.916666666666664
850,Cuba,2004,3.8333333333333335
851,Cuba,2005,24.583333333333332
852,Cuba,2006,13.333333333333334
853,Cuba,2007,16.166666666666668
854,Cuba,2008,11.916666666666666
855,Cuba,2009,8.0
856,Cuba,2010,14.75
857,Cuba,2011,10.5
858,Cuba,2012,17.5
859,Cuba,2013,14.5
860,Cuba,2014,4.666666666666667
861,Cuba,2015,7.083333333333333
862,Cuba,2016,6.75
863,Cuba,2017,16.0
864,Cuba,2018,1.5833333333333333
865,Cuba,2019,8.583333333333334
866,Cuba,2020,13.0
867,Curaçao,2004,0.0
868,Curaçao,2005,0.0
869,Curaçao,2006,8.333333333333334
870,Curaçao,2007,0.0
871,Curaçao,2008,0.0
872,Curaçao,2009,0.0
873,Curaçao,2010,0.0
874,Curaçao,2011,0.0
875,Curaçao,2012,0.0
876,Curaçao,2013,0.0
877,Curaçao,2014,8.333333333333334
878,Curaçao,2015,0.0
879,Curaçao,2016,0.0
880,Curaçao,2017,0.0
881,Curaçao,2018,0.0
882,Curaçao,2019,0.0
883,Curaçao,2020,0.0
884,Cyprus,2004,15.166666666666666
885,Cyprus,2005,6.333333333333333
886,Cyprus,2006,19.25
887,Cyprus,2007,10.75
888,Cyprus,2008,11.416666666666666
889,Cyprus,2009,11.083333333333334
890,Cyprus,2010,11.416666666666666
891,Cyprus,2011,10.666666666666666
892,Cyprus,2012,12.583333333333334
893,Cyprus,2013,14.166666666666666
894,Cyprus,2014,14.666666666666666
895,Cyprus,2015,13.0
896,Cyprus,2016,12.916666666666666
897,Cyprus,2017,13.75
898,Cyprus,2018,14.333333333333334
899,Cyprus,2019,13.5
900,Cyprus,2020,13.916666666666666
901,Czechia,2004,43.583333333333336
902,Czechia,2005,46.666666666666664
903,Czechia,2006,43.083333333333336
904,Czechia,2007,45.916666666666664
905,Czechia,2008,39.666666666666664
906,Czechia,2009,47.083333333333336
907,Czechia,2010,44.25
908,Czechia,2011,49.416666666666664
909,Czechia,2012,49.5
910,Czechia,2013,49.083333333333336
911,Czechia,2014,47.583333333333336
912,Czechia,2015,58.916666666666664
913,Czechia,2016,53.0
914,Czechia,2017,52.916666666666664
915,Czechia,2018,48.916666666666664
916,Czechia,2019,58.5
917,Czechia,2020,54.25
918,Côte d’Ivoire,2004,12.583333333333334
919,Côte d’Ivoire,2005,16.666666666666668
920,Côte d’Ivoire,2006,12.25
921,Côte d’Ivoire,2007,11.666666666666666
922,Côte d’Ivoire,2008,15.583333333333334
923,Côte d’Ivoire,2009,13.0
924,Côte d’Ivoire,2010,6.75
925,Côte d’Ivoire,2011,6.583333333333333
926,Côte d’Ivoire,2012,4.5
927,Côte d’Ivoire,2013,9.833333333333334
928,Côte d’Ivoire,2014,4.583333333333333
929,Côte d’Ivoire,2015,12.583333333333334
930,Côte d’Ivoire,2016,14.416666666666666
931,Côte d’Ivoire,2017,4.75
932,Côte d’Ivoire,2018,1.5
933,Côte d’Ivoire,2019,3.25
934,Côte d’Ivoire,2020,4.166666666666667
935,Denmark,2004,38.083333333333336
936,Denmark,2005,34.916666666666664
937,Denmark,2006,40.0
938,Denmark,2007,35.583333333333336
939,Denmark,2008,39.333333333333336
940,Denmark,2009,38.25
941,Denmark,2010,40.166666666666664
942,Denmark,2011,40.166666666666664
943,Denmark,2012,44.166666666666664
944,Denmark,2013,44.166666666666664
945,Denmark,2014,46.166666666666664
946,Denmark,2015,49.5
947,Denmark,2016,49.666666666666664
948,Denmark,2017,48.916666666666664
949,Denmark,2018,51.833333333333336
950,Denmark,2019,52.583333333333336
951,Denmark,2020,52.416666666666664
952,Djibouti,2004,0.0
953,Djibouti,2005,8.333333333333334
954,Djibouti,2006,0.0
955,Djibouti,2007,8.333333333333334
956,Djibouti,2008,7.333333333333333
957,Djibouti,2009,1.1666666666666667
958,Djibouti,2010,1.6666666666666667
959,Djibouti,2011,9.75
960,Djibouti,2012,0.6666666666666666
961,Djibouti,2013,6.75
962,Djibouti,2014,6.416666666666667
963,Djibouti,2015,3.5833333333333335
964,Djibouti,2016,15.75
965,Djibouti,2017,3.5833333333333335
966,Djibouti,2018,1.5833333333333333
967,Djibouti,2019,10.833333333333334
968,Djibouti,2020,3.3333333333333335
969,Dominica,2004,13.083333333333334
970,Dominica,2005,12.75
971,Dominica,2006,2.3333333333333335
972,Dominica,2007,17.833333333333332
973,Dominica,2008,11.333333333333334
974,Dominica,2009,5.0
975,Dominica,2010,2.8333333333333335
976,Dominica,2011,4.0
977,Dominica,2012,4.083333333333333
978,Dominica,2013,12.75
979,Dominica,2014,2.1666666666666665
980,Dominica,2015,3.9166666666666665
981,Dominica,2016,3.3333333333333335
982,Dominica,2017,2.6666666666666665
983,Dominica,2018,3.5
984,Dominica,2019,2.1666666666666665
985,Dominica,2020,3.75
986,Dominican Republic,2004,24.0
987,Dominican Republic,2005,22.916666666666668
988,Dominican Republic,2006,19.5
989,Dominican Republic,2007,26.5
990,Dominican Republic,2008,24.083333333333332
991,Dominican Republic,2009,15.666666666666666
992,Dominican Republic,2010,24.166666666666668
993,Dominican Republic,2011,19.083333333333332
994,Dominican Republic,2012,19.0
995,Dominican Republic,2013,25.083333333333332
996,Dominican Republic,2014,22.666666666666668
997,Dominican Republic,2015,19.166666666666668
998,Dominican Republic,2016,18.166666666666668
999,Dominican Republic,2017,23.5
1000,Dominican Republic,2018,22.75
1001,Dominican Republic,2019,21.583333333333332
1002,Dominican Republic,2020,19.666666666666668
1003,Ecuador,2004,18.0
1004,Ecuador,2005,19.75
1005,Ecuador,2006,15.833333333333334
1006,Ecuador,2007,24.666666666666668
1007,Ecuador,2008,27.25
1008,Ecuador,2009,22.916666666666668
1009,Ecuador,2010,19.333333333333332
1010,Ecuador,2011,26.75
1011,Ecuador,2012,25.333333333333332
1012,Ecuador,2013,24.083333333333332
1013,Ecuador,2014,27.25
1014,Ecuador,2015,19.833333333333332
1015,Ecuador,2016,28.833333333333332
1016,Ecuador,2017,26.916666666666668
1017,Ecuador,2018,29.5
1018,Ecuador,2019,28.5
1019,Ecuador,2020,28.416666666666668
1020,Egypt,2004,43.833333333333336
1021,Egypt,2005,38.916666666666664
1022,Egypt,2006,40.083333333333336
1023,Egypt,2007,37.0
1024,Egypt,2008,34.75
1025,Egypt,2009,31.666666666666668
1026,Egypt,2010,31.583333333333332
1027,Egypt,2011,29.666666666666668
1028,Egypt,2012,34.083333333333336
1029,Egypt,2013,29.0
1030,Egypt,2014,28.25
1031,Egypt,2015,28.916666666666668
1032,Egypt,2016,26.583333333333332
1033,Egypt,2017,25.333333333333332
1034,Egypt,2018,25.416666666666668
1035,Egypt,2019,28.166666666666668
1036,Egypt,2020,27.666666666666668
1037,El Salvador,2004,41.083333333333336
1038,El Salvador,2005,28.75
1039,El Salvador,2006,31.0
1040,El Salvador,2007,31.083333333333332
1041,El Salvador,2008,18.083333333333332
1042,El Salvador,2009,26.833333333333332
1043,El Salvador,2010,31.083333333333332
1044,El Salvador,2011,26.083333333333332
1045,El Salvador,2012,29.416666666666668
1046,El Salvador,2013,24.75
1047,El Salvador,2014,30.166666666666668
1048,El Salvador,2015,26.75
1049,El Salvador,2016,25.666666666666668
1050,El Salvador,2017,32.083333333333336
1051,El Salvador,2018,29.416666666666668
1052,El Salvador,2019,28.916666666666668
1053,El Salvador,2020,29.5
1054,Equatorial Guinea,2004,4.083333333333333
1055,Equatorial Guinea,2005,0.6666666666666666
1056,Equatorial Guinea,2006,0.0
1057,Equatorial Guinea,2007,1.0833333333333333
1058,Equatorial Guinea,2008,2.3333333333333335
1059,Equatorial Guinea,2009,0.0
1060,Equatorial Guinea,2010,0.16666666666666666
1061,Equatorial Guinea,2011,1.0
1062,Equatorial Guinea,2012,0.0
1063,Equatorial Guinea,2013,0.0
1064,Equatorial Guinea,2014,0.3333333333333333
1065,Equatorial Guinea,2015,0.08333333333333333
1066,Equatorial Guinea,2016,1.75
1067,Equatorial Guinea,2017,0.16666666666666666
1068,Equatorial Guinea,2018,0.0
1069,Equatorial Guinea,2019,0.25
1070,Equatorial Guinea,2020,0.08333333333333333
1071,Estonia,2004,59.166666666666664
1072,Estonia,2005,54.666666666666664
1073,Estonia,2006,41.083333333333336
1074,Estonia,2007,55.916666666666664
1075,Estonia,2008,44.833333333333336
1076,Estonia,2009,46.25
1077,Estonia,2010,45.5
1078,Estonia,2011,54.75
1079,Estonia,2012,45.5
1080,Estonia,2013,48.833333333333336
1081,Estonia,2014,57.833333333333336
1082,Estonia,2015,59.25
1083,Estonia,2016,53.166666666666664
1084,Estonia,2017,54.833333333333336
1085,Estonia,2018,50.166666666666664
1086,Estonia,2019,61.666666666666664
1087,Estonia,2020,58.25
1088,Eswatini,2004,8.333333333333334
1089,Eswatini,2005,0.0
1090,Eswatini,2006,18.333333333333332
1091,Eswatini,2007,4.583333333333333
1092,Eswatini,2008,2.9166666666666665
1093,Eswatini,2009,12.25
1094,Eswatini,2010,8.416666666666666
1095,Eswatini,2011,0.0
1096,Eswatini,2012,11.833333333333334
1097,Eswatini,2013,4.166666666666667
1098,Eswatini,2014,20.833333333333332
1099,Eswatini,2015,4.666666666666667
1100,Eswatini,2016,2.5833333333333335
1101,Eswatini,2017,5.083333333333333
1102,Eswatini,2018,3.6666666666666665
1103,Eswatini,2019,0.75
1104,Eswatini,2020,1.4166666666666667
1105,Ethiopia,2004,8.333333333333334
1106,Ethiopia,2005,1.8333333333333333
1107,Ethiopia,2006,3.8333333333333335
1108,Ethiopia,2007,10.083333333333334
1109,Ethiopia,2008,20.083333333333332
1110,Ethiopia,2009,7.5
1111,Ethiopia,2010,11.583333333333334
1112,Ethiopia,2011,10.833333333333334
1113,Ethiopia,2012,12.833333333333334
1114,Ethiopia,2013,10.0
1115,Ethiopia,2014,13.25
1116,Ethiopia,2015,8.25
1117,Ethiopia,2016,5.833333333333333
1118,Ethiopia,2017,9.083333333333334
1119,Ethiopia,2018,11.333333333333334
1120,Ethiopia,2019,4.583333333333333
1121,Ethiopia,2020,6.833333333333333
1122,Falkland Islands (Islas Malvinas),2004,0.0
1123,Falkland Islands (Islas Malvinas),2005,0.0
1124,Falkland Islands (Islas Malvinas),2006,0.0
1125,Falkland Islands (Islas Malvinas),2007,0.0
1126,Falkland Islands (Islas Malvinas),2008,0.0
1127,Falkland Islands (Islas Malvinas),2009,0.0
1128,Falkland Islands (Islas Malvinas),2010,0.0
1129,Falkland Islands (Islas Malvinas),2011,0.0
1130,Falkland Islands (Islas Malvinas),2012,0.0
1131,Falkland Islands (Islas Malvinas),2013,0.0
1132,Falkland Islands (Islas Malvinas),2014,0.08333333333333333
1133,Falkland Islands (Islas Malvinas),2015,0.0
1134,Falkland Islands (Islas Malvinas),2016,4.916666666666667
1135,Falkland Islands (Islas Malvinas),2017,0.08333333333333333
1136,Falkland Islands (Islas Malvinas),2018,0.08333333333333333
1137,Falkland Islands (Islas Malvinas),2019,0.08333333333333333
1138,Falkland Islands (Islas Malvinas),2020,0.08333333333333333
1139,Faroe Islands,2004,12.5
1140,Faroe Islands,2005,0.0
1141,Faroe Islands,2006,12.5
1142,Faroe Islands,2007,0.0
1143,Faroe Islands,2008,1.6666666666666667
1144,Faroe Islands,2009,2.5
1145,Faroe Islands,2010,3.0833333333333335
1146,Faroe Islands,2011,5.333333333333333
1147,Faroe Islands,2012,15.5
1148,Faroe Islands,2013,9.416666666666666
1149,Faroe Islands,2014,5.0
1150,Faroe Islands,2015,1.5
1151,Faroe Islands,2016,2.1666666666666665
1152,Faroe Islands,2017,5.666666666666667
1153,Faroe Islands,2018,10.583333333333334
1154,Faroe Islands,2019,4.25
1155,Faroe Islands,2020,6.583333333333333
1156,Fiji,2004,24.5
1157,Fiji,2005,19.416666666666668
1158,Fiji,2006,16.083333333333332
1159,Fiji,2007,6.583333333333333
1160,Fiji,2008,3.4166666666666665
1161,Fiji,2009,17.5
1162,Fiji,2010,9.5
1163,Fiji,2011,3.75
1164,Fiji,2012,9.833333333333334
1165,Fiji,2013,5.0
1166,Fiji,2014,2.0
1167,Fiji,2015,6.416666666666667
1168,Fiji,2016,8.416666666666666
1169,Fiji,2017,4.916666666666667
1170,Fiji,2018,4.25
1171,Fiji,2019,5.0
1172,Fiji,2020,2.5
1173,Finland,2004,57.833333333333336
1174,Finland,2005,58.25
1175,Finland,2006,54.25
1176,Finland,2007,55.333333333333336
1177,Finland,2008,54.25
1178,Finland,2009,55.5
1179,Finland,2010,54.75
1180,Finland,2011,52.833333333333336
1181,Finland,2012,58.833333333333336
1182,Finland,2013,58.083333333333336
1183,Finland,2014,58.833333333333336
1184,Finland,2015,67.0
1185,Finland,2016,60.166666666666664
1186,Finland,2017,63.583333333333336
1187,Finland,2018,64.33333333333333
1188,Finland,2019,63.083333333333336
1189,Finland,2020,63.666666666666664
1190,France,2004,78.33333333333333
1191,France,2005,75.16666666666667
1192,France,2006,73.83333333333333
1193,France,2007,71.33333333333333
1194,France,2008,68.83333333333333
1195,France,2009,64.83333333333333
1196,France,2010,68.58333333333333
1197,France,2011,67.33333333333333
1198,France,2012,67.75
1199,France,2013,66.91666666666667
1200,France,2014,67.75
1201,France,2015,67.5
1202,France,2016,68.58333333333333
1203,France,2017,67.83333333333333
1204,France,2018,67.58333333333333
1205,France,2019,69.33333333333333
1206,France,2020,67.16666666666667
1207,French Guiana,2004,17.583333333333332
1208,French Guiana,2005,11.916666666666666
1209,French Guiana,2006,6.0
1210,French Guiana,2007,4.416666666666667
1211,French Guiana,2008,2.0833333333333335
1212,French Guiana,2009,6.416666666666667
1213,French Guiana,2010,6.75
1214,French Guiana,2011,5.083333333333333
1215,French Guiana,2012,1.0
1216,French Guiana,2013,0.25
1217,French Guiana,2014,0.75
1218,French Guiana,2015,2.8333333333333335
1219,French Guiana,2016,0.4166666666666667
1220,French Guiana,2017,3.0833333333333335
1221,French Guiana,2018,0.8333333333333334
1222,French Guiana,2019,2.5833333333333335
1223,French Guiana,2020,0.5
1224,French Polynesia,2004,28.333333333333332
1225,French Polynesia,2005,26.5
1226,French Polynesia,2006,20.0
1227,French Polynesia,2007,18.916666666666668
1228,French Polynesia,2008,8.166666666666666
1229,French Polynesia,2009,13.583333333333334
1230,French Polynesia,2010,8.583333333333334
1231,French Polynesia,2011,6.166666666666667
1232,French Polynesia,2012,10.666666666666666
1233,French Polynesia,2013,10.916666666666666
1234,French Polynesia,2014,4.583333333333333
1235,French Polynesia,2015,11.583333333333334
1236,French Polynesia,2016,4.75
1237,French Polynesia,2017,5.75
1238,French Polynesia,2018,5.75
1239,French Polynesia,2019,9.25
1240,French Polynesia,2020,8.666666666666666
1241,Gabon,2004,12.0
1242,Gabon,2005,6.0
1243,Gabon,2006,0.0
1244,Gabon,2007,3.6666666666666665
1245,Gabon,2008,0.75
1246,Gabon,2009,0.0
1247,Gabon,2010,0.9166666666666666
1248,Gabon,2011,3.9166666666666665
1249,Gabon,2012,1.0833333333333333
1250,Gabon,2013,1.3333333333333333
1251,Gabon,2014,2.75
1252,Gabon,2015,1.5833333333333333
1253,Gabon,2016,0.6666666666666666
1254,Gabon,2017,1.1666666666666667
1255,Gabon,2018,0.8333333333333334
1256,Gabon,2019,0.5833333333333334
1257,Gabon,2020,4.333333333333333
1258,Gambia,2004,0.0
1259,Gambia,2005,13.25
1260,Gambia,2006,18.083333333333332
1261,Gambia,2007,19.083333333333332
1262,Gambia,2008,1.6666666666666667
1263,Gambia,2009,10.25
1264,Gambia,2010,7.416666666666667
1265,Gambia,2011,14.916666666666666
1266,Gambia,2012,11.083333333333334
1267,Gambia,2013,2.0833333333333335
1268,Gambia,2014,5.0
1269,Gambia,2015,9.0
1270,Gambia,2016,0.4166666666666667
1271,Gambia,2017,0.8333333333333334
1272,Gambia,2018,0.8333333333333334
1273,Gambia,2019,8.833333333333334
1274,Gambia,2020,2.5
1275,Georgia,2004,0.0
1276,Georgia,2005,6.666666666666667
1277,Georgia,2006,8.333333333333334
1278,Georgia,2007,6.0
1279,Georgia,2008,14.916666666666666
1280,Georgia,2009,12.25
1281,Georgia,2010,18.75
1282,Georgia,2011,19.583333333333332
1283,Georgia,2012,16.75
1284,Georgia,2013,21.583333333333332
1285,Georgia,2014,23.916666666666668
1286,Georgia,2015,24.0
1287,Georgia,2016,21.916666666666668
1288,Georgia,2017,18.083333333333332
1289,Georgia,2018,24.083333333333332
1290,Georgia,2019,22.333333333333332
1291,Georgia,2020,25.25
1292,Germany,2004,60.833333333333336
1293,Germany,2005,61.333333333333336
1294,Germany,2006,61.333333333333336
1295,Germany,2007,60.833333333333336
1296,Germany,2008,57.083333333333336
1297,Germany,2009,56.416666666666664
1298,Germany,2010,59.25
1299,Germany,2011,59.416666666666664
1300,Germany,2012,59.333333333333336
1301,Germany,2013,60.25
1302,Germany,2014,62.583333333333336
1303,Germany,2015,69.16666666666667
1304,Germany,2016,65.83333333333333
1305,Germany,2017,68.66666666666667
1306,Germany,2018,70.33333333333333
1307,Germany,2019,74.41666666666667
1308,Germany,2020,70.83333333333333
1309,Ghana,2004,13.083333333333334
1310,Ghana,2005,4.666666666666667
1311,Ghana,2006,5.5
1312,Ghana,2007,4.166666666666667
1313,Ghana,2008,3.4166666666666665
1314,Ghana,2009,4.25
1315,Ghana,2010,7.5
1316,Ghana,2011,5.5
1317,Ghana,2012,3.5833333333333335
1318,Ghana,2013,4.25
1319,Ghana,2014,12.666666666666666
1320,Ghana,2015,4.5
1321,Ghana,2016,7.583333333333333
1322,Ghana,2017,7.916666666666667
1323,Ghana,2018,3.0833333333333335
1324,Ghana,2019,4.833333333333333
1325,Ghana,2020,3.25
1326,Gibraltar,2004,16.666666666666668
1327,Gibraltar,2005,12.416666666666666
1328,Gibraltar,2006,10.166666666666666
1329,Gibraltar,2007,3.0833333333333335
1330,Gibraltar,2008,8.166666666666666
1331,Gibraltar,2009,1.6666666666666667
1332,Gibraltar,2010,4.0
1333,Gibraltar,2011,1.4166666666666667
1334,Gibraltar,2012,9.0
1335,Gibraltar,2013,6.666666666666667
1336,Gibraltar,2014,2.25
1337,Gibraltar,2015,2.5833333333333335
1338,Gibraltar,2016,3.5
1339,Gibraltar,2017,6.5
1340,Gibraltar,2018,6.75
1341,Gibraltar,2019,2.5833333333333335
1342,Gibraltar,2020,3.0
1343,Greece,2004,56.0
1344,Greece,2005,47.666666666666664
1345,Greece,2006,42.583333333333336
1346,Greece,2007,45.0
1347,Greece,2008,40.833333333333336
1348,Greece,2009,37.583333333333336
1349,Greece,2010,35.5
1350,Greece,2011,38.916666666666664
1351,Greece,2012,38.833333333333336
1352,Greece,2013,39.916666666666664
1353,Greece,2014,38.583333333333336
1354,Greece,2015,39.0
1355,Greece,2016,37.5
1356,Greece,2017,40.0
1357,Greece,2018,37.75
1358,Greece,2019,40.75
1359,Greece,2020,42.666666666666664
1360,Greenland,2004,17.083333333333332
1361,Greenland,2005,15.916666666666666
1362,Greenland,2006,11.75
1363,Greenland,2007,13.416666666666666
1364,Greenland,2008,4.166666666666667
1365,Greenland,2009,8.916666666666666
1366,Greenland,2010,5.833333333333333
1367,Greenland,2011,12.75
1368,Greenland,2012,9.916666666666666
1369,Greenland,2013,3.0833333333333335
1370,Greenland,2014,5.416666666666667
1371,Greenland,2015,8.25
1372,Greenland,2016,4.083333333333333
1373,Greenland,2017,2.75
1374,Greenland,2018,4.0
1375,Greenland,2019,3.9166666666666665
1376,Greenland,2020,3.9166666666666665
1377,Grenada,2004,10.416666666666666
1378,Grenada,2005,13.333333333333334
1379,Grenada,2006,5.416666666666667
1380,Grenada,2007,0.9166666666666666
1381,Grenada,2008,4.25
1382,Grenada,2009,7.416666666666667
1383,Grenada,2010,2.8333333333333335
1384,Grenada,2011,5.416666666666667
1385,Grenada,2012,18.75
1386,Grenada,2013,8.75
1387,Grenada,2014,6.083333333333333
1388,Grenada,2015,1.8333333333333333
1389,Grenada,2016,4.25
1390,Grenada,2017,3.0833333333333335
1391,Grenada,2018,11.416666666666666
1392,Grenada,2019,1.3333333333333333
1393,Grenada,2020,3.8333333333333335
