,Country,year,infertility,Unnamed: 0
0,Afghanistan,2004,8.333333333333334,0.0
1,Afghanistan,2005,8.333333333333334,1.0
2,Afghanistan,2006,0.0,2.0
3,Afghanistan,2007,8.333333333333334,3.0
4,Afghanistan,2008,0.0,4.0
5,Afghanistan,2009,0.0,5.0
6,Afghanistan,2010,0.5,6.0
7,Afghanistan,2011,8.333333333333334,7.0
8,Afghanistan,2012,0.0,8.0
9,Afghanistan,2013,0.0833333333333333,9.0
10,Afghanistan,2014,0.5833333333333334,10.0
11,Afghanistan,2015,0.1666666666666666,11.0
12,Afghanistan,2016,0.3333333333333333,12.0
13,Afghanistan,2017,0.1666666666666666,13.0
14,Afghanistan,2018,0.4166666666666667,14.0
15,Afghanistan,2019,0.25,15.0
16,Afghanistan,2020,0.1666666666666666,16.0
17,Albania,2004,0.0,17.0
18,Albania,2005,0.0,18.0
19,Albania,2006,8.333333333333334,19.0
20,Albania,2007,8.333333333333334,20.0
21,Albania,2008,0.0,21.0
22,Albania,2009,8.333333333333334,22.0
23,Albania,2010,0.0,23.0
24,Albania,2011,0.6666666666666666,24.0
25,Albania,2012,8.583333333333334,25.0
26,Albania,2013,0.5833333333333334,26.0
27,Albania,2014,0.8333333333333334,27.0
28,Albania,2015,8.666666666666666,28.0
29,Albania,2016,0.3333333333333333,29.0
30,Albania,2017,1.0,30.0
31,Albania,2018,1.3333333333333333,31.0
32,Albania,2019,1.0,32.0
33,Albania,2020,1.8333333333333333,33.0
34,Algeria,2004,0.0,34.0
35,Algeria,2005,8.333333333333334,35.0
36,Algeria,2006,8.333333333333334,36.0
37,Algeria,2007,0.0,37.0
38,Algeria,2008,2.25,38.0
39,Algeria,2009,8.333333333333334,39.0
40,Algeria,2010,0.0,40.0
41,Algeria,2011,0.0,41.0
42,Algeria,2012,8.75,42.0
43,Algeria,2013,2.6666666666666665,43.0
44,Algeria,2014,0.25,44.0
45,Algeria,2015,0.25,45.0
46,Algeria,2016,0.5,46.0
47,Algeria,2017,0.0,47.0
48,Algeria,2018,1.5833333333333333,48.0
49,Algeria,2019,0.3333333333333333,49.0
50,Algeria,2020,0.6666666666666666,50.0
51,Antigua and Barbuda,2004,0.0,51.0
52,Antigua and Barbuda,2005,8.333333333333334,52.0
53,Antigua and Barbuda,2006,3.9166666666666665,53.0
54,Antigua and Barbuda,2007,12.25,54.0
55,Antigua and Barbuda,2008,0.0,55.0
56,Antigua and Barbuda,2009,3.9166666666666665,56.0
57,Antigua and Barbuda,2010,1.0833333333333333,57.0
58,Antigua and Barbuda,2011,9.5,58.0
59,Antigua and Barbuda,2012,3.9166666666666665,59.0
60,Antigua and Barbuda,2013,1.1666666666666667,60.0
61,Antigua and Barbuda,2014,1.0833333333333333,61.0
62,Antigua and Barbuda,2015,3.9166666666666665,62.0
63,Antigua and Barbuda,2016,2.083333333333333,63.0
64,Antigua and Barbuda,2017,1.25,64.0
65,Antigua and Barbuda,2018,0.4166666666666667,65.0
66,Antigua and Barbuda,2019,10.333333333333334,66.0
67,Antigua and Barbuda,2020,0.0,67.0
68,Argentina,2004,16.25,68.0
69,Argentina,2005,15.0,69.0
70,Argentina,2006,19.25,70.0
71,Argentina,2007,24.08333333333333,71.0
72,Argentina,2008,5.5,72.0
73,Argentina,2009,14.666666666666666,73.0
74,Argentina,2010,5.333333333333333,74.0
75,Argentina,2011,18.08333333333333,75.0
76,Argentina,2012,22.5,76.0
77,Argentina,2013,5.5,77.0
78,Argentina,2014,4.416666666666667,78.0
79,Argentina,2015,14.583333333333334,79.0
80,Argentina,2016,8.0,80.0
81,Argentina,2017,2.75,81.0
82,Argentina,2018,5.5,82.0
83,Argentina,2019,17.25,83.0
84,Argentina,2020,7.416666666666667,84.0
85,Australia,2004,69.91666666666667,85.0
86,Australia,2005,66.58333333333333,86.0
87,Australia,2006,60.5,87.0
88,Australia,2007,54.16666666666666,88.0
89,Australia,2008,57.583333333333336,89.0
90,Australia,2009,41.91666666666666,90.0
91,Australia,2010,50.16666666666666,91.0
92,Australia,2011,42.5,92.0
93,Australia,2012,42.41666666666666,93.0
94,Australia,2013,41.16666666666666,94.0
95,Australia,2014,44.833333333333336,95.0
96,Australia,2015,26.416666666666668,96.0
97,Australia,2016,40.083333333333336,97.0
98,Australia,2017,37.833333333333336,98.0
99,Australia,2018,37.16666666666666,99.0
100,Australia,2019,36.583333333333336,100.0
101,Australia,2020,36.333333333333336,101.0
102,Austria,2004,8.333333333333334,102.0
103,Austria,2005,0.0,103.0
104,Austria,2006,7.833333333333333,104.0
105,Austria,2007,8.0,105.0
106,Austria,2008,17.916666666666668,106.0
107,Austria,2009,5.75,107.0
108,Austria,2010,19.666666666666668,108.0
109,Austria,2011,12.583333333333334,109.0
110,Austria,2012,11.916666666666666,110.0
111,Austria,2013,10.166666666666666,111.0
112,Austria,2014,17.5,112.0
113,Austria,2015,14.0,113.0
114,Austria,2016,16.666666666666668,114.0
115,Austria,2017,16.166666666666668,115.0
116,Austria,2018,6.583333333333333,116.0
117,Austria,2019,15.833333333333334,117.0
118,Austria,2020,18.166666666666668,118.0
119,Azerbaijan,2004,0.0,119.0
120,Azerbaijan,2005,0.0,120.0
121,Azerbaijan,2006,0.0,121.0
122,Azerbaijan,2007,5.833333333333333,122.0
123,Azerbaijan,2008,0.0,123.0
124,Azerbaijan,2009,0.0,124.0
125,Azerbaijan,2010,6.5,125.0
126,Azerbaijan,2011,1.9166666666666667,126.0
127,Azerbaijan,2012,0.9166666666666666,127.0
128,Azerbaijan,2013,1.0,128.0
129,Azerbaijan,2014,0.3333333333333333,129.0
130,Azerbaijan,2015,0.8333333333333334,130.0
131,Azerbaijan,2016,0.3333333333333333,131.0
132,Azerbaijan,2017,6.666666666666667,132.0
133,Azerbaijan,2018,0.6666666666666666,133.0
134,Azerbaijan,2019,1.9166666666666667,134.0
135,Azerbaijan,2020,0.1666666666666666,135.0
136,Bahamas,2004,0.0,136.0
137,Bahamas,2005,8.333333333333334,137.0
138,Bahamas,2006,0.0,138.0
139,Bahamas,2007,8.333333333333334,139.0
140,Bahamas,2008,2.25,140.0
141,Bahamas,2009,3.583333333333333,141.0
142,Bahamas,2010,2.1666666666666665,142.0
143,Bahamas,2011,13.583333333333334,143.0
144,Bahamas,2012,5.916666666666667,144.0
145,Bahamas,2013,3.0,145.0
146,Bahamas,2014,3.083333333333333,146.0
147,Bahamas,2015,5.916666666666667,147.0
148,Bahamas,2016,3.9166666666666665,148.0
149,Bahamas,2017,6.166666666666667,149.0
150,Bahamas,2018,3.333333333333333,150.0
151,Bahamas,2019,15.083333333333334,151.0
152,Bahamas,2020,7.5,152.0
153,Bahrain,2004,15.416666666666666,153.0
154,Bahrain,2005,13.25,154.0
155,Bahrain,2006,22.0,155.0
156,Bahrain,2007,11.916666666666666,156.0
157,Bahrain,2008,11.75,157.0
158,Bahrain,2009,23.75,158.0
159,Bahrain,2010,12.25,159.0
160,Bahrain,2011,10.583333333333334,160.0
161,Bahrain,2012,11.833333333333334,161.0
162,Bahrain,2013,12.916666666666666,162.0
163,Bahrain,2014,7.416666666666667,163.0
164,Bahrain,2015,9.666666666666666,164.0
165,Bahrain,2016,13.416666666666666,165.0
166,Bahrain,2017,11.75,166.0
167,Bahrain,2018,17.916666666666668,167.0
168,Bahrain,2019,8.833333333333334,168.0
169,Bahrain,2020,13.833333333333334,169.0
170,Bangladesh,2004,0.0,170.0
171,Bangladesh,2005,12.833333333333334,171.0
172,Bangladesh,2006,14.083333333333334,172.0
173,Bangladesh,2007,14.5,173.0
174,Bangladesh,2008,15.75,174.0
175,Bangladesh,2009,15.416666666666666,175.0
176,Bangladesh,2010,5.666666666666667,176.0
177,Bangladesh,2011,7.416666666666667,177.0
178,Bangladesh,2012,9.166666666666666,178.0
179,Bangladesh,2013,19.58333333333333,179.0
180,Bangladesh,2014,7.166666666666667,180.0
181,Bangladesh,2015,5.916666666666667,181.0
182,Bangladesh,2016,11.5,182.0
183,Bangladesh,2017,4.583333333333333,183.0
184,Bangladesh,2018,8.416666666666666,184.0
185,Bangladesh,2019,6.833333333333333,185.0
186,Bangladesh,2020,9.333333333333334,186.0
187,Barbados,2004,0.0,187.0
188,Barbados,2005,0.0,188.0
189,Barbados,2006,3.25,189.0
190,Barbados,2007,6.833333333333333,190.0
191,Barbados,2008,7.5,191.0
192,Barbados,2009,3.25,192.0
193,Barbados,2010,4.666666666666667,193.0
194,Barbados,2011,4.166666666666667,194.0
195,Barbados,2012,6.833333333333333,195.0
196,Barbados,2013,3.4166666666666665,196.0
197,Barbados,2014,5.583333333333333,197.0
198,Barbados,2015,5.083333333333333,198.0
199,Barbados,2016,14.083333333333334,199.0
200,Barbados,2017,3.1666666666666665,200.0
201,Barbados,2018,1.0833333333333333,201.0
202,Barbados,2019,6.0,202.0
203,Barbados,2020,6.0,203.0
408,Belgium,2004,39.75,0.0
409,Belgium,2005,26.916666666666668,1.0
410,Belgium,2006,17.333333333333332,2.0
411,Belgium,2007,8.916666666666666,3.0
412,Belgium,2008,19.58333333333333,4.0
413,Belgium,2009,13.916666666666666,5.0
414,Belgium,2010,28.666666666666668,6.0
415,Belgium,2011,16.916666666666668,7.0
416,Belgium,2012,16.083333333333332,8.0
417,Belgium,2013,14.916666666666666,9.0
418,Belgium,2014,14.166666666666666,10.0
419,Belgium,2015,9.75,11.0
420,Belgium,2016,19.25,12.0
421,Belgium,2017,17.666666666666668,13.0
422,Belgium,2018,11.75,14.0
423,Belgium,2019,14.75,15.0
424,Belgium,2020,13.833333333333334,16.0
425,Belize,2004,0.0,17.0
426,Belize,2005,0.0,18.0
427,Belize,2006,0.0,19.0
428,Belize,2007,8.0,20.0
429,Belize,2008,0.0,21.0
430,Belize,2009,8.0,22.0
431,Belize,2010,8.333333333333334,23.0
432,Belize,2011,8.0,24.0
433,Belize,2012,6.25,25.0
434,Belize,2013,6.5,26.0
435,Belize,2014,13.083333333333334,27.0
436,Belize,2015,9.083333333333334,28.0
437,Belize,2016,10.75,29.0
438,Belize,2017,3.25,30.0
439,Belize,2018,4.75,31.0
440,Belize,2019,11.166666666666666,32.0
441,Belize,2020,5.166666666666667,33.0
442,Bhutan,2004,0.0,34.0
443,Bhutan,2005,0.0,35.0
444,Bhutan,2006,0.0,36.0
445,Bhutan,2007,0.0,37.0
446,Bhutan,2008,0.0,38.0
447,Bhutan,2009,0.0,39.0
448,Bhutan,2010,0.0,40.0
449,Bhutan,2011,0.0,41.0
450,Bhutan,2012,0.0,42.0
451,Bhutan,2013,3.8333333333333335,43.0
452,Bhutan,2014,0.0,44.0
453,Bhutan,2015,3.8333333333333335,45.0
454,Bhutan,2016,1.5833333333333333,46.0
455,Bhutan,2017,5.0,47.0
456,Bhutan,2018,9.25,48.0
457,Bhutan,2019,2.6666666666666665,49.0
458,Bhutan,2020,5.75,50.0
459,Bolivia,2004,15.5,51.0
460,Bolivia,2005,7.166666666666667,52.0
461,Bolivia,2006,0.0,53.0
462,Bolivia,2007,0.0,54.0
463,Bolivia,2008,7.166666666666667,55.0
464,Bolivia,2009,0.0,56.0
465,Bolivia,2010,0.0,57.0
466,Bolivia,2011,0.0,58.0
467,Bolivia,2012,0.0,59.0
468,Bolivia,2013,7.166666666666667,60.0
469,Bolivia,2014,9.916666666666666,61.0
470,Bolivia,2015,1.5833333333333333,62.0
471,Bolivia,2016,1.5833333333333333,63.0
472,Bolivia,2017,0.5,64.0
473,Bolivia,2018,1.6666666666666667,65.0
474,Bolivia,2019,1.4166666666666667,66.0
475,Bolivia,2020,1.5833333333333333,67.0
476,Bosnia and Herzegovina,2004,0.0,68.0
477,Bosnia and Herzegovina,2005,8.333333333333334,69.0
478,Bosnia and Herzegovina,2006,0.0,70.0
479,Bosnia and Herzegovina,2007,2.833333333333333,71.0
480,Bosnia and Herzegovina,2008,0.0,72.0
481,Bosnia and Herzegovina,2009,3.0,73.0
482,Bosnia and Herzegovina,2010,3.0,74.0
483,Bosnia and Herzegovina,2011,1.6666666666666667,75.0
484,Bosnia and Herzegovina,2012,0.3333333333333333,76.0
485,Bosnia and Herzegovina,2013,1.9166666666666667,77.0
486,Bosnia and Herzegovina,2014,11.75,78.0
487,Bosnia and Herzegovina,2015,0.5,79.0
488,Bosnia and Herzegovina,2016,0.1666666666666666,80.0
489,Bosnia and Herzegovina,2017,3.25,81.0
490,Bosnia and Herzegovina,2018,0.4166666666666667,82.0
491,Bosnia and Herzegovina,2019,2.75,83.0
492,Bosnia and Herzegovina,2020,5.75,84.0
493,Botswana,2004,0.0,85.0
494,Botswana,2005,0.0,86.0
495,Botswana,2006,8.333333333333334,87.0
496,Botswana,2007,8.333333333333334,88.0
497,Botswana,2008,2.4166666666666665,89.0
498,Botswana,2009,15.833333333333334,90.0
499,Botswana,2010,8.583333333333334,91.0
500,Botswana,2011,3.0,92.0
501,Botswana,2012,14.25,93.0
502,Botswana,2013,5.5,94.0
503,Botswana,2014,5.25,95.0
504,Botswana,2015,13.75,96.0
505,Botswana,2016,9.75,97.0
506,Botswana,2017,9.25,98.0
507,Botswana,2018,7.25,99.0
508,Botswana,2019,4.833333333333333,100.0
509,Botswana,2020,11.083333333333334,101.0
918,Brunei Darussalam,2004,8.333333333333334,0.0
919,Brunei Darussalam,2005,14.75,1.0
920,Brunei Darussalam,2006,0.0,2.0
921,Brunei Darussalam,2007,6.416666666666667,3.0
922,Brunei Darussalam,2008,8.333333333333334,4.0
923,Brunei Darussalam,2009,0.8333333333333334,5.0
924,Brunei Darussalam,2010,0.8333333333333334,6.0
925,Brunei Darussalam,2011,7.666666666666667,7.0
926,Brunei Darussalam,2012,1.25,8.0
927,Brunei Darussalam,2013,10.083333333333334,9.0
928,Brunei Darussalam,2014,0.3333333333333333,10.0
929,Brunei Darussalam,2015,1.5,11.0
930,Brunei Darussalam,2016,1.8333333333333333,12.0
931,Brunei Darussalam,2017,1.0,13.0
932,Brunei Darussalam,2018,1.3333333333333333,14.0
933,Brunei Darussalam,2019,7.166666666666667,15.0
934,Brunei Darussalam,2020,1.1666666666666667,16.0
935,Bulgaria,2004,15.75,17.0
936,Bulgaria,2005,7.416666666666667,18.0
937,Bulgaria,2006,7.416666666666667,19.0
938,Bulgaria,2007,10.0,20.0
939,Bulgaria,2008,3.6666666666666665,21.0
940,Bulgaria,2009,8.5,22.0
941,Bulgaria,2010,1.75,23.0
942,Bulgaria,2011,3.083333333333333,24.0
943,Bulgaria,2012,2.6666666666666665,25.0
944,Bulgaria,2013,2.333333333333333,26.0
945,Bulgaria,2014,10.583333333333334,27.0
946,Bulgaria,2015,10.666666666666666,28.0
947,Bulgaria,2016,8.5,29.0
948,Bulgaria,2017,3.083333333333333,30.0
949,Bulgaria,2018,3.0,31.0
950,Bulgaria,2019,3.083333333333333,32.0
951,Bulgaria,2020,12.583333333333334,33.0
952,Cambodia,2004,0.0,34.0
953,Cambodia,2005,0.0,35.0
954,Cambodia,2006,0.0,36.0
955,Cambodia,2007,8.333333333333334,37.0
956,Cambodia,2008,6.5,38.0
957,Cambodia,2009,6.416666666666667,39.0
958,Cambodia,2010,0.0,40.0
959,Cambodia,2011,1.0,41.0
960,Cambodia,2012,0.4166666666666667,42.0
961,Cambodia,2013,0.9166666666666666,43.0
962,Cambodia,2014,22.166666666666668,44.0
963,Cambodia,2015,1.75,45.0
964,Cambodia,2016,0.5833333333333334,46.0
965,Cambodia,2017,0.8333333333333334,47.0
966,Cambodia,2018,0.5833333333333334,48.0
967,Cambodia,2019,1.6666666666666667,49.0
968,Cambodia,2020,0.5833333333333334,50.0
969,Cameroon,2004,0.0,51.0
970,Cameroon,2005,0.0,52.0
971,Cameroon,2006,0.0,53.0
972,Cameroon,2007,0.0,54.0
973,Cameroon,2008,11.583333333333334,55.0
974,Cameroon,2009,3.25,56.0
975,Cameroon,2010,13.416666666666666,57.0
976,Cameroon,2011,1.8333333333333333,58.0
977,Cameroon,2012,1.4166666666666667,59.0
978,Cameroon,2013,7.833333333333333,60.0
979,Cameroon,2014,2.5,61.0
980,Cameroon,2015,10.75,62.0
981,Cameroon,2016,6.0,63.0
982,Cameroon,2017,8.25,64.0
983,Cameroon,2018,4.916666666666667,65.0
984,Cameroon,2019,5.75,66.0
985,Cameroon,2020,6.083333333333333,67.0
986,Canada,2004,74.08333333333333,68.0
987,Canada,2005,65.16666666666667,69.0
988,Canada,2006,62.0,70.0
989,Canada,2007,55.16666666666666,71.0
990,Canada,2008,57.583333333333336,72.0
991,Canada,2009,49.91666666666666,73.0
992,Canada,2010,51.083333333333336,74.0
993,Canada,2011,45.75,75.0
994,Canada,2012,43.083333333333336,76.0
995,Canada,2013,46.25,77.0
996,Canada,2014,44.75,78.0
997,Canada,2015,39.91666666666666,79.0
998,Canada,2016,40.91666666666666,80.0
999,Canada,2017,40.91666666666666,81.0
1000,Canada,2018,39.66666666666666,82.0
1001,Canada,2019,37.333333333333336,83.0
1002,Canada,2020,41.16666666666666,84.0
1003,Cayman Islands,2004,0.0,85.0
1004,Cayman Islands,2005,0.0,86.0
1005,Cayman Islands,2006,0.0,87.0
1006,Cayman Islands,2007,13.416666666666666,88.0
1007,Cayman Islands,2008,0.0,89.0
1008,Cayman Islands,2009,7.833333333333333,90.0
1009,Cayman Islands,2010,2.6666666666666665,91.0
1010,Cayman Islands,2011,16.166666666666668,92.0
1011,Cayman Islands,2012,7.166666666666667,93.0
1012,Cayman Islands,2013,6.083333333333333,94.0
1013,Cayman Islands,2014,1.25,95.0
1014,Cayman Islands,2015,10.5,96.0
1015,Cayman Islands,2016,1.5,97.0
1016,Cayman Islands,2017,4.916666666666667,98.0
1017,Cayman Islands,2018,5.666666666666667,99.0
1018,Cayman Islands,2019,14.25,100.0
1019,Cayman Islands,2020,5.0,101.0
1020,Chile,2004,15.916666666666666,102.0
1021,Chile,2005,6.083333333333333,103.0
1022,Chile,2006,8.166666666666666,104.0
1023,Chile,2007,8.916666666666666,105.0
1024,Chile,2008,18.916666666666668,106.0
1025,Chile,2009,3.25,107.0
1026,Chile,2010,12.25,108.0
1027,Chile,2011,4.5,109.0
1028,Chile,2012,3.1666666666666665,110.0
1029,Chile,2013,5.833333333333333,111.0
1030,Chile,2014,7.916666666666667,112.0
1031,Chile,2015,1.5833333333333333,113.0
1032,Chile,2016,4.75,114.0
1033,Chile,2017,3.4166666666666665,115.0
1034,Chile,2018,5.083333333333333,116.0
1035,Chile,2019,2.75,117.0
1036,Chile,2020,5.416666666666667,118.0
1037,China,2004,3.75,119.0
1038,China,2005,3.9166666666666665,120.0
1039,China,2006,3.1666666666666665,121.0
1040,China,2007,3.75,122.0
1041,China,2008,2.333333333333333,123.0
1042,China,2009,4.0,124.0
1043,China,2010,3.083333333333333,125.0
1044,China,2011,2.9166666666666665,126.0
1045,China,2012,4.25,127.0
1046,China,2013,3.083333333333333,128.0
1047,China,2014,4.166666666666667,129.0
1048,China,2015,7.25,130.0
1049,China,2016,8.916666666666666,131.0
1050,China,2017,4.666666666666667,132.0
1051,China,2018,6.833333333333333,133.0
1052,China,2019,8.666666666666666,134.0
1053,China,2020,8.5,135.0
1054,Colombia,2004,12.25,136.0
1055,Colombia,2005,10.666666666666666,137.0
1056,Colombia,2006,13.083333333333334,138.0
1057,Colombia,2007,5.166666666666667,139.0
1058,Colombia,2008,17.333333333333332,140.0
1059,Colombia,2009,7.166666666666667,141.0
1060,Colombia,2010,8.25,142.0
1061,Colombia,2011,3.8333333333333335,143.0
1062,Colombia,2012,2.75,144.0
1063,Colombia,2013,7.833333333333333,145.0
1064,Colombia,2014,1.5,146.0
1065,Colombia,2015,3.583333333333333,147.0
1066,Colombia,2016,1.1666666666666667,148.0
1067,Colombia,2017,6.833333333333333,149.0
1068,Colombia,2018,8.583333333333334,150.0
1069,Colombia,2019,2.5,151.0
1070,Colombia,2020,1.4166666666666667,152.0
1071,Croatia,2004,30.666666666666668,153.0
1072,Croatia,2005,12.0,154.0
1073,Croatia,2006,7.916666666666667,155.0
1074,Croatia,2007,15.0,156.0
1075,Croatia,2008,19.58333333333333,157.0
1076,Croatia,2009,4.666666666666667,158.0
1077,Croatia,2010,12.916666666666666,159.0
1078,Croatia,2011,5.833333333333333,160.0
1079,Croatia,2012,2.583333333333333,161.0
1080,Croatia,2013,2.75,162.0
1081,Croatia,2014,8.5,163.0
1082,Croatia,2015,4.916666666666667,164.0
1083,Croatia,2016,4.0,165.0
1084,Croatia,2017,6.0,166.0
1085,Croatia,2018,2.583333333333333,167.0
1086,Croatia,2019,2.9166666666666665,168.0
1087,Croatia,2020,9.416666666666666,169.0
1088,Cyprus,2004,5.916666666666667,170.0
1089,Cyprus,2005,5.166666666666667,171.0
1090,Cyprus,2006,14.833333333333334,172.0
1091,Cyprus,2007,3.1666666666666665,173.0
1092,Cyprus,2008,6.166666666666667,174.0
1093,Cyprus,2009,8.333333333333334,175.0
1094,Cyprus,2010,17.416666666666668,176.0
1095,Cyprus,2011,12.75,177.0
1096,Cyprus,2012,13.666666666666666,178.0
1097,Cyprus,2013,4.083333333333333,179.0
1098,Cyprus,2014,1.75,180.0
1099,Cyprus,2015,5.916666666666667,181.0
1100,Cyprus,2016,14.583333333333334,182.0
1101,Cyprus,2017,13.166666666666666,183.0
1102,Cyprus,2018,3.75,184.0
1103,Cyprus,2019,7.083333333333333,185.0
1104,Cyprus,2020,24.25,186.0
1105,Czech Republic,2004,21.33333333333333,187.0
1106,Czech Republic,2005,15.333333333333334,188.0
1107,Czech Republic,2006,10.916666666666666,189.0
1108,Czech Republic,2007,4.0,190.0
1109,Czech Republic,2008,3.5,191.0
1110,Czech Republic,2009,13.333333333333334,192.0
1111,Czech Republic,2010,2.9166666666666665,193.0
1112,Czech Republic,2011,3.0,194.0
1113,Czech Republic,2012,7.666666666666667,195.0
1114,Czech Republic,2013,2.083333333333333,196.0
1115,Czech Republic,2014,10.0,197.0
1116,Czech Republic,2015,7.0,198.0
1117,Czech Republic,2016,5.25,199.0
1118,Czech Republic,2017,3.5,200.0
1119,Czech Republic,2018,1.25,201.0
1120,Czech Republic,2019,4.0,202.0
1121,Czech Republic,2020,2.0,203.0
2142,Denmark,2004,33.333333333333336,0.0
2143,Denmark,2005,38.91666666666666,1.0
2144,Denmark,2006,28.75,2.0
2145,Denmark,2007,25.25,3.0
2146,Denmark,2008,27.25,4.0
2147,Denmark,2009,16.75,5.0
2148,Denmark,2010,30.58333333333333,6.0
2149,Denmark,2011,11.666666666666666,7.0
2150,Denmark,2012,20.33333333333333,8.0
2151,Denmark,2013,20.83333333333333,9.0
2152,Denmark,2014,11.0,10.0
2153,Denmark,2015,14.916666666666666,11.0
2154,Denmark,2016,24.0,12.0
2155,Denmark,2017,26.25,13.0
2156,Denmark,2018,17.916666666666668,14.0
2157,Denmark,2019,10.666666666666666,15.0
2158,Denmark,2020,21.08333333333333,16.0
2159,Dominica,2004,8.333333333333334,17.0
2160,Dominica,2005,0.0,18.0
2161,Dominica,2006,2.4166666666666665,19.0
2162,Dominica,2007,0.0,20.0
2163,Dominica,2008,1.3333333333333333,21.0
2164,Dominica,2009,2.9166666666666665,22.0
2165,Dominica,2010,0.0,23.0
2166,Dominica,2011,0.0,24.0
2167,Dominica,2012,1.5,25.0
2168,Dominica,2013,0.5,26.0
2169,Dominica,2014,4.583333333333333,27.0
2170,Dominica,2015,0.5833333333333334,28.0
2171,Dominica,2016,0.1666666666666666,29.0
2172,Dominica,2017,0.0833333333333333,30.0
2173,Dominica,2018,1.5,31.0
2174,Dominica,2019,0.1666666666666666,32.0
2175,Dominica,2020,0.75,33.0
2176,Dominican Republic,2004,0.0,34.0
2177,Dominican Republic,2005,0.0,35.0
2178,Dominican Republic,2006,8.333333333333334,36.0
2179,Dominican Republic,2007,0.0,37.0
2180,Dominican Republic,2008,3.6666666666666665,38.0
2181,Dominican Republic,2009,0.0,39.0
2182,Dominican Republic,2010,3.583333333333333,40.0
2183,Dominican Republic,2011,3.583333333333333,41.0
2184,Dominican Republic,2012,9.75,42.0
2185,Dominican Republic,2013,1.3333333333333333,43.0
2186,Dominican Republic,2014,5.583333333333333,44.0
2187,Dominican Republic,2015,1.0833333333333333,45.0
2188,Dominican Republic,2016,1.0,46.0
2189,Dominican Republic,2017,3.583333333333333,47.0
2190,Dominican Republic,2018,2.25,48.0
2191,Dominican Republic,2019,1.5,49.0
2192,Dominican Republic,2020,2.333333333333333,50.0
2193,Ecuador,2004,8.333333333333334,51.0
2194,Ecuador,2005,8.333333333333334,52.0
2195,Ecuador,2006,8.333333333333334,53.0
2196,Ecuador,2007,8.333333333333334,54.0
2197,Ecuador,2008,0.0,55.0
2198,Ecuador,2009,8.333333333333334,56.0
2199,Ecuador,2010,0.0,57.0
2200,Ecuador,2011,1.4166666666666667,58.0
2201,Ecuador,2012,0.1666666666666666,59.0
2202,Ecuador,2013,0.3333333333333333,60.0
2203,Ecuador,2014,0.3333333333333333,61.0
2204,Ecuador,2015,9.0,62.0
2205,Ecuador,2016,0.25,63.0
2206,Ecuador,2017,0.25,64.0
2207,Ecuador,2018,0.5833333333333334,65.0
2208,Ecuador,2019,1.5,66.0
2209,Ecuador,2020,1.8333333333333333,67.0
2210,Egypt,2004,55.16666666666666,68.0
2211,Egypt,2005,42.0,69.0
2212,Egypt,2006,28.416666666666668,70.0
2213,Egypt,2007,34.083333333333336,71.0
2214,Egypt,2008,31.83333333333333,72.0
2215,Egypt,2009,17.0,73.0
2216,Egypt,2010,18.0,74.0
2217,Egypt,2011,22.25,75.0
2218,Egypt,2012,18.0,76.0
2219,Egypt,2013,17.083333333333332,77.0
2220,Egypt,2014,16.25,78.0
2221,Egypt,2015,15.0,79.0
2222,Egypt,2016,9.666666666666666,80.0
2223,Egypt,2017,10.25,81.0
2224,Egypt,2018,16.916666666666668,82.0
2225,Egypt,2019,13.25,83.0
2226,Egypt,2020,6.166666666666667,84.0
2227,Estonia,2004,0.0,85.0
2228,Estonia,2005,0.0,86.0
2229,Estonia,2006,0.0,87.0
2230,Estonia,2007,5.083333333333333,88.0
2231,Estonia,2008,7.416666666666667,89.0
2232,Estonia,2009,15.166666666666666,90.0
2233,Estonia,2010,10.166666666666666,91.0
2234,Estonia,2011,9.583333333333334,92.0
2235,Estonia,2012,5.75,93.0
2236,Estonia,2013,8.916666666666666,94.0
2237,Estonia,2014,6.75,95.0
2238,Estonia,2015,17.333333333333332,96.0
2239,Estonia,2016,17.333333333333332,97.0
2240,Estonia,2017,8.416666666666666,98.0
2241,Estonia,2018,9.416666666666666,99.0
2242,Estonia,2019,15.0,100.0
2243,Estonia,2020,14.75,101.0
2244,Eswatini,2004,0.0,102.0
2245,Eswatini,2005,0.0,103.0
2246,Eswatini,2006,0.0,104.0
2247,Eswatini,2007,0.0,105.0
2248,Eswatini,2008,0.0,106.0
2249,Eswatini,2009,0.0,107.0
2250,Eswatini,2010,0.0,108.0
2251,Eswatini,2011,0.0,109.0
2252,Eswatini,2012,0.0,110.0
2253,Eswatini,2013,0.4166666666666667,111.0
2254,Eswatini,2014,0.3333333333333333,112.0
2255,Eswatini,2015,0.4166666666666667,113.0
2256,Eswatini,2016,9.5,114.0
2257,Eswatini,2017,0.3333333333333333,115.0
2258,Eswatini,2018,0.9166666666666666,116.0
2259,Eswatini,2019,0.3333333333333333,117.0
2260,Eswatini,2020,0.25,118.0
2261,Ethiopia,2004,8.333333333333334,119.0
2262,Ethiopia,2005,8.333333333333334,120.0
2263,Ethiopia,2006,0.0,121.0
2264,Ethiopia,2007,11.916666666666666,122.0
2265,Ethiopia,2008,3.25,123.0
2266,Ethiopia,2009,6.666666666666667,124.0
2267,Ethiopia,2010,5.416666666666667,125.0
2268,Ethiopia,2011,15.916666666666666,126.0
2269,Ethiopia,2012,5.083333333333333,127.0
2270,Ethiopia,2013,4.75,128.0
2271,Ethiopia,2014,4.416666666666667,129.0
2272,Ethiopia,2015,5.416666666666667,130.0
2273,Ethiopia,2016,11.5,131.0
2274,Ethiopia,2017,6.416666666666667,132.0
2275,Ethiopia,2018,4.666666666666667,133.0
2276,Ethiopia,2019,6.083333333333333,134.0
2277,Ethiopia,2020,4.416666666666667,135.0
2278,Fiji,2004,0.0,136.0
2279,Fiji,2005,8.333333333333334,137.0
2280,Fiji,2006,0.0,138.0
2281,Fiji,2007,10.416666666666666,139.0
2282,Fiji,2008,3.583333333333333,140.0
2283,Fiji,2009,1.8333333333333333,141.0
2284,Fiji,2010,0.0,142.0
2285,Fiji,2011,12.25,143.0
2286,Fiji,2012,2.25,144.0
2287,Fiji,2013,4.416666666666667,145.0
2288,Fiji,2014,1.0,146.0
2289,Fiji,2015,2.083333333333333,147.0
2290,Fiji,2016,0.1666666666666666,148.0
2291,Fiji,2017,1.5833333333333333,149.0
2292,Fiji,2018,0.5,150.0
2293,Fiji,2019,9.166666666666666,151.0
2294,Fiji,2020,2.9166666666666665,152.0
2295,Finland,2004,13.666666666666666,153.0
2296,Finland,2005,9.666666666666666,154.0
2297,Finland,2006,12.5,155.0
2298,Finland,2007,4.5,156.0
2299,Finland,2008,23.25,157.0
2300,Finland,2009,7.833333333333333,158.0
2301,Finland,2010,7.833333333333333,159.0
2302,Finland,2011,11.75,160.0
2303,Finland,2012,7.583333333333333,161.0
2304,Finland,2013,16.166666666666668,162.0
2305,Finland,2014,17.916666666666668,163.0
2306,Finland,2015,11.833333333333334,164.0
2307,Finland,2016,17.916666666666668,165.0
2308,Finland,2017,11.333333333333334,166.0
2309,Finland,2018,24.75,167.0
2310,Finland,2019,19.25,168.0
2311,Finland,2020,13.166666666666666,169.0
2312,France,2004,46.66666666666666,170.0
2313,France,2005,30.08333333333333,171.0
2314,France,2006,22.666666666666668,172.0
2315,France,2007,18.75,173.0
2316,France,2008,15.916666666666666,174.0
2317,France,2009,11.75,175.0
2318,France,2010,12.416666666666666,176.0
2319,France,2011,15.916666666666666,177.0
2320,France,2012,11.25,178.0
2321,France,2013,13.833333333333334,179.0
2322,France,2014,8.416666666666666,180.0
2323,France,2015,8.416666666666666,181.0
2324,France,2016,10.166666666666666,182.0
2325,France,2017,7.333333333333333,183.0
2326,France,2018,9.166666666666666,184.0
2327,France,2019,11.333333333333334,185.0
2328,France,2020,9.333333333333334,186.0
2329,Gambia,2004,0.0,187.0
2330,Gambia,2005,0.0,188.0
2331,Gambia,2006,0.0,189.0
2332,Gambia,2007,8.333333333333334,190.0
2333,Gambia,2008,7.083333333333333,191.0
2334,Gambia,2009,0.0,192.0
2335,Gambia,2010,0.0,193.0
2336,Gambia,2011,0.0,194.0
2337,Gambia,2012,4.916666666666667,195.0
2338,Gambia,2013,11.583333333333334,196.0
2339,Gambia,2014,9.833333333333334,197.0
2340,Gambia,2015,1.0833333333333333,198.0
2341,Gambia,2016,2.083333333333333,199.0
2342,Gambia,2017,0.0,200.0
2343,Gambia,2018,5.416666666666667,201.0
2344,Gambia,2019,1.0833333333333333,202.0
2345,Gambia,2020,2.1666666666666665,203.0
2346,Georgia,2004,0.0,204.0
2347,Georgia,2005,8.333333333333334,205.0
2348,Georgia,2006,0.0,206.0
2349,Georgia,2007,0.0,207.0
2350,Georgia,2008,3.4166666666666665,208.0
2351,Georgia,2009,1.25,209.0
2352,Georgia,2010,3.4166666666666665,210.0
2353,Georgia,2011,0.0,211.0
2354,Georgia,2012,1.25,212.0
2355,Georgia,2013,0.0,213.0
2356,Georgia,2014,8.416666666666666,214.0
2357,Georgia,2015,0.0833333333333333,215.0
2358,Georgia,2016,0.1666666666666666,216.0
2359,Georgia,2017,0.3333333333333333,217.0
2360,Georgia,2018,0.25,218.0
2361,Georgia,2019,0.25,219.0
2362,Georgia,2020,0.4166666666666667,220.0
2363,Germany,2004,44.75,221.0
2364,Germany,2005,39.66666666666666,222.0
2365,Germany,2006,43.41666666666666,223.0
2366,Germany,2007,45.25,224.0
2367,Germany,2008,46.91666666666666,225.0
2368,Germany,2009,37.16666666666666,226.0
2369,Germany,2010,42.75,227.0
2370,Germany,2011,40.66666666666666,228.0
2371,Germany,2012,38.25,229.0
2372,Germany,2013,43.333333333333336,230.0
2373,Germany,2014,37.083333333333336,231.0
2374,Germany,2015,37.583333333333336,232.0
2375,Germany,2016,32.833333333333336,233.0
2376,Germany,2017,33.75,234.0
2377,Germany,2018,30.666666666666668,235.0
2378,Germany,2019,34.833333333333336,236.0
2379,Germany,2020,30.666666666666668,237.0
2380,Ghana,2004,23.5,238.0
2381,Ghana,2005,13.583333333333334,239.0
2382,Ghana,2006,12.333333333333334,240.0
2383,Ghana,2007,0.0,241.0
2384,Ghana,2008,13.166666666666666,242.0
2385,Ghana,2009,14.833333333333334,243.0
2386,Ghana,2010,12.75,244.0
2387,Ghana,2011,5.333333333333333,245.0
2388,Ghana,2012,8.5,246.0
2389,Ghana,2013,8.833333333333334,247.0
2390,Ghana,2014,14.666666666666666,248.0
2391,Ghana,2015,6.666666666666667,249.0
2392,Ghana,2016,10.333333333333334,250.0
2393,Ghana,2017,11.916666666666666,251.0
2394,Ghana,2018,8.75,252.0
2395,Ghana,2019,6.0,253.0
2396,Ghana,2020,12.666666666666666,254.0
2397,Greece,2004,22.83333333333333,255.0
2398,Greece,2005,9.666666666666666,256.0
2399,Greece,2006,26.33333333333333,257.0
2400,Greece,2007,12.416666666666666,258.0
2401,Greece,2008,8.25,259.0
2402,Greece,2009,5.75,260.0
2403,Greece,2010,4.833333333333333,261.0
2404,Greece,2011,4.916666666666667,262.0
2405,Greece,2012,13.5,263.0
2406,Greece,2013,3.083333333333333,264.0
2407,Greece,2014,8.583333333333334,265.0
2408,Greece,2015,4.75,266.0
2409,Greece,2016,7.083333333333333,267.0
2410,Greece,2017,2.25,268.0
2411,Greece,2018,6.833333333333333,269.0
2412,Greece,2019,5.333333333333333,270.0
2413,Greece,2020,4.916666666666667,271.0
2414,Grenada,2004,0.0,272.0
2415,Grenada,2005,0.0,273.0
2416,Grenada,2006,0.0,274.0
2417,Grenada,2007,0.0,275.0
2418,Grenada,2008,1.25,276.0
2419,Grenada,2009,0.0,277.0
2420,Grenada,2010,1.4166666666666667,278.0
2421,Grenada,2011,0.0,279.0
2422,Grenada,2012,0.0,280.0
2423,Grenada,2013,1.5833333333333333,281.0
2424,Grenada,2014,0.3333333333333333,282.0
2425,Grenada,2015,0.0,283.0
2426,Grenada,2016,1.1666666666666667,284.0
2427,Grenada,2017,0.5833333333333334,285.0
2428,Grenada,2018,0.6666666666666666,286.0
2429,Grenada,2019,0.6666666666666666,287.0
2430,Grenada,2020,0.1666666666666666,288.0
2431,Guam,2004,0.0,289.0
2432,Guam,2005,0.0,290.0
2433,Guam,2006,0.0,291.0
2434,Guam,2007,0.0,292.0
2435,Guam,2008,0.0,293.0
2436,Guam,2009,2.083333333333333,294.0
2437,Guam,2010,1.9166666666666667,295.0
2438,Guam,2011,1.6666666666666667,296.0
2439,Guam,2012,5.166666666666667,297.0
2440,Guam,2013,2.6666666666666665,298.0
2441,Guam,2014,5.75,299.0
2442,Guam,2015,3.8333333333333335,300.0
2443,Guam,2016,2.1666666666666665,301.0
2444,Guam,2017,0.5,302.0
2445,Guam,2018,4.166666666666667,303.0
2446,Guam,2019,4.083333333333333,304.0
2447,Guam,2020,2.583333333333333,305.0
2448,Guyana,2004,8.333333333333334,306.0
2449,Guyana,2005,8.333333333333334,307.0
2450,Guyana,2006,3.8333333333333335,308.0
2451,Guyana,2007,0.0,309.0
2452,Guyana,2008,10.0,310.0
2453,Guyana,2009,4.416666666666667,311.0
2454,Guyana,2010,1.0833333333333333,312.0
2455,Guyana,2011,1.0833333333333333,313.0
2456,Guyana,2012,3.083333333333333,314.0
2457,Guyana,2013,11.833333333333334,315.0
2458,Guyana,2014,4.583333333333333,316.0
2459,Guyana,2015,3.333333333333333,317.0
2460,Guyana,2016,0.5,318.0
2461,Guyana,2017,2.6666666666666665,319.0
2462,Guyana,2018,3.1666666666666665,320.0
2463,Guyana,2019,0.9166666666666666,321.0
2464,Guyana,2020,1.3333333333333333,322.0
2465,Hong Kong,2004,27.83333333333333,323.0
2466,Hong Kong,2005,36.91666666666666,324.0
2467,Hong Kong,2006,28.08333333333333,325.0
2468,Hong Kong,2007,18.916666666666668,326.0
2469,Hong Kong,2008,20.5,327.0
2470,Hong Kong,2009,25.0,328.0
2471,Hong Kong,2010,30.08333333333333,329.0
2472,Hong Kong,2011,15.25,330.0
2473,Hong Kong,2012,18.416666666666668,331.0
2474,Hong Kong,2013,16.666666666666668,332.0
2475,Hong Kong,2014,14.416666666666666,333.0
2476,Hong Kong,2015,15.333333333333334,334.0
2477,Hong Kong,2016,19.58333333333333,335.0
2478,Hong Kong,2017,18.25,336.0
2479,Hong Kong,2018,17.416666666666668,337.0
2480,Hong Kong,2019,13.333333333333334,338.0
2481,Hong Kong,2020,27.58333333333333,339.0
2482,Hungary,2004,18.416666666666668,340.0
2483,Hungary,2005,14.75,341.0
2484,Hungary,2006,25.08333333333333,342.0
2485,Hungary,2007,19.416666666666668,343.0
2486,Hungary,2008,8.166666666666666,344.0
2487,Hungary,2009,11.666666666666666,345.0
2488,Hungary,2010,10.75,346.0
2489,Hungary,2011,13.083333333333334,347.0
2490,Hungary,2012,14.416666666666666,348.0
2491,Hungary,2013,7.333333333333333,349.0
2492,Hungary,2014,8.666666666666666,350.0
2493,Hungary,2015,6.75,351.0
2494,Hungary,2016,3.25,352.0
2495,Hungary,2017,5.25,353.0
2496,Hungary,2018,4.583333333333333,354.0
2497,Hungary,2019,3.6666666666666665,355.0
2498,Hungary,2020,9.833333333333334,356.0
2499,Iceland,2004,8.333333333333334,357.0
2500,Iceland,2005,0.0,358.0
2501,Iceland,2006,2.1666666666666665,359.0
2502,Iceland,2007,2.1666666666666665,360.0
2503,Iceland,2008,1.8333333333333333,361.0
2504,Iceland,2009,2.1666666666666665,362.0
2505,Iceland,2010,10.166666666666666,363.0
2506,Iceland,2011,0.9166666666666666,364.0
2507,Iceland,2012,4.916666666666667,365.0
2508,Iceland,2013,1.0833333333333333,366.0
2509,Iceland,2014,1.25,367.0
2510,Iceland,2015,3.5,368.0
2511,Iceland,2016,3.25,369.0
2512,Iceland,2017,1.8333333333333333,370.0
2513,Iceland,2018,2.583333333333333,371.0
2514,Iceland,2019,1.6666666666666667,372.0
2515,Iceland,2020,1.0833333333333333,373.0
2516,India,2004,75.58333333333333,374.0
2517,India,2005,70.16666666666667,375.0
2518,India,2006,59.583333333333336,376.0
2519,India,2007,56.66666666666666,377.0
2520,India,2008,50.16666666666666,378.0
2521,India,2009,47.0,379.0
2522,India,2010,50.833333333333336,380.0
2523,India,2011,43.333333333333336,381.0
2524,India,2012,39.5,382.0
2525,India,2013,39.25,383.0
2526,India,2014,35.75,384.0
2527,India,2015,34.0,385.0
2528,India,2016,33.25,386.0
2529,India,2017,33.666666666666664,387.0
2530,India,2018,28.166666666666668,388.0
2531,India,2019,27.75,389.0
2532,India,2020,25.916666666666668,390.0
2533,Indonesia,2004,22.33333333333333,391.0
2534,Indonesia,2005,15.0,392.0
2535,Indonesia,2006,10.833333333333334,393.0
2536,Indonesia,2007,11.166666666666666,394.0
2537,Indonesia,2008,18.0,395.0
2538,Indonesia,2009,4.0,396.0
2539,Indonesia,2010,6.083333333333333,397.0
2540,Indonesia,2011,5.333333333333333,398.0
2541,Indonesia,2012,5.416666666666667,399.0
2542,Indonesia,2013,8.75,400.0
2543,Indonesia,2014,5.916666666666667,401.0
2544,Indonesia,2015,2.833333333333333,402.0
2545,Indonesia,2016,5.583333333333333,403.0
2546,Indonesia,2017,2.333333333333333,404.0
2547,Indonesia,2018,1.75,405.0
2548,Indonesia,2019,4.916666666666667,406.0
2549,Indonesia,2020,3.25,407.0
2550,Iran,2004,27.416666666666668,408.0
2551,Iran,2005,18.416666666666668,409.0
2552,Iran,2006,14.666666666666666,410.0
2553,Iran,2007,10.583333333333334,411.0
2554,Iran,2008,10.75,412.0
2555,Iran,2009,13.583333333333334,413.0
2556,Iran,2010,13.583333333333334,414.0
2557,Iran,2011,8.0,415.0
2558,Iran,2012,9.75,416.0
2559,Iran,2013,8.083333333333334,417.0
2560,Iran,2014,2.75,418.0
2561,Iran,2015,7.083333333333333,419.0
2562,Iran,2016,4.25,420.0
2563,Iran,2017,7.666666666666667,421.0
2564,Iran,2018,6.25,422.0
2565,Iran,2019,3.1666666666666665,423.0
2566,Iran,2020,4.416666666666667,424.0
2567,Iraq,2004,8.333333333333334,425.0
2568,Iraq,2005,0.0,426.0
2569,Iraq,2006,1.8333333333333333,427.0
2570,Iraq,2007,0.0,428.0
2571,Iraq,2008,0.9166666666666666,429.0
2572,Iraq,2009,0.0,430.0
2573,Iraq,2010,1.5833333333333333,431.0
2574,Iraq,2011,0.0833333333333333,432.0
2575,Iraq,2012,0.6666666666666666,433.0
2576,Iraq,2013,0.3333333333333333,434.0
2577,Iraq,2014,0.0833333333333333,435.0
2578,Iraq,2015,0.0833333333333333,436.0
2579,Iraq,2016,0.4166666666666667,437.0
2580,Iraq,2017,0.25,438.0
2581,Iraq,2018,1.25,439.0
2582,Iraq,2019,0.0833333333333333,440.0
2583,Iraq,2020,0.5,441.0
2584,Ireland,2004,44.833333333333336,442.0
2585,Ireland,2005,40.16666666666666,443.0
2586,Ireland,2006,22.25,444.0
2587,Ireland,2007,33.25,445.0
2588,Ireland,2008,16.333333333333332,446.0
2589,Ireland,2009,16.833333333333332,447.0
2590,Ireland,2010,19.25,448.0
2591,Ireland,2011,23.166666666666668,449.0
2592,Ireland,2012,17.916666666666668,450.0
2593,Ireland,2013,15.25,451.0
2594,Ireland,2014,19.5,452.0
2595,Ireland,2015,10.666666666666666,453.0
2596,Ireland,2016,14.666666666666666,454.0
2597,Ireland,2017,13.166666666666666,455.0
2598,Ireland,2018,12.333333333333334,456.0
2599,Ireland,2019,13.166666666666666,457.0
2600,Ireland,2020,16.416666666666668,458.0
2601,Israel,2004,33.166666666666664,459.0
2602,Israel,2005,42.083333333333336,460.0
2603,Israel,2006,25.5,461.0
2604,Israel,2007,24.166666666666668,462.0
2605,Israel,2008,35.75,463.0
2606,Israel,2009,22.666666666666668,464.0
2607,Israel,2010,26.916666666666668,465.0
2608,Israel,2011,11.75,466.0
2609,Israel,2012,15.25,467.0
2610,Israel,2013,23.33333333333333,468.0
2611,Israel,2014,12.666666666666666,469.0
2612,Israel,2015,9.583333333333334,470.0
2613,Israel,2016,10.166666666666666,471.0
2614,Israel,2017,17.583333333333332,472.0
2615,Israel,2018,12.25,473.0
2616,Israel,2019,8.166666666666666,474.0
2617,Israel,2020,11.083333333333334,475.0
2618,Italy,2004,43.75,476.0
2619,Italy,2005,43.583333333333336,477.0
2620,Italy,2006,29.58333333333333,478.0
2621,Italy,2007,31.33333333333333,479.0
2622,Italy,2008,18.25,480.0
2623,Italy,2009,26.33333333333333,481.0
2624,Italy,2010,13.416666666666666,482.0
2625,Italy,2011,15.916666666666666,483.0
2626,Italy,2012,7.333333333333333,484.0
2627,Italy,2013,12.166666666666666,485.0
2628,Italy,2014,13.666666666666666,486.0
2629,Italy,2015,14.583333333333334,487.0
2630,Italy,2016,13.666666666666666,488.0
2631,Italy,2017,10.166666666666666,489.0
2632,Italy,2018,12.666666666666666,490.0
2633,Italy,2019,10.416666666666666,491.0
2634,Italy,2020,13.333333333333334,492.0
2635,Jamaica,2004,16.333333333333332,493.0
2636,Jamaica,2005,25.75,494.0
2637,Jamaica,2006,5.916666666666667,495.0
2638,Jamaica,2007,13.666666666666666,496.0
2639,Jamaica,2008,10.583333333333334,497.0
2640,Jamaica,2009,6.083333333333333,498.0
2641,Jamaica,2010,19.666666666666668,499.0
2642,Jamaica,2011,14.0,500.0
2643,Jamaica,2012,9.25,501.0
2644,Jamaica,2013,12.166666666666666,502.0
2645,Jamaica,2014,5.916666666666667,503.0
2646,Jamaica,2015,8.416666666666666,504.0
2647,Jamaica,2016,21.58333333333333,505.0
2648,Jamaica,2017,15.083333333333334,506.0
2649,Jamaica,2018,9.75,507.0
2650,Jamaica,2019,7.666666666666667,508.0
2651,Jamaica,2020,12.333333333333334,509.0
2652,Japan,2004,30.666666666666668,510.0
2653,Japan,2005,42.833333333333336,511.0
2654,Japan,2006,28.25,512.0
2655,Japan,2007,28.08333333333333,513.0
2656,Japan,2008,17.166666666666668,514.0
2657,Japan,2009,32.416666666666664,515.0
2658,Japan,2010,40.583333333333336,516.0
2659,Japan,2011,23.666666666666668,517.0
2660,Japan,2012,24.0,518.0
2661,Japan,2013,17.083333333333332,519.0
2662,Japan,2014,15.5,520.0
2663,Japan,2015,20.916666666666668,521.0
2664,Japan,2016,28.58333333333333,522.0
2665,Japan,2017,28.08333333333333,523.0
2666,Japan,2018,14.333333333333334,524.0
2667,Japan,2019,10.0,525.0
2668,Japan,2020,17.583333333333332,526.0
2669,Jordan,2004,27.75,527.0
2670,Jordan,2005,14.5,528.0
2671,Jordan,2006,9.916666666666666,529.0
2672,Jordan,2007,7.666666666666667,530.0
2673,Jordan,2008,15.166666666666666,531.0
2674,Jordan,2009,5.0,532.0
2675,Jordan,2010,12.583333333333334,533.0
2676,Jordan,2011,7.666666666666667,534.0
2677,Jordan,2012,9.0,535.0
2678,Jordan,2013,11.5,536.0
2679,Jordan,2014,3.5,537.0
2680,Jordan,2015,5.416666666666667,538.0
2681,Jordan,2016,7.583333333333333,539.0
2682,Jordan,2017,2.4166666666666665,540.0
2683,Jordan,2018,5.166666666666667,541.0
2684,Jordan,2019,2.833333333333333,542.0
2685,Jordan,2020,1.75,543.0
2686,Kazakhstan,2004,0.0,544.0
2687,Kazakhstan,2005,0.0,545.0
2688,Kazakhstan,2006,0.0,546.0
2689,Kazakhstan,2007,0.0,547.0
2690,Kazakhstan,2008,0.0,548.0
2691,Kazakhstan,2009,0.0,549.0
2692,Kazakhstan,2010,0.0,550.0
2693,Kazakhstan,2011,0.0,551.0
2694,Kazakhstan,2012,0.0,552.0
2695,Kazakhstan,2013,0.1666666666666666,553.0
2696,Kazakhstan,2014,0.0,554.0
2697,Kazakhstan,2015,0.1666666666666666,555.0
2698,Kazakhstan,2016,1.0833333333333333,556.0
2699,Kazakhstan,2017,0.1666666666666666,557.0
2700,Kazakhstan,2018,0.6666666666666666,558.0
2701,Kazakhstan,2019,0.3333333333333333,559.0
2702,Kazakhstan,2020,9.416666666666666,560.0
2703,Kenya,2004,15.583333333333334,561.0
2704,Kenya,2005,10.333333333333334,562.0
2705,Kenya,2006,19.0,563.0
2706,Kenya,2007,22.416666666666668,564.0
2707,Kenya,2008,38.16666666666666,565.0
2708,Kenya,2009,28.75,566.0
2709,Kenya,2010,30.666666666666668,567.0
2710,Kenya,2011,38.66666666666666,568.0
2711,Kenya,2012,29.33333333333333,569.0
2712,Kenya,2013,25.916666666666668,570.0
2713,Kenya,2014,35.0,571.0
2714,Kenya,2015,29.0,572.0
2715,Kenya,2016,33.416666666666664,573.0
2716,Kenya,2017,35.083333333333336,574.0
2717,Kenya,2018,34.833333333333336,575.0
2718,Kenya,2019,28.166666666666668,576.0
2719,Kenya,2020,33.75,577.0
2720,Kosovo,2004,0.0,578.0
2721,Kosovo,2005,0.0,579.0
2722,Kosovo,2006,0.0,580.0
2723,Kosovo,2007,0.0,581.0
2724,Kosovo,2008,0.0,582.0
2725,Kosovo,2009,0.0,583.0
2726,Kosovo,2010,0.0,584.0
2727,Kosovo,2011,0.0,585.0
2728,Kosovo,2012,0.0,586.0
2729,Kosovo,2013,1.9166666666666667,587.0
2730,Kosovo,2014,7.5,588.0
2731,Kosovo,2015,7.333333333333333,589.0
2732,Kosovo,2016,4.833333333333333,590.0
2733,Kosovo,2017,9.0,591.0
2734,Kosovo,2018,8.166666666666666,592.0
2735,Kosovo,2019,3.9166666666666665,593.0
2736,Kosovo,2020,7.333333333333333,594.0
2737,Kuwait,2004,29.83333333333333,595.0
2738,Kuwait,2005,21.83333333333333,596.0
2739,Kuwait,2006,20.33333333333333,597.0
2740,Kuwait,2007,13.166666666666666,598.0
2741,Kuwait,2008,12.416666666666666,599.0
2742,Kuwait,2009,14.0,600.0
2743,Kuwait,2010,20.83333333333333,601.0
2744,Kuwait,2011,6.75,602.0
2745,Kuwait,2012,10.333333333333334,603.0
2746,Kuwait,2013,7.5,604.0
2747,Kuwait,2014,14.416666666666666,605.0
2748,Kuwait,2015,7.166666666666667,606.0
2749,Kuwait,2016,15.583333333333334,607.0
2750,Kuwait,2017,12.666666666666666,608.0
2751,Kuwait,2018,10.833333333333334,609.0
2752,Kuwait,2019,8.916666666666666,610.0
2753,Kuwait,2020,11.833333333333334,611.0
2754,Laos,2004,0.0,0.0
2755,Laos,2005,0.0,1.0
2756,Laos,2006,0.0,2.0
2757,Laos,2007,0.0,3.0
2758,Laos,2008,0.0,4.0
2759,Laos,2009,0.0,5.0
2760,Laos,2010,7.166666666666667,6.0
2761,Laos,2011,8.333333333333334,7.0
2762,Laos,2012,7.166666666666667,8.0
2763,Laos,2013,0.0,9.0
2764,Laos,2014,0.0,10.0
2765,Laos,2015,0.25,11.0
2766,Laos,2016,0.0,12.0
2767,Laos,2017,0.25,13.0
2768,Laos,2018,0.0,14.0
2769,Laos,2019,9.166666666666666,15.0
2770,Laos,2020,0.25,16.0
2771,Latvia,2004,8.333333333333334,17.0
2772,Latvia,2005,15.333333333333334,18.0
2773,Latvia,2006,17.5,19.0
2774,Latvia,2007,10.5,20.0
2775,Latvia,2008,1.3333333333333333,21.0
2776,Latvia,2009,19.916666666666668,22.0
2777,Latvia,2010,1.25,23.0
2778,Latvia,2011,1.5,24.0
2779,Latvia,2012,11.583333333333334,25.0
2780,Latvia,2013,1.6666666666666667,26.0
2781,Latvia,2014,2.6666666666666665,27.0
2782,Latvia,2015,12.333333333333334,28.0
2783,Latvia,2016,3.8333333333333335,29.0
2784,Latvia,2017,0.6666666666666666,30.0
2785,Latvia,2018,1.25,31.0
2786,Latvia,2019,1.4166666666666667,32.0
2787,Latvia,2020,3.25,33.0
2788,Lebanon,2004,30.75,34.0
2789,Lebanon,2005,24.916666666666668,35.0
2790,Lebanon,2006,15.166666666666666,36.0
2791,Lebanon,2007,21.416666666666668,37.0
2792,Lebanon,2008,19.5,38.0
2793,Lebanon,2009,12.833333333333334,39.0
2794,Lebanon,2010,22.416666666666668,40.0
2795,Lebanon,2011,19.83333333333333,41.0
2796,Lebanon,2012,16.833333333333332,42.0
2797,Lebanon,2013,15.583333333333334,43.0
2798,Lebanon,2014,10.333333333333334,44.0
2799,Lebanon,2015,6.916666666666667,45.0
2800,Lebanon,2016,7.666666666666667,46.0
2801,Lebanon,2017,15.583333333333334,47.0
2802,Lebanon,2018,8.25,48.0
2803,Lebanon,2019,10.0,49.0
2804,Lebanon,2020,9.083333333333334,50.0
2805,Lesotho,2004,0.0,51.0
2806,Lesotho,2005,0.0,52.0
2807,Lesotho,2006,0.0,53.0
2808,Lesotho,2007,0.0,54.0
2809,Lesotho,2008,7.333333333333333,55.0
2810,Lesotho,2009,0.0,56.0
2811,Lesotho,2010,0.0,57.0
2812,Lesotho,2011,0.0,58.0
2813,Lesotho,2012,7.333333333333333,59.0
2814,Lesotho,2013,0.0,60.0
2815,Lesotho,2014,0.4166666666666667,61.0
2816,Lesotho,2015,0.4166666666666667,62.0
2817,Lesotho,2016,1.0833333333333333,63.0
2818,Lesotho,2017,0.8333333333333334,64.0
2819,Lesotho,2018,8.666666666666666,65.0
2820,Lesotho,2019,1.0,66.0
2821,Lesotho,2020,10.0,67.0
2822,Liberia,2004,0.0,68.0
2823,Liberia,2005,0.0,69.0
2824,Liberia,2006,0.0,70.0
2825,Liberia,2007,0.0,71.0
2826,Liberia,2008,0.0,72.0
2827,Liberia,2009,0.0,73.0
2828,Liberia,2010,0.0,74.0
2829,Liberia,2011,0.0,75.0
2830,Liberia,2012,0.0,76.0
2831,Liberia,2013,0.6666666666666666,77.0
2832,Liberia,2014,0.5,78.0
2833,Liberia,2015,1.4166666666666667,79.0
2834,Liberia,2016,1.0833333333333333,80.0
2835,Liberia,2017,3.583333333333333,81.0
2836,Liberia,2018,1.75,82.0
2837,Liberia,2019,1.9166666666666667,83.0
2838,Liberia,2020,2.833333333333333,84.0
2839,Libya,2004,9.333333333333334,85.0
2840,Libya,2005,4.583333333333333,86.0
2841,Libya,2006,6.416666666666667,87.0
2842,Libya,2007,6.25,88.0
2843,Libya,2008,4.75,89.0
2844,Libya,2009,1.6666666666666667,90.0
2845,Libya,2010,1.4166666666666667,91.0
2846,Libya,2011,6.0,92.0
2847,Libya,2012,6.5,93.0
2848,Libya,2013,1.25,94.0
2849,Libya,2014,1.0833333333333333,95.0
2850,Libya,2015,2.0,96.0
2851,Libya,2016,10.083333333333334,97.0
2852,Libya,2017,1.5833333333333333,98.0
2853,Libya,2018,0.3333333333333333,99.0
2854,Libya,2019,1.1666666666666667,100.0
2855,Libya,2020,1.5833333333333333,101.0
2856,Lithuania,2004,0.0,102.0
2857,Lithuania,2005,0.0,103.0
2858,Lithuania,2006,0.0,104.0
2859,Lithuania,2007,5.666666666666667,105.0
2860,Lithuania,2008,10.416666666666666,106.0
2861,Lithuania,2009,3.333333333333333,107.0
2862,Lithuania,2010,9.333333333333334,108.0
2863,Lithuania,2011,4.416666666666667,109.0
2864,Lithuania,2012,7.166666666666667,110.0
2865,Lithuania,2013,3.0,111.0
2866,Lithuania,2014,1.8333333333333333,112.0
2867,Lithuania,2015,5.083333333333333,113.0
2868,Lithuania,2016,8.416666666666666,114.0
2869,Lithuania,2017,9.083333333333334,115.0
2870,Lithuania,2018,6.75,116.0
2871,Lithuania,2019,8.75,117.0
2872,Lithuania,2020,5.25,118.0
2873,Malawi,2004,8.333333333333334,0.0
2874,Malawi,2005,8.333333333333334,1.0
2875,Malawi,2006,0.0,2.0
2876,Malawi,2007,8.333333333333334,3.0
2877,Malawi,2008,0.0,4.0
2878,Malawi,2009,3.25,5.0
2879,Malawi,2010,0.0,6.0
2880,Malawi,2011,12.25,7.0
2881,Malawi,2012,3.8333333333333335,8.0
2882,Malawi,2013,0.6666666666666666,9.0
2883,Malawi,2014,0.5833333333333334,10.0
2884,Malawi,2015,3.6666666666666665,11.0
2885,Malawi,2016,1.3333333333333333,12.0
2886,Malawi,2017,0.4166666666666667,13.0
2887,Malawi,2018,1.9166666666666667,14.0
2888,Malawi,2019,1.0833333333333333,15.0
2889,Malawi,2020,1.9166666666666667,16.0
2890,Malaysia,2004,43.91666666666666,17.0
2891,Malaysia,2005,40.833333333333336,18.0
2892,Malaysia,2006,40.91666666666666,19.0
2893,Malaysia,2007,37.333333333333336,20.0
2894,Malaysia,2008,22.666666666666668,21.0
2895,Malaysia,2009,28.58333333333333,22.0
2896,Malaysia,2010,24.166666666666668,23.0
2897,Malaysia,2011,19.75,24.0
2898,Malaysia,2012,20.666666666666668,25.0
2899,Malaysia,2013,18.25,26.0
2900,Malaysia,2014,17.0,27.0
2901,Malaysia,2015,17.666666666666668,28.0
2902,Malaysia,2016,18.416666666666668,29.0
2903,Malaysia,2017,18.83333333333333,30.0
2904,Malaysia,2018,15.083333333333334,31.0
2905,Malaysia,2019,13.916666666666666,32.0
2906,Malaysia,2020,13.5,33.0
2907,Maldives,2004,0.0,34.0
2908,Maldives,2005,0.0,35.0
2909,Maldives,2006,8.083333333333334,36.0
2910,Maldives,2007,0.0,37.0
2911,Maldives,2008,0.0,38.0
2912,Maldives,2009,8.333333333333334,39.0
2913,Maldives,2010,6.916666666666667,40.0
2914,Maldives,2011,14.916666666666666,41.0
2915,Maldives,2012,16.0,42.0
2916,Maldives,2013,5.583333333333333,43.0
2917,Maldives,2014,12.916666666666666,44.0
2918,Maldives,2015,11.5,45.0
2919,Maldives,2016,8.666666666666666,46.0
2920,Maldives,2017,7.25,47.0
2921,Maldives,2018,3.333333333333333,48.0
2922,Maldives,2019,6.75,49.0
2923,Maldives,2020,4.833333333333333,50.0
2924,Malta,2004,12.833333333333334,51.0
2925,Malta,2005,7.416666666666667,52.0
2926,Malta,2006,15.166666666666666,53.0
2927,Malta,2007,10.75,54.0
2928,Malta,2008,10.916666666666666,55.0
2929,Malta,2009,11.916666666666666,56.0
2930,Malta,2010,6.166666666666667,57.0
2931,Malta,2011,7.25,58.0
2932,Malta,2012,6.75,59.0
2933,Malta,2013,9.333333333333334,60.0
2934,Malta,2014,7.166666666666667,61.0
2935,Malta,2015,7.583333333333333,62.0
2936,Malta,2016,12.833333333333334,63.0
2937,Malta,2017,6.333333333333333,64.0
2938,Malta,2018,9.916666666666666,65.0
2939,Malta,2019,5.583333333333333,66.0
2940,Malta,2020,15.083333333333334,67.0
3961,Mexico,2004,28.5,0.0
3962,Mexico,2005,16.25,1.0
3963,Mexico,2006,18.5,2.0
3964,Mexico,2007,9.916666666666666,3.0
3965,Mexico,2008,19.75,4.0
3966,Mexico,2009,6.083333333333333,5.0
3967,Mexico,2010,8.833333333333334,6.0
3968,Mexico,2011,9.5,7.0
3969,Mexico,2012,8.083333333333334,8.0
3970,Mexico,2013,13.916666666666666,9.0
3971,Mexico,2014,9.25,10.0
3972,Mexico,2015,3.6666666666666665,11.0
3973,Mexico,2016,8.75,12.0
3974,Mexico,2017,7.5,13.0
3975,Mexico,2018,7.333333333333333,14.0
3976,Mexico,2019,6.5,15.0
3977,Mexico,2020,9.666666666666666,16.0
3978,Moldova,2004,0.0,17.0
3979,Moldova,2005,0.0,18.0
3980,Moldova,2006,0.0,19.0
3981,Moldova,2007,0.0,20.0
3982,Moldova,2008,0.0,21.0
3983,Moldova,2009,0.0,22.0
3984,Moldova,2010,8.333333333333334,23.0
3985,Moldova,2011,0.0,24.0
3986,Moldova,2012,8.333333333333334,25.0
3987,Moldova,2013,0.5833333333333334,26.0
3988,Moldova,2014,0.3333333333333333,27.0
3989,Moldova,2015,0.0,28.0
3990,Moldova,2016,0.9166666666666666,29.0
3991,Moldova,2017,0.6666666666666666,30.0
3992,Moldova,2018,0.4166666666666667,31.0
3993,Moldova,2019,0.3333333333333333,32.0
3994,Moldova,2020,0.5833333333333334,33.0
3995,Mongolia,2004,0.0,34.0
3996,Mongolia,2005,0.0,35.0
3997,Mongolia,2006,15.583333333333334,36.0
3998,Mongolia,2007,0.0,37.0
3999,Mongolia,2008,10.833333333333334,38.0
4000,Mongolia,2009,8.333333333333334,39.0
4001,Mongolia,2010,0.0,40.0
4002,Mongolia,2011,0.0,41.0
4003,Mongolia,2012,0.1666666666666666,42.0
4004,Mongolia,2013,8.833333333333334,43.0
4005,Mongolia,2014,9.75,44.0
4006,Mongolia,2015,0.1666666666666666,45.0
4007,Mongolia,2016,0.0,46.0
4008,Mongolia,2017,0.1666666666666666,47.0
4009,Mongolia,2018,8.416666666666666,48.0
4010,Mongolia,2019,0.4166666666666667,49.0
4011,Mongolia,2020,0.3333333333333333,50.0
4012,Morocco,2004,0.0,51.0
4013,Morocco,2005,0.0,52.0
4014,Morocco,2006,0.0,53.0
4015,Morocco,2007,8.333333333333334,54.0
4016,Morocco,2008,4.916666666666667,55.0
4017,Morocco,2009,16.916666666666668,56.0
4018,Morocco,2010,7.833333333333333,57.0
4019,Morocco,2011,4.166666666666667,58.0
4020,Morocco,2012,9.083333333333334,59.0
4021,Morocco,2013,6.833333333333333,60.0
4022,Morocco,2014,15.0,61.0
4023,Morocco,2015,14.666666666666666,62.0
4024,Morocco,2016,5.083333333333333,63.0
4025,Morocco,2017,11.333333333333334,64.0
4026,Morocco,2018,18.166666666666668,65.0
4027,Morocco,2019,6.833333333333333,66.0
4028,Morocco,2020,9.083333333333334,67.0
4029,Myanmar,2004,0.0,68.0
4030,Myanmar,2005,0.0,69.0
4031,Myanmar,2006,0.0,70.0
4032,Myanmar,2007,4.333333333333333,71.0
4033,Myanmar,2008,4.0,72.0
4034,Myanmar,2009,5.916666666666667,73.0
4035,Myanmar,2010,3.9166666666666665,74.0
4036,Myanmar,2011,4.333333333333333,75.0
4037,Myanmar,2012,0.4166666666666667,76.0
4038,Myanmar,2013,4.416666666666667,77.0
4039,Myanmar,2014,1.8333333333333333,78.0
4040,Myanmar,2015,5.25,79.0
4041,Myanmar,2016,2.083333333333333,80.0
4042,Myanmar,2017,0.5833333333333334,81.0
4043,Myanmar,2018,1.6666666666666667,82.0
4044,Myanmar,2019,5.333333333333333,83.0
4045,Myanmar,2020,1.75,84.0
4046,Namibia,2004,8.333333333333334,85.0
4047,Namibia,2005,15.583333333333334,86.0
4048,Namibia,2006,15.583333333333334,87.0
4049,Namibia,2007,7.25,88.0
4050,Namibia,2008,2.9166666666666665,89.0
4051,Namibia,2009,20.5,90.0
4052,Namibia,2010,3.9166666666666665,91.0
4053,Namibia,2011,8.833333333333334,92.0
4054,Namibia,2012,1.5833333333333333,93.0
4055,Namibia,2013,3.8333333333333335,94.0
4056,Namibia,2014,3.083333333333333,95.0
4057,Namibia,2015,12.583333333333334,96.0
4058,Namibia,2016,4.5,97.0
4059,Namibia,2017,2.5,98.0
4060,Namibia,2018,4.916666666666667,99.0
4061,Namibia,2019,3.4166666666666665,100.0
4062,Namibia,2020,3.333333333333333,101.0
4063,Nepal,2004,6.25,102.0
4064,Nepal,2005,25.75,103.0
4065,Nepal,2006,12.333333333333334,104.0
4066,Nepal,2007,10.25,105.0
4067,Nepal,2008,12.333333333333334,106.0
4068,Nepal,2009,12.166666666666666,107.0
4069,Nepal,2010,11.916666666666666,108.0
4070,Nepal,2011,8.833333333333334,109.0
4071,Nepal,2012,15.166666666666666,110.0
4072,Nepal,2013,5.083333333333333,111.0
4073,Nepal,2014,4.166666666666667,112.0
4074,Nepal,2015,2.333333333333333,113.0
4075,Nepal,2016,8.25,114.0
4076,Nepal,2017,12.25,115.0
4077,Nepal,2018,4.583333333333333,116.0
4078,Nepal,2019,4.666666666666667,117.0
4079,Nepal,2020,2.6666666666666665,118.0
4080,Netherlands,2004,24.416666666666668,119.0
4081,Netherlands,2005,20.916666666666668,120.0
4082,Netherlands,2006,16.916666666666668,121.0
4083,Netherlands,2007,16.333333333333332,122.0
4084,Netherlands,2008,15.0,123.0
4085,Netherlands,2009,14.5,124.0
4086,Netherlands,2010,8.166666666666666,125.0
4087,Netherlands,2011,13.166666666666666,126.0
4088,Netherlands,2012,18.83333333333333,127.0
4089,Netherlands,2013,13.5,128.0
4090,Netherlands,2014,10.833333333333334,129.0
4091,Netherlands,2015,9.083333333333334,130.0
4092,Netherlands,2016,13.583333333333334,131.0
4093,Netherlands,2017,8.0,132.0
4094,Netherlands,2018,17.0,133.0
4095,Netherlands,2019,12.916666666666666,134.0
4096,Netherlands,2020,13.916666666666666,135.0
4097,New Zealand,2004,46.25,136.0
4098,New Zealand,2005,46.25,137.0
4099,New Zealand,2006,41.16666666666666,138.0
4100,New Zealand,2007,37.41666666666666,139.0
4101,New Zealand,2008,32.5,140.0
4102,New Zealand,2009,33.416666666666664,141.0
4103,New Zealand,2010,33.333333333333336,142.0
4104,New Zealand,2011,33.25,143.0
4105,New Zealand,2012,24.83333333333333,144.0
4106,New Zealand,2013,32.25,145.0
4107,New Zealand,2014,23.166666666666668,146.0
4108,New Zealand,2015,18.08333333333333,147.0
4109,New Zealand,2016,29.08333333333333,148.0
4110,New Zealand,2017,24.666666666666668,149.0
4111,New Zealand,2018,18.33333333333333,150.0
4112,New Zealand,2019,23.08333333333333,151.0
4113,New Zealand,2020,19.916666666666668,152.0
4114,Nigeria,2004,26.33333333333333,153.0
4115,Nigeria,2005,19.08333333333333,154.0
4116,Nigeria,2006,13.75,155.0
4117,Nigeria,2007,28.166666666666668,156.0
4118,Nigeria,2008,42.75,157.0
4119,Nigeria,2009,21.58333333333333,158.0
4120,Nigeria,2010,48.0,159.0
4121,Nigeria,2011,32.083333333333336,160.0
4122,Nigeria,2012,30.666666666666668,161.0
4123,Nigeria,2013,43.16666666666666,162.0
4124,Nigeria,2014,35.083333333333336,163.0
4125,Nigeria,2015,21.75,164.0
4126,Nigeria,2016,35.833333333333336,165.0
4127,Nigeria,2017,38.16666666666666,166.0
4128,Nigeria,2018,31.916666666666668,167.0
4129,Nigeria,2019,37.66666666666666,168.0
4130,Nigeria,2020,37.833333333333336,169.0
4131,Macedonia,2004,8.333333333333334,170.0
4132,Macedonia,2005,16.666666666666668,171.0
4133,Macedonia,2006,4.083333333333333,172.0
4134,Macedonia,2007,12.583333333333334,173.0
4135,Macedonia,2008,4.25,174.0
4136,Macedonia,2009,4.083333333333333,175.0
4137,Macedonia,2010,0.0,176.0
4138,Macedonia,2011,8.333333333333334,177.0
4139,Macedonia,2012,4.416666666666667,178.0
4140,Macedonia,2013,4.333333333333333,179.0
4141,Macedonia,2014,0.1666666666666666,180.0
4142,Macedonia,2015,0.3333333333333333,181.0
4143,Macedonia,2016,2.9166666666666665,182.0
4144,Macedonia,2017,0.6666666666666666,183.0
4145,Macedonia,2018,1.3333333333333333,184.0
4146,Macedonia,2019,1.0,185.0
4147,Macedonia,2020,0.4166666666666667,186.0
4148,Norway,2004,25.916666666666668,187.0
4149,Norway,2005,23.416666666666668,188.0
4150,Norway,2006,17.083333333333332,189.0
4151,Norway,2007,17.583333333333332,190.0
4152,Norway,2008,14.0,191.0
4153,Norway,2009,14.25,192.0
4154,Norway,2010,6.666666666666667,193.0
4155,Norway,2011,9.333333333333334,194.0
4156,Norway,2012,5.25,195.0
4157,Norway,2013,15.583333333333334,196.0
4158,Norway,2014,4.75,197.0
4159,Norway,2015,8.416666666666666,198.0
4160,Norway,2016,10.333333333333334,199.0
4161,Norway,2017,8.25,200.0
4162,Norway,2018,5.583333333333333,201.0
4163,Norway,2019,6.583333333333333,202.0
4164,Norway,2020,6.666666666666667,203.0
4165,Oman,2004,0.0,204.0
4166,Oman,2005,4.166666666666667,205.0
4167,Oman,2006,9.833333333333334,206.0
4168,Oman,2007,3.1666666666666665,207.0
4169,Oman,2008,9.166666666666666,208.0
4170,Oman,2009,4.416666666666667,209.0
4171,Oman,2010,11.916666666666666,210.0
4172,Oman,2011,2.1666666666666665,211.0
4173,Oman,2012,4.416666666666667,212.0
4174,Oman,2013,6.25,213.0
4175,Oman,2014,4.25,214.0
4176,Oman,2015,2.9166666666666665,215.0
4177,Oman,2016,6.833333333333333,216.0
4178,Oman,2017,3.25,217.0
4179,Oman,2018,5.333333333333333,218.0
4180,Oman,2019,3.1666666666666665,219.0
4181,Oman,2020,11.833333333333334,220.0
4182,Pakistan,2004,31.5,221.0
4183,Pakistan,2005,25.916666666666668,222.0
4184,Pakistan,2006,26.58333333333333,223.0
4185,Pakistan,2007,23.08333333333333,224.0
4186,Pakistan,2008,29.08333333333333,225.0
4187,Pakistan,2009,18.5,226.0
4188,Pakistan,2010,24.25,227.0
4189,Pakistan,2011,19.33333333333333,228.0
4190,Pakistan,2012,17.083333333333332,229.0
4191,Pakistan,2013,18.916666666666668,230.0
4192,Pakistan,2014,14.583333333333334,231.0
4193,Pakistan,2015,14.5,232.0
4194,Pakistan,2016,12.833333333333334,233.0
4195,Pakistan,2017,21.0,234.0
4196,Pakistan,2018,17.25,235.0
4197,Pakistan,2019,17.5,236.0
4198,Pakistan,2020,12.166666666666666,237.0
4199,Palestine,2004,10.166666666666666,238.0
4200,Palestine,2005,0.9166666666666666,239.0
4201,Palestine,2006,8.333333333333334,240.0
4202,Palestine,2007,0.4166666666666667,241.0
4203,Palestine,2008,2.6666666666666665,242.0
4204,Palestine,2009,0.75,243.0
4205,Palestine,2010,1.4166666666666667,244.0
4206,Palestine,2011,0.9166666666666666,245.0
4207,Palestine,2012,1.5,246.0
4208,Palestine,2013,2.75,247.0
4209,Palestine,2014,1.0,248.0
4210,Palestine,2015,1.6666666666666667,249.0
4211,Palestine,2016,2.4166666666666665,250.0
4212,Palestine,2017,1.1666666666666667,251.0
4213,Palestine,2018,1.6666666666666667,252.0
4214,Palestine,2019,1.4166666666666667,253.0
4215,Palestine,2020,0.5833333333333334,254.0
4216,Panama,2004,6.25,255.0
4217,Panama,2005,12.25,256.0
4218,Panama,2006,10.416666666666666,257.0
4219,Panama,2007,1.75,258.0
4220,Panama,2008,1.25,259.0
4221,Panama,2009,3.0,260.0
4222,Panama,2010,12.5,261.0
4223,Panama,2011,1.75,262.0
4224,Panama,2012,7.0,263.0
4225,Panama,2013,1.25,264.0
4226,Panama,2014,3.9166666666666665,265.0
4227,Panama,2015,3.1666666666666665,266.0
4228,Panama,2016,0.1666666666666666,267.0
4229,Panama,2017,8.75,268.0
4230,Panama,2018,1.4166666666666667,269.0
4231,Panama,2019,2.4166666666666665,270.0
4232,Panama,2020,0.9166666666666666,271.0
4233,Papua New Guinea,2004,8.333333333333334,272.0
4234,Papua New Guinea,2005,13.916666666666666,273.0
4235,Papua New Guinea,2006,0.0,274.0
4236,Papua New Guinea,2007,0.0,275.0
4237,Papua New Guinea,2008,8.333333333333334,276.0
4238,Papua New Guinea,2009,2.0,277.0
4239,Papua New Guinea,2010,0.0,278.0
4240,Papua New Guinea,2011,0.0,279.0
4241,Papua New Guinea,2012,0.4166666666666667,280.0
4242,Papua New Guinea,2013,8.333333333333334,281.0
4243,Papua New Guinea,2014,7.583333333333333,282.0
4244,Papua New Guinea,2015,0.4166666666666667,283.0
4245,Papua New Guinea,2016,1.4166666666666667,284.0
4246,Papua New Guinea,2017,0.4166666666666667,285.0
4247,Papua New Guinea,2018,1.5833333333333333,286.0
4248,Papua New Guinea,2019,0.9166666666666666,287.0
4249,Papua New Guinea,2020,1.5833333333333333,288.0
4250,Peru,2004,12.166666666666666,289.0
4251,Peru,2005,12.916666666666666,290.0
4252,Peru,2006,10.5,291.0
4253,Peru,2007,6.75,292.0
4254,Peru,2008,11.416666666666666,293.0
4255,Peru,2009,8.333333333333334,294.0
4256,Peru,2010,3.9166666666666665,295.0
4257,Peru,2011,4.5,296.0
4258,Peru,2012,7.0,297.0
4259,Peru,2013,9.166666666666666,298.0
4260,Peru,2014,6.5,299.0
4261,Peru,2015,4.083333333333333,300.0
4262,Peru,2016,1.8333333333333333,301.0
4263,Peru,2017,6.083333333333333,302.0
4264,Peru,2018,9.583333333333334,303.0
4265,Peru,2019,4.083333333333333,304.0
4266,Peru,2020,2.333333333333333,305.0
4267,Philippines,2004,48.91666666666666,306.0
4268,Philippines,2005,39.0,307.0
4269,Philippines,2006,28.416666666666668,308.0
4270,Philippines,2007,35.166666666666664,309.0
4271,Philippines,2008,38.66666666666666,310.0
4272,Philippines,2009,21.83333333333333,311.0
4273,Philippines,2010,33.083333333333336,312.0
4274,Philippines,2011,26.75,313.0
4275,Philippines,2012,25.33333333333333,314.0
4276,Philippines,2013,31.33333333333333,315.0
4277,Philippines,2014,24.75,316.0
4278,Philippines,2015,20.916666666666668,317.0
4279,Philippines,2016,33.583333333333336,318.0
4280,Philippines,2017,24.75,319.0
4281,Philippines,2018,27.83333333333333,320.0
4282,Philippines,2019,18.0,321.0
4283,Philippines,2020,24.5,322.0
4284,Poland,2004,25.5,323.0
4285,Poland,2005,20.83333333333333,324.0
4286,Poland,2006,12.75,325.0
4287,Poland,2007,5.333333333333333,326.0
4288,Poland,2008,15.75,327.0
4289,Poland,2009,10.916666666666666,328.0
4290,Poland,2010,15.666666666666666,329.0
4291,Poland,2011,4.333333333333333,330.0
4292,Poland,2012,5.5,331.0
4293,Poland,2013,10.0,332.0
4294,Poland,2014,10.333333333333334,333.0
4295,Poland,2015,4.083333333333333,334.0
4296,Poland,2016,6.0,335.0
4297,Poland,2017,14.166666666666666,336.0
4298,Poland,2018,5.416666666666667,337.0
4299,Poland,2019,5.666666666666667,338.0
4300,Poland,2020,5.833333333333333,339.0
4301,Portugal,2004,28.08333333333333,340.0
4302,Portugal,2005,17.75,341.0
4303,Portugal,2006,21.0,342.0
4304,Portugal,2007,30.0,343.0
4305,Portugal,2008,12.5,344.0
4306,Portugal,2009,12.0,345.0
4307,Portugal,2010,19.5,346.0
4308,Portugal,2011,14.583333333333334,347.0
4309,Portugal,2012,22.33333333333333,348.0
4310,Portugal,2013,8.666666666666666,349.0
4311,Portugal,2014,6.75,350.0
4312,Portugal,2015,11.666666666666666,351.0
4313,Portugal,2016,22.416666666666668,352.0
4314,Portugal,2017,18.75,353.0
4315,Portugal,2018,17.416666666666668,354.0
4316,Portugal,2019,17.416666666666668,355.0
4317,Portugal,2020,12.083333333333334,356.0
4318,Puerto Rico,2004,8.333333333333334,357.0
4319,Puerto Rico,2005,4.333333333333333,358.0
4320,Puerto Rico,2006,16.25,359.0
4321,Puerto Rico,2007,8.583333333333334,360.0
4322,Puerto Rico,2008,6.666666666666667,361.0
4323,Puerto Rico,2009,6.25,362.0
4324,Puerto Rico,2010,6.916666666666667,363.0
4325,Puerto Rico,2011,10.0,364.0
4326,Puerto Rico,2012,6.666666666666667,365.0
4327,Puerto Rico,2013,7.083333333333333,366.0
4328,Puerto Rico,2014,4.083333333333333,367.0
4329,Puerto Rico,2015,5.0,368.0
4330,Puerto Rico,2016,4.583333333333333,369.0
4331,Puerto Rico,2017,5.5,370.0
4332,Puerto Rico,2018,7.0,371.0
4333,Puerto Rico,2019,9.0,372.0
4334,Puerto Rico,2020,4.666666666666667,373.0
4335,Qatar,2004,8.333333333333334,374.0
4336,Qatar,2005,8.333333333333334,375.0
4337,Qatar,2006,4.916666666666667,376.0
4338,Qatar,2007,3.333333333333333,377.0
4339,Qatar,2008,6.666666666666667,378.0
4340,Qatar,2009,6.166666666666667,379.0
4341,Qatar,2010,4.75,380.0
4342,Qatar,2011,2.1666666666666665,381.0
4343,Qatar,2012,5.75,382.0
4344,Qatar,2013,4.416666666666667,383.0
4345,Qatar,2014,2.25,384.0
4346,Qatar,2015,6.5,385.0
4347,Qatar,2016,5.166666666666667,386.0
4348,Qatar,2017,6.083333333333333,387.0
4349,Qatar,2018,10.583333333333334,388.0
4350,Qatar,2019,3.1666666666666665,389.0
4351,Qatar,2020,6.916666666666667,390.0
4352,Romania,2004,13.083333333333334,391.0
4353,Romania,2005,9.333333333333334,392.0
4354,Romania,2006,7.166666666666667,393.0
4355,Romania,2007,14.083333333333334,394.0
4356,Romania,2008,16.416666666666668,395.0
4357,Romania,2009,4.166666666666667,396.0
4358,Romania,2010,13.833333333333334,397.0
4359,Romania,2011,7.75,398.0
4360,Romania,2012,2.833333333333333,399.0
4361,Romania,2013,6.333333333333333,400.0
4362,Romania,2014,2.6666666666666665,401.0
4363,Romania,2015,5.083333333333333,402.0
4364,Romania,2016,5.916666666666667,403.0
4365,Romania,2017,7.916666666666667,404.0
4366,Romania,2018,6.25,405.0
4367,Romania,2019,7.666666666666667,406.0
4368,Romania,2020,3.583333333333333,407.0
4369,Russia,2004,8.333333333333334,408.0
4370,Russia,2005,18.58333333333333,409.0
4371,Russia,2006,4.833333333333333,410.0
4372,Russia,2007,15.333333333333334,411.0
4373,Russia,2008,5.0,412.0
4374,Russia,2009,8.25,413.0
4375,Russia,2010,5.166666666666667,414.0
4376,Russia,2011,16.25,415.0
4377,Russia,2012,7.25,416.0
4378,Russia,2013,2.583333333333333,417.0
4379,Russia,2014,1.8333333333333333,418.0
4380,Russia,2015,2.4166666666666665,419.0
4381,Russia,2016,0.5,420.0
4382,Russia,2017,2.25,421.0
4383,Russia,2018,3.1666666666666665,422.0
4384,Russia,2019,8.916666666666666,423.0
4385,Russia,2020,2.833333333333333,424.0
4386,Rwanda,2004,8.333333333333334,425.0
4387,Rwanda,2005,8.333333333333334,426.0
4388,Rwanda,2006,0.0,427.0
4389,Rwanda,2007,8.333333333333334,428.0
4390,Rwanda,2008,0.0,429.0
4391,Rwanda,2009,0.75,430.0
4392,Rwanda,2010,0.5833333333333334,431.0
4393,Rwanda,2011,1.0833333333333333,432.0
4394,Rwanda,2012,1.5,433.0
4395,Rwanda,2013,1.1666666666666667,434.0
4396,Rwanda,2014,0.5,435.0
4397,Rwanda,2015,0.3333333333333333,436.0
4398,Rwanda,2016,2.4166666666666665,437.0
4399,Rwanda,2017,0.75,438.0
4400,Rwanda,2018,0.25,439.0
4401,Rwanda,2019,1.25,440.0
4402,Rwanda,2020,0.1666666666666666,441.0
4403,Saudi Arabia,2004,26.58333333333333,442.0
4404,Saudi Arabia,2005,16.75,443.0
4405,Saudi Arabia,2006,20.666666666666668,444.0
4406,Saudi Arabia,2007,15.666666666666666,445.0
4407,Saudi Arabia,2008,20.416666666666668,446.0
4408,Saudi Arabia,2009,9.75,447.0
4409,Saudi Arabia,2010,15.666666666666666,448.0
4410,Saudi Arabia,2011,13.75,449.0
4411,Saudi Arabia,2012,10.833333333333334,450.0
4412,Saudi Arabia,2013,11.25,451.0
4413,Saudi Arabia,2014,11.0,452.0
4414,Saudi Arabia,2015,9.5,453.0
4415,Saudi Arabia,2016,7.75,454.0
4416,Saudi Arabia,2017,14.333333333333334,455.0
4417,Saudi Arabia,2018,11.833333333333334,456.0
4418,Saudi Arabia,2019,13.666666666666666,457.0
4419,Saudi Arabia,2020,8.583333333333334,458.0
4420,Serbia,2004,8.333333333333334,459.0
4421,Serbia,2005,6.583333333333333,460.0
4422,Serbia,2006,10.833333333333334,461.0
4423,Serbia,2007,7.166666666666667,462.0
4424,Serbia,2008,7.416666666666667,463.0
4425,Serbia,2009,4.916666666666667,464.0
4426,Serbia,2010,8.333333333333334,465.0
4427,Serbia,2011,6.333333333333333,466.0
4428,Serbia,2012,12.333333333333334,467.0
4429,Serbia,2013,8.666666666666666,468.0
4430,Serbia,2014,3.75,469.0
4431,Serbia,2015,5.583333333333333,470.0
4432,Serbia,2016,14.416666666666666,471.0
4433,Serbia,2017,9.25,472.0
4434,Serbia,2018,3.75,473.0
4435,Serbia,2019,2.4166666666666665,474.0
4436,Serbia,2020,9.916666666666666,475.0
4437,Sierra Leone,2004,0.0,476.0
4438,Sierra Leone,2005,0.0,477.0
4439,Sierra Leone,2006,0.0,478.0
4440,Sierra Leone,2007,0.0,479.0
4441,Sierra Leone,2008,0.0,480.0
4442,Sierra Leone,2009,0.0,481.0
4443,Sierra Leone,2010,0.0,482.0
4444,Sierra Leone,2011,0.0,483.0
4445,Sierra Leone,2012,0.0,484.0
4446,Sierra Leone,2013,0.0,485.0
4447,Sierra Leone,2014,1.4166666666666667,486.0
4448,Sierra Leone,2015,1.4166666666666667,487.0
4449,Sierra Leone,2016,1.8333333333333333,488.0
4450,Sierra Leone,2017,0.8333333333333334,489.0
4451,Sierra Leone,2018,4.083333333333333,490.0
4452,Sierra Leone,2019,0.5,491.0
4453,Sierra Leone,2020,5.5,492.0
4454,Singapore,2004,26.25,493.0
4455,Singapore,2005,19.666666666666668,494.0
4456,Singapore,2006,35.75,495.0
4457,Singapore,2007,24.5,496.0
4458,Singapore,2008,32.166666666666664,497.0
4459,Singapore,2009,27.666666666666668,498.0
4460,Singapore,2010,37.0,499.0
4461,Singapore,2011,21.5,500.0
4462,Singapore,2012,24.5,501.0
4463,Singapore,2013,29.5,502.0
4464,Singapore,2014,21.25,503.0
4465,Singapore,2015,23.33333333333333,504.0
4466,Singapore,2016,24.0,505.0
4467,Singapore,2017,25.0,506.0
4468,Singapore,2018,23.916666666666668,507.0
4469,Singapore,2019,20.666666666666668,508.0
4470,Singapore,2020,24.83333333333333,509.0
4471,Slovakia,2004,8.333333333333334,510.0
4472,Slovakia,2005,8.333333333333334,511.0
4473,Slovakia,2006,2.0,512.0
4474,Slovakia,2007,12.75,513.0
4475,Slovakia,2008,1.1666666666666667,514.0
4476,Slovakia,2009,0.0,515.0
4477,Slovakia,2010,3.6666666666666665,516.0
4478,Slovakia,2011,11.166666666666666,517.0
4479,Slovakia,2012,2.583333333333333,518.0
4480,Slovakia,2013,1.6666666666666667,519.0
4481,Slovakia,2014,2.25,520.0
4482,Slovakia,2015,1.5833333333333333,521.0
4483,Slovakia,2016,4.916666666666667,522.0
4484,Slovakia,2017,5.833333333333333,523.0
4485,Slovakia,2018,1.4166666666666667,524.0
4486,Slovakia,2019,1.6666666666666667,525.0
4487,Slovakia,2020,2.75,526.0
4488,Slovenia,2004,8.333333333333334,527.0
4489,Slovenia,2005,14.166666666666666,528.0
4490,Slovenia,2006,18.5,529.0
4491,Slovenia,2007,6.666666666666667,530.0
4492,Slovenia,2008,8.416666666666666,531.0
4493,Slovenia,2009,23.166666666666668,532.0
4494,Slovenia,2010,9.416666666666666,533.0
4495,Slovenia,2011,4.583333333333333,534.0
4496,Slovenia,2012,9.333333333333334,535.0
4497,Slovenia,2013,10.166666666666666,536.0
4498,Slovenia,2014,3.8333333333333335,537.0
4499,Slovenia,2015,10.583333333333334,538.0
4500,Slovenia,2016,9.166666666666666,539.0
4501,Slovenia,2017,11.166666666666666,540.0
4502,Slovenia,2018,9.916666666666666,541.0
4503,Slovenia,2019,9.416666666666666,542.0
4504,Slovenia,2020,6.0,543.0
4505,Somalia,2004,0.0,544.0
4506,Somalia,2005,0.0,545.0
4507,Somalia,2006,0.0,546.0
4508,Somalia,2007,0.0,547.0
4509,Somalia,2008,0.0,548.0
4510,Somalia,2009,0.0,549.0
4511,Somalia,2010,0.0,550.0
4512,Somalia,2011,0.0,551.0
4513,Somalia,2012,0.0,552.0
4514,Somalia,2013,0.3333333333333333,553.0
4515,Somalia,2014,0.25,554.0
4516,Somalia,2015,0.75,555.0
4517,Somalia,2016,3.6666666666666665,556.0
4518,Somalia,2017,3.8333333333333335,557.0
4519,Somalia,2018,2.333333333333333,558.0
4520,Somalia,2019,2.833333333333333,559.0
4521,Somalia,2020,2.6666666666666665,560.0
4522,South Africa,2004,33.333333333333336,561.0
4523,South Africa,2005,23.25,562.0
4524,South Africa,2006,34.166666666666664,563.0
4525,South Africa,2007,23.5,564.0
4526,South Africa,2008,28.58333333333333,565.0
4527,South Africa,2009,28.33333333333333,566.0
4528,South Africa,2010,23.33333333333333,567.0
4529,South Africa,2011,23.58333333333333,568.0
4530,South Africa,2012,23.5,569.0
4531,South Africa,2013,20.416666666666668,570.0
4532,South Africa,2014,21.33333333333333,571.0
4533,South Africa,2015,19.166666666666668,572.0
4534,South Africa,2016,28.83333333333333,573.0
4535,South Africa,2017,17.083333333333332,574.0
4536,South Africa,2018,21.75,575.0
4537,South Africa,2019,19.33333333333333,576.0
4538,South Africa,2020,18.58333333333333,577.0
4743,South Sudan,2004,0.0,0.0
4744,South Sudan,2005,0.0,1.0
4745,South Sudan,2006,0.0,2.0
4746,South Sudan,2007,0.0,3.0
4747,South Sudan,2008,0.0,4.0
4748,South Sudan,2009,0.0,5.0
4749,South Sudan,2010,0.0,6.0
4750,South Sudan,2011,0.0,7.0
4751,South Sudan,2012,0.0,8.0
4752,South Sudan,2013,0.0,9.0
4753,South Sudan,2014,2.6666666666666665,10.0
4754,South Sudan,2015,4.833333333333333,11.0
4755,South Sudan,2016,2.583333333333333,12.0
4756,South Sudan,2017,6.416666666666667,13.0
4757,South Sudan,2018,6.083333333333333,14.0
4758,South Sudan,2019,10.75,15.0
4759,South Sudan,2020,17.0,16.0
4760,Spain,2004,33.5,17.0
4761,Spain,2005,31.25,18.0
4762,Spain,2006,16.416666666666668,19.0
4763,Spain,2007,33.583333333333336,20.0
4764,Spain,2008,15.75,21.0
4765,Spain,2009,12.916666666666666,22.0
4766,Spain,2010,14.583333333333334,23.0
4767,Spain,2011,24.916666666666668,24.0
4768,Spain,2012,20.666666666666668,25.0
4769,Spain,2013,13.5,26.0
4770,Spain,2014,14.083333333333334,27.0
4771,Spain,2015,12.416666666666666,28.0
4772,Spain,2016,20.166666666666668,29.0
4773,Spain,2017,13.916666666666666,30.0
4774,Spain,2018,15.583333333333334,31.0
4775,Spain,2019,22.916666666666668,32.0
4776,Spain,2020,14.833333333333334,33.0
4777,Sri Lanka,2004,16.166666666666668,34.0
4778,Sri Lanka,2005,15.416666666666666,35.0
4779,Sri Lanka,2006,10.083333333333334,36.0
4780,Sri Lanka,2007,7.583333333333333,37.0
4781,Sri Lanka,2008,13.5,38.0
4782,Sri Lanka,2009,6.5,39.0
4783,Sri Lanka,2010,1.0833333333333333,40.0
4784,Sri Lanka,2011,7.5,41.0
4785,Sri Lanka,2012,6.166666666666667,42.0
4786,Sri Lanka,2013,7.666666666666667,43.0
4787,Sri Lanka,2014,6.666666666666667,44.0
4788,Sri Lanka,2015,7.833333333333333,45.0
4789,Sri Lanka,2016,9.583333333333334,46.0
4790,Sri Lanka,2017,2.833333333333333,47.0
4791,Sri Lanka,2018,9.166666666666666,48.0
4792,Sri Lanka,2019,4.166666666666667,49.0
4793,Sri Lanka,2020,2.4166666666666665,50.0
4794,St. Helena,2004,0.0,51.0
4795,St. Helena,2005,0.0,52.0
4796,St. Helena,2006,0.0,53.0
4797,St. Helena,2007,0.0,54.0
4798,St. Helena,2008,0.0,55.0
4799,St. Helena,2009,0.0,56.0
4800,St. Helena,2010,0.0,57.0
4801,St. Helena,2011,0.0,58.0
4802,St. Helena,2012,0.0,59.0
4803,St. Helena,2013,0.75,60.0
4804,St. Helena,2014,0.0,61.0
4805,St. Helena,2015,2.0,62.0
4806,St. Helena,2016,5.333333333333333,63.0
4807,St. Helena,2017,6.166666666666667,64.0
4808,St. Helena,2018,7.833333333333333,65.0
4809,St. Helena,2019,8.916666666666666,66.0
4810,St. Helena,2020,8.416666666666666,67.0
4811,Sudan,2004,8.333333333333334,68.0
4812,Sudan,2005,4.0,69.0
4813,Sudan,2006,15.75,70.0
4814,Sudan,2007,2.25,71.0
4815,Sudan,2008,8.416666666666666,72.0
4816,Sudan,2009,9.416666666666666,73.0
4817,Sudan,2010,5.25,74.0
4818,Sudan,2011,2.9166666666666665,75.0
4819,Sudan,2012,7.666666666666667,76.0
4820,Sudan,2013,4.666666666666667,77.0
4821,Sudan,2014,18.166666666666668,78.0
4822,Sudan,2015,1.5,79.0
4823,Sudan,2016,3.333333333333333,80.0
4824,Sudan,2017,2.1666666666666665,81.0
4825,Sudan,2018,5.666666666666667,82.0
4826,Sudan,2019,1.25,83.0
4827,Sudan,2020,1.1666666666666667,84.0
4828,Sweden,2004,38.583333333333336,85.0
4829,Sweden,2005,23.33333333333333,86.0
4830,Sweden,2006,28.83333333333333,87.0
4831,Sweden,2007,17.583333333333332,88.0
4832,Sweden,2008,25.5,89.0
4833,Sweden,2009,13.166666666666666,90.0
4834,Sweden,2010,16.833333333333332,91.0
4835,Sweden,2011,13.333333333333334,92.0
4836,Sweden,2012,18.75,93.0
4837,Sweden,2013,11.666666666666666,94.0
4838,Sweden,2014,13.0,95.0
4839,Sweden,2015,10.5,96.0
4840,Sweden,2016,14.25,97.0
4841,Sweden,2017,15.416666666666666,98.0
4842,Sweden,2018,19.58333333333333,99.0
4843,Sweden,2019,12.166666666666666,100.0
4844,Sweden,2020,13.666666666666666,101.0
4845,Switzerland,2004,34.916666666666664,102.0
4846,Switzerland,2005,41.25,103.0
4847,Switzerland,2006,16.166666666666668,104.0
4848,Switzerland,2007,31.58333333333333,105.0
4849,Switzerland,2008,10.25,106.0
4850,Switzerland,2009,22.75,107.0
4851,Switzerland,2010,20.0,108.0
4852,Switzerland,2011,25.916666666666668,109.0
4853,Switzerland,2012,12.416666666666666,110.0
4854,Switzerland,2013,10.083333333333334,111.0
4855,Switzerland,2014,13.583333333333334,112.0
4856,Switzerland,2015,16.166666666666668,113.0
4857,Switzerland,2016,19.0,114.0
4858,Switzerland,2017,18.33333333333333,115.0
4859,Switzerland,2018,10.0,116.0
4860,Switzerland,2019,18.666666666666668,117.0
4861,Switzerland,2020,9.5,118.0
4862,Syria,2004,14.5,119.0
4863,Syria,2005,6.166666666666667,120.0
4864,Syria,2006,8.166666666666666,121.0
4865,Syria,2007,2.9166666666666665,122.0
4866,Syria,2008,2.0,123.0
4867,Syria,2009,8.666666666666666,124.0
4868,Syria,2010,2.083333333333333,125.0
4869,Syria,2011,1.5,126.0
4870,Syria,2012,2.5,127.0
4871,Syria,2013,2.333333333333333,128.0
4872,Syria,2014,1.4166666666666667,129.0
4873,Syria,2015,1.75,130.0
4874,Syria,2016,0.8333333333333334,131.0
4875,Syria,2017,2.5,132.0
4876,Syria,2018,1.6666666666666667,133.0
4877,Syria,2019,1.8333333333333333,134.0
4878,Syria,2020,3.6666666666666665,135.0
4879,Taiwan,2004,28.5,136.0
4880,Taiwan,2005,29.08333333333333,137.0
4881,Taiwan,2006,29.416666666666668,138.0
4882,Taiwan,2007,34.0,139.0
4883,Taiwan,2008,31.166666666666668,140.0
4884,Taiwan,2009,33.416666666666664,141.0
4885,Taiwan,2010,36.333333333333336,142.0
4886,Taiwan,2011,21.5,143.0
4887,Taiwan,2012,26.416666666666668,144.0
4888,Taiwan,2013,24.75,145.0
4889,Taiwan,2014,28.75,146.0
4890,Taiwan,2015,22.5,147.0
4891,Taiwan,2016,21.0,148.0
4892,Taiwan,2017,32.666666666666664,149.0
4893,Taiwan,2018,16.833333333333332,150.0
4894,Taiwan,2019,20.666666666666668,151.0
4895,Taiwan,2020,25.416666666666668,152.0
4896,Thailand,2004,22.33333333333333,0.0
4897,Thailand,2005,26.83333333333333,1.0
4898,Thailand,2006,15.083333333333334,2.0
4899,Thailand,2007,16.0,3.0
4900,Thailand,2008,8.25,4.0
4901,Thailand,2009,13.166666666666666,5.0
4902,Thailand,2010,7.5,6.0
4903,Thailand,2011,8.416666666666666,7.0
4904,Thailand,2012,6.833333333333333,8.0
4905,Thailand,2013,7.916666666666667,9.0
4906,Thailand,2014,3.9166666666666665,10.0
4907,Thailand,2015,2.833333333333333,11.0
4908,Thailand,2016,2.9166666666666665,12.0
4909,Thailand,2017,5.166666666666667,13.0
4910,Thailand,2018,4.416666666666667,14.0
4911,Thailand,2019,7.166666666666667,15.0
4912,Thailand,2020,11.5,16.0
4913,Trinidad and Tobago,2004,31.166666666666668,17.0
4914,Trinidad and Tobago,2005,21.416666666666668,18.0
4915,Trinidad and Tobago,2006,21.666666666666668,19.0
4916,Trinidad and Tobago,2007,3.583333333333333,20.0
4917,Trinidad and Tobago,2008,9.166666666666666,21.0
4918,Trinidad and Tobago,2009,21.83333333333333,22.0
4919,Trinidad and Tobago,2010,7.583333333333333,23.0
4920,Trinidad and Tobago,2011,8.0,24.0
4921,Trinidad and Tobago,2012,19.916666666666668,25.0
4922,Trinidad and Tobago,2013,12.5,26.0
4923,Trinidad and Tobago,2014,16.833333333333332,27.0
4924,Trinidad and Tobago,2015,3.333333333333333,28.0
4925,Trinidad and Tobago,2016,22.58333333333333,29.0
4926,Trinidad and Tobago,2017,8.5,30.0
4927,Trinidad and Tobago,2018,10.5,31.0
4928,Trinidad and Tobago,2019,9.166666666666666,32.0
4929,Trinidad and Tobago,2020,16.0,33.0
4930,Tunisia,2004,0.0,34.0
4931,Tunisia,2005,0.0,35.0
4932,Tunisia,2006,0.0,36.0
4933,Tunisia,2007,2.083333333333333,37.0
4934,Tunisia,2008,1.9166666666666667,38.0
4935,Tunisia,2009,2.083333333333333,39.0
4936,Tunisia,2010,0.0,40.0
4937,Tunisia,2011,2.333333333333333,41.0
4938,Tunisia,2012,0.0,42.0
4939,Tunisia,2013,2.583333333333333,43.0
4940,Tunisia,2014,0.75,44.0
4941,Tunisia,2015,2.6666666666666665,45.0
4942,Tunisia,2016,9.333333333333334,46.0
4943,Tunisia,2017,1.0,47.0
4944,Tunisia,2018,1.1666666666666667,48.0
4945,Tunisia,2019,2.833333333333333,49.0
4946,Tunisia,2020,0.3333333333333333,50.0
4947,Turkey,2004,27.166666666666668,51.0
4948,Turkey,2005,26.166666666666668,52.0
4949,Turkey,2006,19.666666666666668,53.0
4950,Turkey,2007,11.916666666666666,54.0
4951,Turkey,2008,17.166666666666668,55.0
4952,Turkey,2009,16.0,56.0
4953,Turkey,2010,6.583333333333333,57.0
4954,Turkey,2011,7.166666666666667,58.0
4955,Turkey,2012,8.666666666666666,59.0
4956,Turkey,2013,9.166666666666666,60.0
4957,Turkey,2014,7.25,61.0
4958,Turkey,2015,8.916666666666666,62.0
4959,Turkey,2016,11.25,63.0
4960,Turkey,2017,4.583333333333333,64.0
4961,Turkey,2018,7.583333333333333,65.0
4962,Turkey,2019,4.833333333333333,66.0
4963,Turkey,2020,4.166666666666667,67.0
5168,Uganda,2004,8.333333333333334,0.0
5169,Uganda,2005,6.916666666666667,1.0
5170,Uganda,2006,0.0,2.0
5171,Uganda,2007,9.083333333333334,3.0
5172,Uganda,2008,6.166666666666667,4.0
5173,Uganda,2009,8.166666666666666,5.0
5174,Uganda,2010,19.58333333333333,6.0
5175,Uganda,2011,13.5,7.0
5176,Uganda,2012,13.666666666666666,8.0
5177,Uganda,2013,5.5,9.0
5178,Uganda,2014,14.75,10.0
5179,Uganda,2015,9.25,11.0
5180,Uganda,2016,16.75,12.0
5181,Uganda,2017,16.083333333333332,13.0
5182,Uganda,2018,7.333333333333333,14.0
5183,Uganda,2019,10.833333333333334,15.0
5184,Uganda,2020,9.25,16.0
5185,Ukraine,2004,0.0,17.0
5186,Ukraine,2005,14.75,18.0
5187,Ukraine,2006,17.583333333333332,19.0
5188,Ukraine,2007,12.416666666666666,20.0
5189,Ukraine,2008,19.58333333333333,21.0
5190,Ukraine,2009,6.333333333333333,22.0
5191,Ukraine,2010,7.583333333333333,23.0
5192,Ukraine,2011,2.75,24.0
5193,Ukraine,2012,6.083333333333333,25.0
5194,Ukraine,2013,10.833333333333334,26.0
5195,Ukraine,2014,7.916666666666667,27.0
5196,Ukraine,2015,6.916666666666667,28.0
5197,Ukraine,2016,1.0,29.0
5198,Ukraine,2017,1.4166666666666667,30.0
5199,Ukraine,2018,11.416666666666666,31.0
5200,Ukraine,2019,3.333333333333333,32.0
5201,Ukraine,2020,11.0,33.0
5202,United Arab Emirates,2004,46.083333333333336,34.0
5203,United Arab Emirates,2005,50.25,35.0
5204,United Arab Emirates,2006,24.83333333333333,36.0
5205,United Arab Emirates,2007,41.75,37.0
5206,United Arab Emirates,2008,36.083333333333336,38.0
5207,United Arab Emirates,2009,22.416666666666668,39.0
5208,United Arab Emirates,2010,15.916666666666666,40.0
5209,United Arab Emirates,2011,30.916666666666668,41.0
5210,United Arab Emirates,2012,23.916666666666668,42.0
5211,United Arab Emirates,2013,28.75,43.0
5212,United Arab Emirates,2014,21.0,44.0
5213,United Arab Emirates,2015,18.83333333333333,45.0
5214,United Arab Emirates,2016,21.0,46.0
5215,United Arab Emirates,2017,14.083333333333334,47.0
5216,United Arab Emirates,2018,22.666666666666668,48.0
5217,United Arab Emirates,2019,26.666666666666668,49.0
5218,United Arab Emirates,2020,17.5,50.0
5219,United Kingdom,2004,89.58333333333333,51.0
5220,United Kingdom,2005,83.5,52.0
5221,United Kingdom,2006,79.83333333333333,53.0
5222,United Kingdom,2007,69.58333333333333,54.0
5223,United Kingdom,2008,69.66666666666667,55.0
5224,United Kingdom,2009,61.25,56.0
5225,United Kingdom,2010,59.0,57.0
5226,United Kingdom,2011,54.583333333333336,58.0
5227,United Kingdom,2012,57.583333333333336,59.0
5228,United Kingdom,2013,55.41666666666666,60.0
5229,United Kingdom,2014,50.833333333333336,61.0
5230,United Kingdom,2015,44.16666666666666,62.0
5231,United Kingdom,2016,49.583333333333336,63.0
5232,United Kingdom,2017,46.833333333333336,64.0
5233,United Kingdom,2018,49.41666666666666,65.0
5234,United Kingdom,2019,45.833333333333336,66.0
5235,United Kingdom,2020,51.25,67.0
5236,United States,2004,82.25,68.0
5237,United States,2005,75.41666666666667,69.0
5238,United States,2006,68.33333333333333,70.0
5239,United States,2007,65.41666666666667,71.0
5240,United States,2008,62.583333333333336,72.0
5241,United States,2009,57.333333333333336,73.0
5242,United States,2010,58.083333333333336,74.0
5243,United States,2011,54.583333333333336,75.0
5244,United States,2012,52.91666666666666,76.0
5245,United States,2013,51.75,77.0
5246,United States,2014,49.083333333333336,78.0
5247,United States,2015,43.583333333333336,79.0
5248,United States,2016,47.833333333333336,80.0
5249,United States,2017,45.66666666666666,81.0
5250,United States,2018,45.083333333333336,82.0
5251,United States,2019,44.91666666666666,83.0
5252,United States,2020,47.16666666666666,84.0
5253,Venezuela,2004,0.0,85.0
5254,Venezuela,2005,8.333333333333334,86.0
5255,Venezuela,2006,12.916666666666666,87.0
5256,Venezuela,2007,4.583333333333333,88.0
5257,Venezuela,2008,2.0,89.0
5258,Venezuela,2009,12.916666666666666,90.0
5259,Venezuela,2010,5.083333333333333,91.0
5260,Venezuela,2011,0.75,92.0
5261,Venezuela,2012,14.666666666666666,93.0
5262,Venezuela,2013,3.583333333333333,94.0
5263,Venezuela,2014,5.0,95.0
5264,Venezuela,2015,4.583333333333333,96.0
5265,Venezuela,2016,1.5833333333333333,97.0
5266,Venezuela,2017,3.583333333333333,98.0
5267,Venezuela,2018,0.0,99.0
5268,Venezuela,2019,2.25,100.0
5269,Venezuela,2020,4.25,101.0
5270,Vietnam,2004,15.25,102.0
5271,Vietnam,2005,10.583333333333334,103.0
5272,Vietnam,2006,0.0,104.0
5273,Vietnam,2007,12.916666666666666,105.0
5274,Vietnam,2008,5.333333333333333,106.0
5275,Vietnam,2009,0.4166666666666667,107.0
5276,Vietnam,2010,12.25,108.0
5277,Vietnam,2011,7.333333333333333,109.0
5278,Vietnam,2012,1.25,110.0
5279,Vietnam,2013,3.8333333333333335,111.0
5280,Vietnam,2014,2.1666666666666665,112.0
5281,Vietnam,2015,0.5,113.0
5282,Vietnam,2016,0.5,114.0
5283,Vietnam,2017,2.9166666666666665,115.0
5284,Vietnam,2018,1.4166666666666667,116.0
5285,Vietnam,2019,1.4166666666666667,117.0
5286,Vietnam,2020,1.5833333333333333,118.0
5287,Yemen,2004,0.0,119.0
5288,Yemen,2005,8.0,120.0
5289,Yemen,2006,0.0,121.0
5290,Yemen,2007,8.0,122.0
5291,Yemen,2008,9.75,123.0
5292,Yemen,2009,1.75,124.0
5293,Yemen,2010,5.666666666666667,125.0
5294,Yemen,2011,6.333333333333333,126.0
5295,Yemen,2012,2.9166666666666665,127.0
5296,Yemen,2013,14.333333333333334,128.0
5297,Yemen,2014,0.25,129.0
5298,Yemen,2015,4.5,130.0
5299,Yemen,2016,3.333333333333333,131.0
5300,Yemen,2017,5.5,132.0
5301,Yemen,2018,4.666666666666667,133.0
5302,Yemen,2019,4.833333333333333,134.0
5303,Yemen,2020,0.5833333333333334,135.0
5304,Zambia,2004,0.0,136.0
5305,Zambia,2005,0.0,137.0
5306,Zambia,2006,0.0,138.0
5307,Zambia,2007,8.333333333333334,139.0
5308,Zambia,2008,12.833333333333334,140.0
5309,Zambia,2009,0.0,141.0
5310,Zambia,2010,6.833333333333333,142.0
5311,Zambia,2011,8.333333333333334,143.0
5312,Zambia,2012,1.25,144.0
5313,Zambia,2013,11.916666666666666,145.0
5314,Zambia,2014,5.666666666666667,146.0
5315,Zambia,2015,1.5833333333333333,147.0
5316,Zambia,2016,8.583333333333334,148.0
5317,Zambia,2017,1.5,149.0
5318,Zambia,2018,3.083333333333333,150.0
5319,Zambia,2019,1.9166666666666667,151.0
5320,Zambia,2020,13.083333333333334,152.0
5321,Zimbabwe,2004,5.5,153.0
5322,Zimbabwe,2005,18.33333333333333,154.0
5323,Zimbabwe,2006,8.333333333333334,155.0
5324,Zimbabwe,2007,7.416666666666667,156.0
5325,Zimbabwe,2008,6.166666666666667,157.0
5326,Zimbabwe,2009,14.166666666666666,158.0
5327,Zimbabwe,2010,13.833333333333334,159.0
5328,Zimbabwe,2011,10.25,160.0
5329,Zimbabwe,2012,12.916666666666666,161.0
5330,Zimbabwe,2013,5.75,162.0
5331,Zimbabwe,2014,6.333333333333333,163.0
5332,Zimbabwe,2015,4.166666666666667,164.0
5333,Zimbabwe,2016,4.083333333333333,165.0
5334,Zimbabwe,2017,13.25,166.0
5335,Zimbabwe,2018,7.916666666666667,167.0
5336,Zimbabwe,2019,3.6666666666666665,168.0
5337,Zimbabwe,2020,6.5,169.0
