,country,date,value,Name
0,Mali,1994,0.00000,P90vsP10
1,Mali,2001,0.05636,P90vsP10
2,Mali,2006,0.00068,P90vsP10
3,Mali,2010,0.06096,P90vsP10
4,Burkina Faso,1994,0.00000,P90vsP10
5,Burkina Faso,1998,-0.01608,P90vsP10
6,Burkina Faso,2003,0.02513,P90vsP10
7,Burkina Faso,2009,0.02780,P90vsP10
8,Burkina Faso,2014,0.05299,P90vsP10
9,Chile,1987,0.00000,P90vsP10
10,Chile,1990,0.00141,P90vsP10
11,Chile,1992,0.01382,P90vsP10
12,Chile,1994,-0.01137,P90vsP10
13,Chile,1996,0.00604,P90vsP10
14,Chile,1998,-0.00467,P90vsP10
15,Chile,2000,0.00418,P90vsP10
16,Chile,2003,0.00456,P90vsP10
17,Chile,2006,0.01821,P90vsP10
18,Chile,2009,-0.00549,P90vsP10
19,Chile,2011,0.01152,P90vsP10
20,Chile,2013,0.00608,P90vsP10
21,Chile,2015,-0.01014,P90vsP10
22,Zambia,1991,0.00000,P90vsP10
23,Zambia,1993,0.05885,P90vsP10
24,Zambia,1996,0.03897,P90vsP10
25,Zambia,1998,-0.00807,P90vsP10
26,Zambia,2003,0.05132,P90vsP10
27,Zambia,2005,-0.06870,P90vsP10
28,Zambia,2007,-0.00017,P90vsP10
29,Zambia,2010,0.00818,P90vsP10
30,Zambia,2015,-0.02640,P90vsP10
31,Ghana,1988,0.00000,P90vsP10
32,Ghana,1989,0.00011,P90vsP10
33,Ghana,1992,-0.01985,P90vsP10
34,Ghana,1998,-0.02143,P90vsP10
35,Ghana,2006,-0.02458,P90vsP10
36,Ghana,2013,0.00791,P90vsP10
37,United States,1986,0.00000,P90vsP10
38,United States,1991,-0.00268,P90vsP10
39,United States,1994,-0.01026,P90vsP10
40,United States,1997,-0.00149,P90vsP10
41,United States,2000,0.00322,P90vsP10
42,United States,2004,-0.00873,P90vsP10
43,United States,2007,-0.00239,P90vsP10
44,United States,2010,0.00086,P90vsP10
45,United States,2013,0.00164,P90vsP10
46,United States,2016,-0.00436,P90vsP10
47,Haiti,2001,0.00000,P90vsP10
48,Haiti,2012,0.09745,P90vsP10
49,Haiti,2012,-0.10315,P90vsP10
50,Jordan,1987,0.00000,P90vsP10
51,Jordan,1992,-0.04962,P90vsP10
52,Jordan,1997,0.05075,P90vsP10
53,Jordan,2003,-0.01457,P90vsP10
54,Jordan,2006,0.02627,P90vsP10
55,Jordan,2008,0.01707,P90vsP10
56,Jordan,2010,-0.01036,P90vsP10
57,El Salvador,1991,0.00000,P90vsP10
58,El Salvador,1995,0.03514,P90vsP10
59,El Salvador,1996,-0.00330,P90vsP10
60,El Salvador,1998,-0.04369,P90vsP10
61,El Salvador,1999,0.00927,P90vsP10
62,El Salvador,2000,0.02981,P90vsP10
63,El Salvador,2001,-0.00597,P90vsP10
64,El Salvador,2002,-0.00197,P90vsP10
65,El Salvador,2003,-0.01141,P90vsP10
66,El Salvador,2004,0.02814,P90vsP10
67,El Salvador,2005,0.00760,P90vsP10
68,El Salvador,2006,0.02966,P90vsP10
69,El Salvador,2007,0.01213,P90vsP10
70,El Salvador,2008,-0.01387,P90vsP10
71,El Salvador,2009,0.00520,P90vsP10
72,El Salvador,2010,0.01156,P90vsP10
73,El Salvador,2011,0.01158,P90vsP10
74,El Salvador,2012,0.00249,P90vsP10
75,El Salvador,2013,-0.00550,P90vsP10
76,El Salvador,2014,0.00915,P90vsP10
77,El Salvador,2015,0.01012,P90vsP10
78,El Salvador,2016,-0.00310,P90vsP10
79,Australia,1981,0.00000,P90vsP10
80,Australia,1985,-0.00893,P90vsP10
81,Australia,1989,-0.00662,P90vsP10
82,Australia,1995,0.01306,P90vsP10
83,Australia,2001,-0.00805,P90vsP10
84,Australia,2003,-0.00188,P90vsP10
85,Australia,2008,-0.00348,P90vsP10
86,Australia,2010,0.00055,P90vsP10
87,Nepal,1985,0.00000,P90vsP10
88,Nepal,1996,-0.06170,P90vsP10
89,Nepal,2003,-0.04665,P90vsP10
90,Nepal,2010,0.07054,P90vsP10
91,Latvia,1993,0.00000,P90vsP10
92,Latvia,1995,-0.08087,P90vsP10
93,Latvia,1996,-0.01775,P90vsP10
94,Latvia,1997,-0.00458,P90vsP10
95,Latvia,1998,0.00000,P90vsP10
96,Latvia,2002,-0.01046,P90vsP10
97,Latvia,2003,-0.01119,P90vsP10
98,Latvia,2004,0.01005,P90vsP10
99,Latvia,2004,-0.03683,P90vsP10
100,Latvia,2005,-0.01425,P90vsP10
101,Latvia,2006,0.03112,P90vsP10
102,Latvia,2007,-0.00625,P90vsP10
103,Latvia,2007,0.02026,P90vsP10
104,Latvia,2008,0.00208,P90vsP10
105,Latvia,2008,-0.03448,P90vsP10
106,Latvia,2009,0.04048,P90vsP10
107,Latvia,2009,-0.04805,P90vsP10
108,Latvia,2010,0.00932,P90vsP10
109,Latvia,2011,0.00839,P90vsP10
110,Latvia,2012,0.00532,P90vsP10
111,Latvia,2013,-0.00377,P90vsP10
112,Latvia,2014,0.00052,P90vsP10
113,Latvia,2015,0.01613,P90vsP10
114,Poland,1985,0.00000,P90vsP10
115,Poland,1987,-0.00327,P90vsP10
116,Poland,1989,-0.01904,P90vsP10
117,Poland,1993,0.01017,P90vsP10
118,Poland,1996,-0.06214,P90vsP10
119,Poland,1998,-0.00123,P90vsP10
120,Poland,1999,-0.00253,P90vsP10
121,Poland,2000,-0.00684,P90vsP10
122,Poland,2001,-0.00022,P90vsP10
123,Poland,2002,-0.00932,P90vsP10
124,Poland,2003,-0.00838,P90vsP10
125,Poland,2004,-0.00815,P90vsP10
126,Poland,2004,-0.05622,P90vsP10
127,Poland,2005,0.06947,P90vsP10
128,Poland,2005,-0.03945,P90vsP10
129,Poland,2006,0.04708,P90vsP10
130,Poland,2006,-0.03441,P90vsP10
131,Poland,2007,0.01090,P90vsP10
132,Poland,2007,0.02542,P90vsP10
133,Poland,2008,-0.00112,P90vsP10
134,Poland,2008,-0.01977,P90vsP10
135,Poland,2009,0.02260,P90vsP10
136,Poland,2009,-0.02215,P90vsP10
137,Poland,2010,0.02329,P90vsP10
138,Poland,2010,-0.02317,P90vsP10
139,Poland,2011,0.02574,P90vsP10
140,Poland,2011,-0.02589,P90vsP10
141,Poland,2012,0.00091,P90vsP10
142,Poland,2012,0.02942,P90vsP10
143,Poland,2013,-0.00220,P90vsP10
144,Poland,2013,-0.02928,P90vsP10
145,Poland,2014,0.03301,P90vsP10
146,Poland,2014,-0.03330,P90vsP10
147,Poland,2015,0.03680,P90vsP10
148,Poland,2015,-0.02915,P90vsP10
149,Poland,2016,0.04344,P90vsP10
150,Sao Tome and Principe,2001,0.00000,P90vsP10
151,Sao Tome and Principe,2010,0.01367,P90vsP10
152,Vietnam,1993,0.00000,P90vsP10
153,Vietnam,1999,0.00287,P90vsP10
154,Vietnam,2002,-0.01171,P90vsP10
155,Vietnam,2004,-0.01023,P90vsP10
156,Vietnam,2006,0.00240,P90vsP10
157,Vietnam,2008,0.00283,P90vsP10
158,Vietnam,2010,-0.03267,P90vsP10
159,Vietnam,2012,0.02428,P90vsP10
160,Vietnam,2014,-0.00231,P90vsP10
161,Vietnam,2016,-0.00445,P90vsP10
162,Guinea-Bissau,1993,0.00000,P90vsP10
163,Guinea-Bissau,2002,0.05380,P90vsP10
164,Guinea-Bissau,2010,-0.09399,P90vsP10
165,Romania,1989,0.00000,P90vsP10
166,Romania,1992,-0.02954,P90vsP10
167,Romania,1994,-0.02527,P90vsP10
168,Romania,1998,-0.03719,P90vsP10
169,Romania,1999,0.01835,P90vsP10
170,Romania,2000,0.00026,P90vsP10
171,Romania,2001,-0.00206,P90vsP10
172,Romania,2002,-0.01122,P90vsP10
173,Romania,2003,0.00854,P90vsP10
174,Romania,2004,-0.00077,P90vsP10
175,Romania,2005,0.00128,P90vsP10
176,Romania,2006,-0.00733,P90vsP10
177,Romania,2006,-0.11496,P90vsP10
178,Romania,2007,0.01541,P90vsP10
179,Romania,2007,0.10412,P90vsP10
180,Romania,2008,0.00527,P90vsP10
181,Romania,2008,-0.10320,P90vsP10
182,Romania,2009,0.11920,P90vsP10
183,Romania,2009,-0.10867,P90vsP10
184,Romania,2010,0.10773,P90vsP10
185,Romania,2010,-0.11518,P90vsP10
186,Romania,2011,0.12702,P90vsP10
187,Romania,2011,-0.13376,P90vsP10
188,Romania,2012,0.13356,P90vsP10
189,Romania,2012,-0.14385,P90vsP10
190,Romania,2013,0.14145,P90vsP10
191,Romania,2013,-0.14531,P90vsP10
192,Romania,2014,-0.00568,P90vsP10
193,Romania,2015,0.00880,P90vsP10
194,Romania,2016,0.12866,P90vsP10
195,Paraguay,1990,0.00000,P90vsP10
196,Paraguay,1995,-0.09850,P90vsP10
197,Paraguay,1997,0.00283,P90vsP10
198,Paraguay,1999,0.00841,P90vsP10
199,Paraguay,2001,0.00572,P90vsP10
200,Paraguay,2002,-0.00249,P90vsP10
201,Paraguay,2003,0.01270,P90vsP10
202,Paraguay,2004,0.01667,P90vsP10
203,Paraguay,2005,-0.00596,P90vsP10
204,Paraguay,2006,-0.00438,P90vsP10
205,Paraguay,2007,-0.00408,P90vsP10
206,Paraguay,2008,0.01884,P90vsP10
207,Paraguay,2009,-0.00367,P90vsP10
208,Paraguay,2010,-0.00905,P90vsP10
209,Paraguay,2011,-0.00561,P90vsP10
210,Paraguay,2012,0.01908,P90vsP10
211,Paraguay,2013,0.00647,P90vsP10
212,Paraguay,2014,-0.01096,P90vsP10
213,Paraguay,2015,0.01034,P90vsP10
214,Paraguay,2016,0.00285,P90vsP10
215,Honduras,1986,0.00000,P90vsP10
216,Honduras,1989,-0.01195,P90vsP10
217,Honduras,1990,-0.00078,P90vsP10
218,Honduras,1991,0.01492,P90vsP10
219,Honduras,1992,0.00488,P90vsP10
220,Honduras,1993,-0.00921,P90vsP10
221,Honduras,1994,-0.01189,P90vsP10
222,Honduras,1995,0.00285,P90vsP10
223,Honduras,1996,-0.00647,P90vsP10
224,Honduras,1997,0.01839,P90vsP10
225,Honduras,1998,-0.04466,P90vsP10
226,Honduras,1999,0.00306,P90vsP10
227,Honduras,2001,0.01775,P90vsP10
228,Honduras,2002,-0.00094,P90vsP10
229,Honduras,2003,-0.00726,P90vsP10
230,Honduras,2004,-0.00058,P90vsP10
231,Honduras,2005,-0.01091,P90vsP10
232,Honduras,2006,0.00477,P90vsP10
233,Honduras,2007,0.02055,P90vsP10
234,Honduras,2008,-0.00362,P90vsP10
235,Honduras,2009,0.01698,P90vsP10
236,Honduras,2010,-0.00395,P90vsP10
237,Honduras,2011,-0.01514,P90vsP10
238,Honduras,2012,0.00246,P90vsP10
239,Honduras,2013,0.01207,P90vsP10
240,Honduras,2014,0.01360,P90vsP10
241,Honduras,2015,0.00081,P90vsP10
242,Honduras,2016,-0.01491,P90vsP10
243,Greece,2003,0.00000,P90vsP10
244,Greece,2004,-0.01035,P90vsP10
245,Greece,2005,-0.00555,P90vsP10
246,Greece,2006,-0.00855,P90vsP10
247,Greece,2007,0.00968,P90vsP10
248,Greece,2008,0.00287,P90vsP10
249,Greece,2009,-0.00473,P90vsP10
250,Greece,2010,-0.00770,P90vsP10
251,Greece,2011,-0.02366,P90vsP10
252,Greece,2012,-0.00925,P90vsP10
253,Greece,2013,0.00554,P90vsP10
254,Greece,2014,-0.00229,P90vsP10
255,Greece,2015,-0.00150,P90vsP10
256,Malawi,1998,0.00000,P90vsP10
257,Malawi,2004,0.08063,P90vsP10
258,Malawi,2010,-0.04280,P90vsP10
259,Slovenia,1993,0.00000,P90vsP10
260,Slovenia,1998,0.00745,P90vsP10
261,Slovenia,2002,-0.02540,P90vsP10
262,Slovenia,2003,-0.01222,P90vsP10
263,Slovenia,2004,0.05797,P90vsP10
264,Slovenia,2005,0.00434,P90vsP10
265,Slovenia,2006,0.00488,P90vsP10
266,Slovenia,2007,-0.00083,P90vsP10
267,Slovenia,2008,0.01033,P90vsP10
268,Slovenia,2009,-0.01728,P90vsP10
269,Slovenia,2010,-0.00766,P90vsP10
270,Slovenia,2011,0.00276,P90vsP10
271,Slovenia,2012,-0.01486,P90vsP10
272,Slovenia,2013,-0.00805,P90vsP10
273,Slovenia,2014,0.01105,P90vsP10
274,Slovenia,2015,0.00633,P90vsP10
275,Brazil,1981,0.00000,P90vsP10
276,Brazil,1982,-0.00004,P90vsP10
277,Brazil,1983,-0.00009,P90vsP10
278,Brazil,1984,0.00303,P90vsP10
279,Brazil,1985,0.00386,P90vsP10
280,Brazil,1986,-0.00566,P90vsP10
281,Brazil,1987,-0.00735,P90vsP10
282,Brazil,1988,-0.00627,P90vsP10
283,Brazil,1989,-0.00250,P90vsP10
284,Brazil,1990,0.00995,P90vsP10
285,Brazil,1992,0.00551,P90vsP10
286,Brazil,1993,-0.00984,P90vsP10
287,Brazil,1995,0.00437,P90vsP10
288,Brazil,1996,-0.00615,P90vsP10
289,Brazil,1997,0.00186,P90vsP10
290,Brazil,1998,0.00366,P90vsP10
291,Brazil,1999,0.00189,P90vsP10
292,Brazil,2001,0.00010,P90vsP10
293,Brazil,2002,0.00483,P90vsP10
294,Brazil,2003,-0.00048,P90vsP10
295,Brazil,2004,0.00555,P90vsP10
296,Brazil,2005,0.00117,P90vsP10
297,Brazil,2006,0.00190,P90vsP10
298,Brazil,2007,-0.00154,P90vsP10
299,Brazil,2008,0.00496,P90vsP10
300,Brazil,2009,0.00071,P90vsP10
301,Brazil,2011,0.00076,P90vsP10
302,Brazil,2012,0.00415,P90vsP10
303,Brazil,2013,-0.00297,P90vsP10
304,Brazil,2014,0.00984,P90vsP10
305,Brazil,2015,-0.00221,P90vsP10
306,"Micronesia, Fed. Sts.",2000,0.00000,P90vsP10
307,"Micronesia, Fed. Sts.",2005,0.11682,P90vsP10
308,"Micronesia, Fed. Sts.",2013,-0.01378,P90vsP10
309,Botswana,1986,0.00000,P90vsP10
310,Botswana,1993,-0.01482,P90vsP10
311,Botswana,2003,-0.02144,P90vsP10
312,Botswana,2009,0.01339,P90vsP10
313,Bosnia and Herzegovina,2001,0.00000,P90vsP10
314,Bosnia and Herzegovina,2004,-0.04445,P90vsP10
315,Bosnia and Herzegovina,2007,0.00940,P90vsP10
316,Bosnia and Herzegovina,2011,-0.00429,P90vsP10
317,Bosnia and Herzegovina,2015,0.00568,P90vsP10
318,Portugal,2003,0.00000,P90vsP10
319,Portugal,2004,0.00486,P90vsP10
320,Portugal,2005,0.00507,P90vsP10
321,Portugal,2006,0.00677,P90vsP10
322,Portugal,2007,0.00966,P90vsP10
323,Portugal,2008,-0.00430,P90vsP10
324,Portugal,2009,0.01271,P90vsP10
325,Portugal,2010,-0.00673,P90vsP10
326,Portugal,2011,-0.01149,P90vsP10
327,Portugal,2012,-0.01275,P90vsP10
328,Portugal,2013,-0.00349,P90vsP10
329,Portugal,2014,0.00755,P90vsP10
330,Portugal,2015,0.00798,P90vsP10
331,Norway,2003,0.00000,P90vsP10
332,Norway,2004,-0.03908,P90vsP10
333,Norway,2005,0.00587,P90vsP10
334,Norway,2006,0.02910,P90vsP10
335,Norway,2007,0.00237,P90vsP10
336,Norway,2008,-0.00393,P90vsP10
337,Norway,2009,0.01184,P90vsP10
338,Norway,2010,0.00709,P90vsP10
339,Norway,2011,0.00981,P90vsP10
340,Norway,2012,-0.00941,P90vsP10
341,Norway,2013,-0.00900,P90vsP10
342,Norway,2014,-0.00956,P90vsP10
343,Norway,2015,-0.00890,P90vsP10
344,Seychelles,2000,0.00000,P90vsP10
345,Seychelles,2006,0.01306,P90vsP10
346,Seychelles,2013,-0.03175,P90vsP10
347,Tuvalu,2010,0.00000,P90vsP10
348,Uganda,1989,0.00000,P90vsP10
349,Uganda,1992,0.02904,P90vsP10
350,Uganda,1996,0.02248,P90vsP10
351,Uganda,2000,-0.03069,P90vsP10
352,Uganda,2002,-0.00258,P90vsP10
353,Uganda,2005,0.00850,P90vsP10
354,Uganda,2009,-0.00927,P90vsP10
355,Uganda,2012,0.01609,P90vsP10
356,Uganda,2017,-0.00201,P90vsP10
357,Algeria,1988,0.00000,P90vsP10
358,Algeria,1995,0.02627,P90vsP10
359,Algeria,2011,0.08887,P90vsP10
360,Switzerland,2006,0.00000,P90vsP10
361,Switzerland,2007,-0.00259,P90vsP10
362,Switzerland,2008,0.00734,P90vsP10
363,Switzerland,2009,0.00910,P90vsP10
364,Switzerland,2010,-0.00134,P90vsP10
365,Switzerland,2011,0.00952,P90vsP10
366,Switzerland,2012,0.00823,P90vsP10
367,Switzerland,2013,-0.00596,P90vsP10
368,Switzerland,2014,-0.00639,P90vsP10
369,Switzerland,2015,0.00072,P90vsP10
370,Costa Rica,1981,0.00000,P90vsP10
371,Costa Rica,1986,0.04932,P90vsP10
372,Costa Rica,1989,-0.07947,P90vsP10
373,Costa Rica,1990,0.02312,P90vsP10
374,Costa Rica,1991,0.00021,P90vsP10
375,Costa Rica,1992,0.00682,P90vsP10
376,Costa Rica,1993,-0.00378,P90vsP10
377,Costa Rica,1994,0.00621,P90vsP10
378,Costa Rica,1995,0.00068,P90vsP10
379,Costa Rica,1996,-0.00487,P90vsP10
380,Costa Rica,1997,0.01466,P90vsP10
381,Costa Rica,1998,0.00469,P90vsP10
382,Costa Rica,1999,-0.01382,P90vsP10
383,Costa Rica,2000,-0.00167,P90vsP10
384,Costa Rica,2001,-0.00682,P90vsP10
385,Costa Rica,2002,0.00204,P90vsP10
386,Costa Rica,2003,0.00501,P90vsP10
387,Costa Rica,2004,0.00815,P90vsP10
388,Costa Rica,2005,0.01059,P90vsP10
389,Costa Rica,2006,-0.00683,P90vsP10
390,Costa Rica,2007,0.00940,P90vsP10
391,Costa Rica,2008,-0.00076,P90vsP10
392,Costa Rica,2009,-0.01041,P90vsP10
393,Costa Rica,2010,0.01434,P90vsP10
394,Costa Rica,2011,-0.00510,P90vsP10
395,Costa Rica,2012,0.00002,P90vsP10
396,Costa Rica,2013,-0.00200,P90vsP10
397,Costa Rica,2014,0.00209,P90vsP10
398,Costa Rica,2015,0.00011,P90vsP10
399,Costa Rica,2016,-0.00041,P90vsP10
400,Turkmenistan,1998,0.00000,P90vsP10
401,Spain,2003,0.00000,P90vsP10
402,Spain,2004,-0.01237,P90vsP10
403,Spain,2005,0.00282,P90vsP10
404,Spain,2006,-0.01243,P90vsP10
405,Spain,2007,0.00259,P90vsP10
406,Spain,2008,-0.00320,P90vsP10
407,Spain,2009,-0.01409,P90vsP10
408,Spain,2010,0.00016,P90vsP10
409,Spain,2011,-0.01159,P90vsP10
410,Spain,2012,0.00297,P90vsP10
411,Spain,2013,-0.00878,P90vsP10
412,Spain,2014,-0.00147,P90vsP10
413,Spain,2015,0.00193,P90vsP10
414,Sierra Leone,2003,0.00000,P90vsP10
415,Sierra Leone,2011,0.04813,P90vsP10
416,Austria,2003,0.00000,P90vsP10
417,Austria,2004,0.00559,P90vsP10
418,Austria,2005,0.00955,P90vsP10
419,Austria,2006,-0.00992,P90vsP10
420,Austria,2007,-0.02230,P90vsP10
421,Austria,2008,-0.00367,P90vsP10
422,Austria,2009,-0.01423,P90vsP10
423,Austria,2010,0.02125,P90vsP10
424,Austria,2011,-0.01044,P90vsP10
425,Austria,2012,-0.00314,P90vsP10
426,Austria,2013,0.01113,P90vsP10
427,Austria,2014,0.00046,P90vsP10
428,Austria,2015,-0.00559,P90vsP10
429,Ecuador,1987,0.00000,P90vsP10
430,Ecuador,1994,-0.01015,P90vsP10
431,Ecuador,1995,0.00633,P90vsP10
432,Ecuador,1998,0.01789,P90vsP10
433,Ecuador,1999,-0.03428,P90vsP10
434,Ecuador,2000,0.01224,P90vsP10
435,Ecuador,2003,0.00815,P90vsP10
436,Ecuador,2004,-0.00491,P90vsP10
437,Ecuador,2005,0.00461,P90vsP10
438,Ecuador,2006,0.01230,P90vsP10
439,Ecuador,2007,-0.00791,P90vsP10
440,Ecuador,2008,0.00966,P90vsP10
441,Ecuador,2009,0.00777,P90vsP10
442,Ecuador,2010,0.00259,P90vsP10
443,Ecuador,2011,0.00673,P90vsP10
444,Ecuador,2012,-0.00173,P90vsP10
445,Ecuador,2013,0.00761,P90vsP10
446,Ecuador,2014,0.00776,P90vsP10
447,Ecuador,2015,-0.00980,P90vsP10
448,Ecuador,2016,0.00190,P90vsP10
449,Kosovo,2003,0.00000,P90vsP10
450,Kosovo,2005,-0.03489,P90vsP10
451,Kosovo,2006,0.01185,P90vsP10
452,Kosovo,2009,-0.02113,P90vsP10
453,Kosovo,2010,-0.00405,P90vsP10
454,Kosovo,2011,0.04736,P90vsP10
455,Kosovo,2012,-0.01250,P90vsP10
456,Kosovo,2013,0.03697,P90vsP10
457,Kosovo,2014,-0.02236,P90vsP10
458,Kosovo,2015,0.01930,P90vsP10
459,Kosovo,2016,-0.00907,P90vsP10
460,Guinea,1991,0.00000,P90vsP10
461,Guinea,1994,0.06565,P90vsP10
462,Guinea,2002,0.01505,P90vsP10
463,Guinea,2007,0.01688,P90vsP10
464,Guinea,2012,0.04468,P90vsP10
465,Guatemala,1987,0.00000,P90vsP10
466,Guatemala,1989,-0.01926,P90vsP10
467,Guatemala,2000,0.03086,P90vsP10
468,Guatemala,2006,-0.00556,P90vsP10
469,Guatemala,2014,0.03592,P90vsP10
470,Bhutan,2003,0.00000,P90vsP10
471,Bhutan,2007,0.00304,P90vsP10
472,Bhutan,2012,-0.00261,P90vsP10
473,Bhutan,2017,0.00761,P90vsP10
474,Pakistan,1987,0.00000,P90vsP10
475,Pakistan,1991,-0.00374,P90vsP10
476,Pakistan,1997,0.06385,P90vsP10
477,Pakistan,1999,-0.05080,P90vsP10
478,Pakistan,2002,0.02840,P90vsP10
479,Pakistan,2005,-0.02107,P90vsP10
480,Pakistan,2006,0.00491,P90vsP10
481,Pakistan,2008,0.00877,P90vsP10
482,Pakistan,2011,0.01691,P90vsP10
483,Pakistan,2012,-0.01029,P90vsP10
484,Pakistan,2014,-0.00106,P90vsP10
485,Pakistan,2016,-0.01943,P90vsP10
486,Papua New Guinea,1996,0.00000,P90vsP10
487,Papua New Guinea,2010,0.09502,P90vsP10
488,Burundi,1992,0.00000,P90vsP10
489,Burundi,1999,-0.11201,P90vsP10
490,Burundi,2006,0.13813,P90vsP10
491,Burundi,2014,-0.07679,P90vsP10
492,Gabon,2005,0.00000,P90vsP10
493,Gabon,2017,0.01050,P90vsP10
494,Luxembourg,2003,0.00000,P90vsP10
495,Luxembourg,2004,0.00223,P90vsP10
496,Luxembourg,2005,-0.00765,P90vsP10
497,Luxembourg,2006,0.00427,P90vsP10
498,Luxembourg,2007,-0.00260,P90vsP10
499,Luxembourg,2008,-0.01478,P90vsP10
500,Luxembourg,2009,0.01700,P90vsP10
501,Luxembourg,2010,0.00419,P90vsP10
502,Luxembourg,2011,-0.01201,P90vsP10
503,Luxembourg,2012,-0.02102,P90vsP10
504,Luxembourg,2013,0.01489,P90vsP10
505,Luxembourg,2014,0.00522,P90vsP10
506,Luxembourg,2015,-0.02952,P90vsP10
507,Morocco,1985,0.00000,P90vsP10
508,Morocco,1991,0.01147,P90vsP10
509,Morocco,1999,-0.00418,P90vsP10
510,Morocco,2001,-0.00957,P90vsP10
511,Morocco,2007,-0.00153,P90vsP10
512,Morocco,2014,0.00582,P90vsP10
513,Cote d'Ivoire,1985,0.00000,P90vsP10
514,Cote d'Ivoire,1986,0.06847,P90vsP10
515,Cote d'Ivoire,1987,-0.02605,P90vsP10
516,Cote d'Ivoire,1988,0.02294,P90vsP10
517,Cote d'Ivoire,1993,-0.02688,P90vsP10
518,Cote d'Ivoire,1995,0.01641,P90vsP10
519,Cote d'Ivoire,1998,-0.00184,P90vsP10
520,Cote d'Ivoire,2002,-0.02026,P90vsP10
521,Cote d'Ivoire,2008,-0.02591,P90vsP10
522,Cote d'Ivoire,2015,0.01670,P90vsP10
523,Albania,1996,0.00000,P90vsP10
524,Albania,2002,-0.04831,P90vsP10
525,Albania,2005,0.00511,P90vsP10
526,Albania,2008,0.01365,P90vsP10
527,Albania,2012,0.00527,P90vsP10
528,Egypt,1991,0.00000,P90vsP10
529,Egypt,1996,0.02114,P90vsP10
530,Egypt,2000,-0.02671,P90vsP10
531,Egypt,2004,0.00337,P90vsP10
532,Egypt,2008,0.00474,P90vsP10
533,Egypt,2010,-0.00183,P90vsP10
534,Egypt,2012,0.01435,P90vsP10
535,Egypt,2015,-0.01620,P90vsP10
536,Israel,1986,0.00000,P90vsP10
537,Israel,1992,0.01392,P90vsP10
538,Israel,1997,-0.02626,P90vsP10
539,Israel,2001,-0.00553,P90vsP10
540,Israel,2005,-0.03669,P90vsP10
541,Israel,2007,0.00400,P90vsP10
542,Israel,2010,-0.00795,P90vsP10
543,Israel,2012,-0.00214,P90vsP10
544,Laos,1992,0.00000,P90vsP10
545,Laos,1997,-0.01029,P90vsP10
546,Laos,2002,0.02427,P90vsP10
547,Laos,2007,-0.02748,P90vsP10
548,Laos,2012,-0.00967,P90vsP10
549,Turkey,1987,0.00000,P90vsP10
550,Turkey,1994,0.00290,P90vsP10
551,Turkey,2002,-0.00201,P90vsP10
552,Turkey,2003,-0.01119,P90vsP10
553,Turkey,2004,-0.00043,P90vsP10
554,Turkey,2005,-0.01155,P90vsP10
555,Turkey,2006,0.01654,P90vsP10
556,Turkey,2007,0.00738,P90vsP10
557,Turkey,2008,-0.00707,P90vsP10
558,Turkey,2009,0.00815,P90vsP10
559,Turkey,2010,-0.00019,P90vsP10
560,Turkey,2011,-0.00567,P90vsP10
561,Turkey,2012,0.00172,P90vsP10
562,Turkey,2013,0.00102,P90vsP10
563,Turkey,2014,-0.00269,P90vsP10
564,Turkey,2015,-0.00676,P90vsP10
565,Turkey,2016,0.00634,P90vsP10
566,Serbia,2002,0.00000,P90vsP10
567,Serbia,2003,-0.01068,P90vsP10
568,Serbia,2004,-0.01925,P90vsP10
569,Serbia,2005,-0.01744,P90vsP10
570,Serbia,2006,0.06460,P90vsP10
571,Serbia,2007,0.01212,P90vsP10
572,Serbia,2008,0.02192,P90vsP10
573,Serbia,2009,-0.01125,P90vsP10
574,Serbia,2010,-0.01222,P90vsP10
575,Serbia,2012,-0.15402,P90vsP10
576,Serbia,2013,0.15376,P90vsP10
577,Serbia,2013,-0.16171,P90vsP10
578,Serbia,2014,0.01174,P90vsP10
579,Serbia,2015,0.15877,P90vsP10
580,Serbia,2015,-0.16275,P90vsP10
581,Azerbaijan,1995,0.00000,P90vsP10
582,Azerbaijan,2001,0.01167,P90vsP10
583,Azerbaijan,2002,0.24635,P90vsP10
584,Azerbaijan,2003,-0.02758,P90vsP10
585,Azerbaijan,2004,0.05333,P90vsP10
586,Azerbaijan,2005,-0.00281,P90vsP10
587,Mexico,1984,0.00000,P90vsP10
588,Mexico,1989,-0.01753,P90vsP10
589,Mexico,1992,0.01748,P90vsP10
590,Mexico,1992,-0.01899,P90vsP10
591,Mexico,1994,0.02251,P90vsP10
592,Mexico,1994,-0.02895,P90vsP10
593,Mexico,1996,0.03162,P90vsP10
594,Mexico,1996,-0.04878,P90vsP10
595,Mexico,1998,0.04037,P90vsP10
596,Mexico,1998,-0.02795,P90vsP10
597,Mexico,2000,0.02177,P90vsP10
598,Mexico,2000,-0.00674,P90vsP10
599,Mexico,2002,0.02265,P90vsP10
600,Mexico,2002,-0.00945,P90vsP10
601,Mexico,2004,-0.00226,P90vsP10
602,Mexico,2004,0.01268,P90vsP10
603,Mexico,2005,-0.00370,P90vsP10
604,Mexico,2005,-0.01350,P90vsP10
605,Mexico,2006,0.02477,P90vsP10
606,Mexico,2006,-0.01018,P90vsP10
607,Mexico,2008,0.02220,P90vsP10
608,Mexico,2008,-0.03421,P90vsP10
609,Mexico,2010,0.03068,P90vsP10
610,Mexico,2010,-0.01711,P90vsP10
611,Mexico,2012,0.02172,P90vsP10
612,Mexico,2012,-0.02270,P90vsP10
613,Mexico,2014,0.02348,P90vsP10
614,Mexico,2014,-0.01848,P90vsP10
615,Mexico,2016,0.03149,P90vsP10
616,Mexico,2016,-0.02639,P90vsP10
617,Lithuania,1993,0.00000,P90vsP10
618,Lithuania,1996,-0.00434,P90vsP10
619,Lithuania,1998,0.00063,P90vsP10
620,Lithuania,1999,-0.00203,P90vsP10
621,Lithuania,2000,0.00498,P90vsP10
622,Lithuania,2001,-0.00441,P90vsP10
623,Lithuania,2002,0.00235,P90vsP10
624,Lithuania,2003,-0.02448,P90vsP10
625,Lithuania,2004,-0.00382,P90vsP10
626,Lithuania,2004,-0.05162,P90vsP10
627,Lithuania,2005,0.01475,P90vsP10
628,Lithuania,2006,0.01083,P90vsP10
629,Lithuania,2007,0.00122,P90vsP10
630,Lithuania,2008,0.01240,P90vsP10
631,Lithuania,2008,-0.02102,P90vsP10
632,Lithuania,2009,-0.02624,P90vsP10
633,Lithuania,2010,0.03489,P90vsP10
634,Lithuania,2011,0.02401,P90vsP10
635,Lithuania,2012,-0.02426,P90vsP10
636,Lithuania,2013,0.00451,P90vsP10
637,Lithuania,2014,-0.02759,P90vsP10
638,Lithuania,2015,0.00430,P90vsP10
639,South Korea,2006,0.00000,P90vsP10
640,South Korea,2008,-0.00446,P90vsP10
641,South Korea,2010,-0.00131,P90vsP10
642,South Korea,2012,0.00371,P90vsP10
643,Denmark,2003,0.00000,P90vsP10
644,Denmark,2004,0.00842,P90vsP10
645,Denmark,2005,-0.00632,P90vsP10
646,Denmark,2006,-0.00336,P90vsP10
647,Denmark,2007,-0.00682,P90vsP10
648,Denmark,2008,0.00964,P90vsP10
649,Denmark,2009,-0.03316,P90vsP10
650,Denmark,2010,0.00744,P90vsP10
651,Denmark,2011,-0.00064,P90vsP10
652,Denmark,2012,-0.00679,P90vsP10
653,Denmark,2013,-0.00881,P90vsP10
654,Denmark,2014,-0.00562,P90vsP10
655,Denmark,2015,0.01410,P90vsP10
656,Iran,1986,0.00000,P90vsP10
657,Iran,1990,0.01824,P90vsP10
658,Iran,1994,0.00991,P90vsP10
659,Iran,1998,-0.00962,P90vsP10
660,Iran,2005,-0.00214,P90vsP10
661,Iran,2006,-0.00497,P90vsP10
662,Iran,2009,0.00506,P90vsP10
663,Iran,2013,0.04837,P90vsP10
664,Iran,2014,-0.01873,P90vsP10
665,Palestine,2004,0.00000,P90vsP10
666,Palestine,2005,-0.00494,P90vsP10
667,Palestine,2006,0.01356,P90vsP10
668,Palestine,2007,-0.02540,P90vsP10
669,Palestine,2009,0.02404,P90vsP10
670,Palestine,2010,-0.00939,P90vsP10
671,Palestine,2011,0.00727,P90vsP10
672,Palestine,2017,-0.00561,P90vsP10
673,DR Congo,2005,0.00000,P90vsP10
674,DR Congo,2012,-0.00547,P90vsP10
675,Belgium,2003,0.00000,P90vsP10
676,Belgium,2004,-0.01006,P90vsP10
677,Belgium,2005,0.00771,P90vsP10
678,Belgium,2006,0.00989,P90vsP10
679,Belgium,2007,-0.00917,P90vsP10
680,Belgium,2008,0.00784,P90vsP10
681,Belgium,2009,-0.01206,P90vsP10
682,Belgium,2010,0.00348,P90vsP10
683,Belgium,2011,0.00370,P90vsP10
684,Belgium,2012,0.00574,P90vsP10
685,Belgium,2013,-0.00176,P90vsP10
686,Belgium,2014,0.00223,P90vsP10
687,Belgium,2015,0.00259,P90vsP10
688,Sudan,2009,0.00000,P90vsP10
689,Dominican Republic,1986,0.00000,P90vsP10
690,Dominican Republic,1989,0.01293,P90vsP10
691,Dominican Republic,1992,-0.00408,P90vsP10
692,Dominican Republic,1996,-0.00395,P90vsP10
693,Dominican Republic,1997,-0.01042,P90vsP10
694,Dominican Republic,2000,-0.00750,P90vsP10
695,Dominican Republic,2001,0.01553,P90vsP10
696,Dominican Republic,2002,-0.01199,P90vsP10
697,Dominican Republic,2003,0.00232,P90vsP10
698,Dominican Republic,2004,0.00507,P90vsP10
699,Dominican Republic,2005,0.00613,P90vsP10
700,Dominican Republic,2006,-0.00356,P90vsP10
701,Dominican Republic,2007,0.01079,P90vsP10
702,Dominican Republic,2008,0.00799,P90vsP10
703,Dominican Republic,2009,-0.00243,P90vsP10
704,Dominican Republic,2010,0.00821,P90vsP10
705,Dominican Republic,2011,-0.00376,P90vsP10
706,Dominican Republic,2012,0.00838,P90vsP10
707,Dominican Republic,2013,-0.00086,P90vsP10
708,Dominican Republic,2014,0.00570,P90vsP10
709,Dominican Republic,2015,-0.00333,P90vsP10
710,Dominican Republic,2016,-0.00236,P90vsP10
711,Argentina,1986,0.00000,P90vsP10
712,Argentina,1987,-0.01552,P90vsP10
713,Argentina,1991,-0.00139,P90vsP10
714,Argentina,1992,-0.00597,P90vsP10
715,Argentina,1993,-0.00576,P90vsP10
716,Argentina,1994,-0.00028,P90vsP10
717,Argentina,1995,-0.02430,P90vsP10
718,Argentina,1996,-0.00602,P90vsP10
719,Argentina,1997,0.00339,P90vsP10
720,Argentina,1998,-0.00169,P90vsP10
721,Argentina,1999,0.00062,P90vsP10
722,Argentina,2000,-0.00775,P90vsP10
723,Argentina,2001,-0.01969,P90vsP10
724,Argentina,2002,0.01347,P90vsP10
725,Argentina,2003,0.01028,P90vsP10
726,Argentina,2004,0.01033,P90vsP10
727,Argentina,2005,0.00138,P90vsP10
728,Argentina,2006,0.00152,P90vsP10
729,Argentina,2007,0.00511,P90vsP10
730,Argentina,2008,0.00457,P90vsP10
731,Argentina,2009,-0.00054,P90vsP10
732,Argentina,2010,0.02113,P90vsP10
733,Argentina,2011,0.00561,P90vsP10
734,Argentina,2012,0.00328,P90vsP10
735,Argentina,2013,0.00390,P90vsP10
736,Argentina,2014,0.00321,P90vsP10
737,Argentina,2016,-0.00382,P90vsP10
738,Cabo Verde,2002,0.00000,P90vsP10
739,Cabo Verde,2007,0.02380,P90vsP10
740,Moldova,1997,0.00000,P90vsP10
741,Moldova,1998,-0.01797,P90vsP10
742,Moldova,1999,-0.00209,P90vsP10
743,Moldova,2000,0.03628,P90vsP10
744,Moldova,2001,-0.00946,P90vsP10
745,Moldova,2002,0.01815,P90vsP10
746,Moldova,2003,0.01632,P90vsP10
747,Moldova,2004,-0.00831,P90vsP10
748,Moldova,2005,-0.00789,P90vsP10
749,Moldova,2006,-0.00129,P90vsP10
750,Moldova,2007,0.01080,P90vsP10
751,Moldova,2008,-0.00357,P90vsP10
752,Moldova,2009,0.01732,P90vsP10
753,Moldova,2010,0.01268,P90vsP10
754,Moldova,2011,0.01497,P90vsP10
755,Moldova,2012,0.02015,P90vsP10
756,Moldova,2013,0.00914,P90vsP10
757,Moldova,2014,0.02707,P90vsP10
758,Moldova,2015,-0.00693,P90vsP10
759,Moldova,2016,0.00861,P90vsP10
760,Tonga,2001,0.00000,P90vsP10
761,Tonga,2009,0.01652,P90vsP10
762,Central African Republic,1992,0.00000,P90vsP10
763,Central African Republic,2003,0.08653,P90vsP10
764,Central African Republic,2008,-0.05563,P90vsP10
765,Ireland,2003,0.00000,P90vsP10
766,Ireland,2004,-0.00642,P90vsP10
767,Ireland,2005,0.00665,P90vsP10
768,Ireland,2006,0.00393,P90vsP10
769,Ireland,2007,0.01150,P90vsP10
770,Ireland,2008,0.00219,P90vsP10
771,Ireland,2009,-0.02275,P90vsP10
772,Ireland,2010,-0.00307,P90vsP10
773,Ireland,2011,-0.00553,P90vsP10
774,Ireland,2012,0.00763,P90vsP10
775,Ireland,2013,-0.00936,P90vsP10
776,Ireland,2014,0.02330,P90vsP10
777,Ireland,2015,-0.00118,P90vsP10
778,Estonia,1993,0.00000,P90vsP10
779,Estonia,1995,0.08360,P90vsP10
780,Estonia,1998,-0.05260,P90vsP10
781,Estonia,2000,-0.01063,P90vsP10
782,Estonia,2001,0.00258,P90vsP10
783,Estonia,2002,0.00021,P90vsP10
784,Estonia,2003,-0.00249,P90vsP10
785,Estonia,2003,-0.03956,P90vsP10
786,Estonia,2004,0.04187,P90vsP10
787,Estonia,2004,-0.00538,P90vsP10
788,Estonia,2005,0.00855,P90vsP10
789,Estonia,2006,0.00276,P90vsP10
790,Estonia,2007,0.02510,P90vsP10
791,Estonia,2008,-0.00970,P90vsP10
792,Estonia,2009,-0.00307,P90vsP10
793,Estonia,2010,-0.01597,P90vsP10
794,Estonia,2011,0.00166,P90vsP10
795,Estonia,2012,-0.00114,P90vsP10
796,Estonia,2013,-0.02090,P90vsP10
797,Estonia,2014,0.00419,P90vsP10
798,Estonia,2015,0.02550,P90vsP10
799,Mongolia,1995,0.00000,P90vsP10
800,Mongolia,1998,0.00913,P90vsP10
801,Mongolia,2002,-0.01170,P90vsP10
802,Mongolia,2008,-0.01108,P90vsP10
803,Mongolia,2010,0.01949,P90vsP10
804,Mongolia,2011,-0.00271,P90vsP10
805,Mongolia,2012,-0.00329,P90vsP10
806,Mongolia,2014,0.01175,P90vsP10
807,Mongolia,2016,0.00049,P90vsP10
808,France,2003,0.00000,P90vsP10
809,France,2004,0.01213,P90vsP10
810,France,2005,0.00421,P90vsP10
811,France,2006,0.00076,P90vsP10
812,France,2007,-0.02263,P90vsP10
813,France,2008,-0.00636,P90vsP10
814,France,2009,-0.00676,P90vsP10
815,France,2010,-0.00346,P90vsP10
816,France,2011,0.00293,P90vsP10
817,France,2012,0.00197,P90vsP10
818,France,2013,0.00651,P90vsP10
819,France,2014,0.00252,P90vsP10
820,France,2015,-0.00865,P90vsP10
821,Cameroon,1996,0.00000,P90vsP10
822,Cameroon,2001,0.00467,P90vsP10
823,Cameroon,2007,-0.00047,P90vsP10
824,Cameroon,2014,-0.04420,P90vsP10
825,Djibouti,2002,0.00000,P90vsP10
826,Djibouti,2012,-0.06697,P90vsP10
827,Djibouti,2013,0.02699,P90vsP10
828,United Kingdom,2004,0.00000,P90vsP10
829,United Kingdom,2005,0.00965,P90vsP10
830,United Kingdom,2006,0.00426,P90vsP10
831,United Kingdom,2007,-0.00524,P90vsP10
832,United Kingdom,2008,0.01070,P90vsP10
833,United Kingdom,2009,0.00464,P90vsP10
834,United Kingdom,2010,0.00084,P90vsP10
835,United Kingdom,2011,0.00870,P90vsP10
836,United Kingdom,2012,0.01228,P90vsP10
837,United Kingdom,2013,-0.01083,P90vsP10
838,United Kingdom,2014,-0.00596,P90vsP10
839,United Kingdom,2015,0.00187,P90vsP10
840,Czech Republic,1993,0.00000,P90vsP10
841,Czech Republic,1996,-0.01090,P90vsP10
842,Czech Republic,2004,-0.04497,P90vsP10
843,Czech Republic,2005,0.01228,P90vsP10
844,Czech Republic,2006,-0.00088,P90vsP10
845,Czech Republic,2007,0.01386,P90vsP10
846,Czech Republic,2008,-0.00393,P90vsP10
847,Czech Republic,2009,-0.00168,P90vsP10
848,Czech Republic,2010,-0.00761,P90vsP10
849,Czech Republic,2011,0.00081,P90vsP10
850,Czech Republic,2012,0.01134,P90vsP10
851,Czech Republic,2013,-0.00903,P90vsP10
852,Czech Republic,2014,0.00725,P90vsP10
853,Czech Republic,2015,0.00020,P90vsP10
854,Thailand,1981,0.00000,P90vsP10
855,Thailand,1988,0.02088,P90vsP10
856,Thailand,1990,-0.01361,P90vsP10
857,Thailand,1992,-0.01327,P90vsP10
858,Thailand,1994,0.01981,P90vsP10
859,Thailand,1996,0.00312,P90vsP10
860,Thailand,1998,0.00983,P90vsP10
861,Thailand,1999,-0.01105,P90vsP10
862,Thailand,2000,0.00176,P90vsP10
863,Thailand,2002,0.00420,P90vsP10
864,Thailand,2004,-0.00599,P90vsP10
865,Thailand,2006,-0.00069,P90vsP10
866,Thailand,2007,0.01575,P90vsP10
867,Thailand,2008,-0.00068,P90vsP10
868,Thailand,2009,0.00236,P90vsP10
869,Thailand,2010,0.00078,P90vsP10
870,Thailand,2011,0.01808,P90vsP10
871,Thailand,2012,-0.01569,P90vsP10
872,Thailand,2013,0.01009,P90vsP10
873,Thailand,2014,0.00671,P90vsP10
874,Thailand,2015,0.01197,P90vsP10
875,Trinidad and Tobago,1988,0.00000,P90vsP10
876,Trinidad and Tobago,1992,0.01484,P90vsP10
877,Iraq,2007,0.00000,P90vsP10
878,Iraq,2012,-0.01608,P90vsP10
879,Malta,2006,0.00000,P90vsP10
880,Malta,2007,-0.01593,P90vsP10
881,Malta,2008,0.01803,P90vsP10
882,Malta,2009,-0.02265,P90vsP10
883,Malta,2010,0.01501,P90vsP10
884,Malta,2011,0.00023,P90vsP10
885,Malta,2012,-0.00629,P90vsP10
886,Malta,2013,0.00887,P90vsP10
887,Malta,2014,-0.00206,P90vsP10
888,Malta,2015,-0.00247,P90vsP10
889,Venezuela,1981,0.00000,P90vsP10
890,Venezuela,1987,0.00914,P90vsP10
891,Venezuela,1989,-0.02619,P90vsP10
892,Venezuela,1992,0.04326,P90vsP10
893,Venezuela,1995,-0.02752,P90vsP10
894,Venezuela,1998,-0.03709,P90vsP10
895,Venezuela,1999,0.02690,P90vsP10
896,Venezuela,2001,-0.00347,P90vsP10
897,Venezuela,2002,-0.03184,P90vsP10
898,Venezuela,2003,-0.01525,P90vsP10
899,Venezuela,2004,-0.00071,P90vsP10
900,Venezuela,2005,-0.01077,P90vsP10
901,Venezuela,2006,0.03685,P90vsP10
902,Uruguay,1981,0.00000,P90vsP10
903,Uruguay,1989,0.00405,P90vsP10
904,Uruguay,1992,0.01113,P90vsP10
905,Uruguay,1995,-0.01582,P90vsP10
906,Uruguay,1996,-0.00379,P90vsP10
907,Uruguay,1997,0.00261,P90vsP10
908,Uruguay,1998,-0.00918,P90vsP10
909,Uruguay,2000,0.01267,P90vsP10
910,Uruguay,2001,-0.00621,P90vsP10
911,Uruguay,2002,-0.00005,P90vsP10
912,Uruguay,2003,0.00943,P90vsP10
913,Uruguay,2004,-0.01012,P90vsP10
914,Uruguay,2005,0.00375,P90vsP10
915,Uruguay,2006,0.00140,P90vsP10
916,Uruguay,2007,-0.00286,P90vsP10
917,Uruguay,2008,0.00594,P90vsP10
918,Uruguay,2009,-0.00654,P90vsP10
919,Uruguay,2010,0.00814,P90vsP10
920,Uruguay,2011,0.00850,P90vsP10
921,Uruguay,2012,0.00843,P90vsP10
922,Uruguay,2013,-0.00307,P90vsP10
923,Uruguay,2014,0.00116,P90vsP10
924,Uruguay,2015,0.00057,P90vsP10
925,Uruguay,2016,0.00570,P90vsP10
926,Japan,2008,0.00000,P90vsP10
927,South Sudan,2009,0.00000,P90vsP10
928,Tajikistan,1999,0.00000,P90vsP10
929,Tajikistan,2003,-0.01222,P90vsP10
930,Tajikistan,2004,-0.00819,P90vsP10
931,Tajikistan,2007,-0.03051,P90vsP10
932,Tajikistan,2009,0.05540,P90vsP10
933,Tajikistan,2015,-0.03779,P90vsP10
934,Netherlands,2004,0.00000,P90vsP10
935,Netherlands,2005,0.01501,P90vsP10
936,Netherlands,2006,-0.00576,P90vsP10
937,Netherlands,2007,0.00396,P90vsP10
938,Netherlands,2008,-0.00420,P90vsP10
939,Netherlands,2009,0.02110,P90vsP10
940,Netherlands,2010,-0.00087,P90vsP10
941,Netherlands,2011,0.00136,P90vsP10
942,Netherlands,2012,0.00178,P90vsP10
943,Netherlands,2013,-0.00882,P90vsP10
944,Netherlands,2014,-0.00515,P90vsP10
945,Netherlands,2015,0.00166,P90vsP10
946,Italy,2003,0.00000,P90vsP10
947,Italy,2004,0.00786,P90vsP10
948,Italy,2005,-0.00017,P90vsP10
949,Italy,2006,0.00623,P90vsP10
950,Italy,2007,0.00510,P90vsP10
951,Italy,2008,-0.00961,P90vsP10
952,Italy,2009,-0.00527,P90vsP10
953,Italy,2010,-0.01797,P90vsP10
954,Italy,2011,0.00244,P90vsP10
955,Italy,2012,-0.00567,P90vsP10
956,Italy,2013,-0.00177,P90vsP10
957,Italy,2014,0.00184,P90vsP10
958,Italy,2015,-0.01550,P90vsP10
959,Senegal,1991,0.00000,P90vsP10
960,Senegal,1994,0.07742,P90vsP10
961,Senegal,2001,0.00616,P90vsP10
962,Senegal,2006,-0.00995,P90vsP10
963,Senegal,2011,-0.00798,P90vsP10
964,Sweden,2003,0.00000,P90vsP10
965,Sweden,2004,-0.00580,P90vsP10
966,Sweden,2005,-0.03134,P90vsP10
967,Sweden,2006,0.02287,P90vsP10
968,Sweden,2007,-0.01367,P90vsP10
969,Sweden,2008,-0.01771,P90vsP10
970,Sweden,2009,0.00902,P90vsP10
971,Sweden,2010,-0.00742,P90vsP10
972,Sweden,2011,-0.00483,P90vsP10
973,Sweden,2012,-0.00025,P90vsP10
974,Sweden,2013,-0.01458,P90vsP10
975,Sweden,2014,0.01282,P90vsP10
976,Sweden,2015,-0.01204,P90vsP10
977,Canada,1981,0.00000,P90vsP10
978,Canada,1987,0.01495,P90vsP10
979,Canada,1991,0.00552,P90vsP10
980,Canada,1994,-0.00138,P90vsP10
981,Canada,1997,-0.00964,P90vsP10
982,Canada,1998,-0.01076,P90vsP10
983,Canada,2000,-0.00142,P90vsP10
984,Canada,2004,-0.00320,P90vsP10
985,Canada,2007,0.00544,P90vsP10
986,Canada,2010,0.00054,P90vsP10
987,Canada,2013,-0.02008,P90vsP10
988,Colombia,1988,0.00000,P90vsP10
989,Colombia,1989,0.00637,P90vsP10
990,Colombia,1991,0.00148,P90vsP10
991,Colombia,1992,-0.01688,P90vsP10
992,Colombia,1996,-0.03852,P90vsP10
993,Colombia,1999,-0.00743,P90vsP10
994,Colombia,2000,-0.01566,P90vsP10
995,Colombia,2001,0.02698,P90vsP10
996,Colombia,2002,0.03080,P90vsP10
997,Colombia,2003,0.00832,P90vsP10
998,Colombia,2004,0.00454,P90vsP10
999,Colombia,2005,-0.00065,P90vsP10
1000,Colombia,2008,-0.01666,P90vsP10
1001,Colombia,2009,0.00669,P90vsP10
1002,Colombia,2010,0.00161,P90vsP10
1003,Colombia,2011,0.00501,P90vsP10
1004,Colombia,2012,-0.00017,P90vsP10
1005,Colombia,2013,0.00054,P90vsP10
1006,Colombia,2014,0.00114,P90vsP10
1007,Colombia,2015,0.00657,P90vsP10
1008,Colombia,2016,0.00058,P90vsP10
1009,Vanuatu,2010,0.00000,P90vsP10
1010,Jamaica,1988,0.00000,P90vsP10
1011,Jamaica,1990,0.02119,P90vsP10
1012,Jamaica,1993,0.02661,P90vsP10
1013,Jamaica,1996,-0.02570,P90vsP10
1014,Jamaica,1999,-0.02915,P90vsP10
1015,Jamaica,2002,-0.01608,P90vsP10
1016,Jamaica,2004,0.01565,P90vsP10
1017,Liberia,2007,0.00000,P90vsP10
1018,Liberia,2014,0.05371,P90vsP10
1019,China,1981,0.00000,P90vsP10
1020,China,1981,0.10844,P90vsP10
1021,China,1984,-0.12765,P90vsP10
1022,China,1984,0.14734,P90vsP10
1023,China,1987,-0.18793,P90vsP10
1024,China,1987,0.12854,P90vsP10
1025,China,1990,-0.12143,P90vsP10
1026,China,1990,0.04676,P90vsP10
1027,China,1993,-0.03358,P90vsP10
1028,China,1993,-0.02799,P90vsP10
1029,China,1996,-0.00848,P90vsP10
1030,China,1996,0.03338,P90vsP10
1031,China,1999,-0.04813,P90vsP10
1032,China,1999,0.01658,P90vsP10
1033,China,2002,-0.03728,P90vsP10
1034,China,2002,0.01661,P90vsP10
1035,China,2005,-0.01344,P90vsP10
1036,China,2005,0.00570,P90vsP10
1037,China,2008,-0.02542,P90vsP10
1038,China,2008,0.02043,P90vsP10
1039,China,2008,-0.06550,P90vsP10
1040,China,2010,0.04089,P90vsP10
1041,China,2010,0.02292,P90vsP10
1042,China,2011,-0.01527,P90vsP10
1043,China,2011,0.01834,P90vsP10
1044,China,2012,-0.02552,P90vsP10
1045,China,2012,0.02605,P90vsP10
1046,China,2012,-0.06607,P90vsP10
1047,China,2013,0.08060,P90vsP10
1048,China,2013,-0.03262,P90vsP10
1049,China,2014,0.03140,P90vsP10
1050,China,2014,-0.03493,P90vsP10
1051,China,2015,0.04289,P90vsP10
1052,China,2015,-0.03761,P90vsP10
1053,India,1983,0.00000,P90vsP10
1054,India,1983,-0.02418,P90vsP10
1055,India,1988,0.02762,P90vsP10
1056,India,1988,-0.04372,P90vsP10
1057,India,1994,0.05983,P90vsP10
1058,India,1994,-0.05811,P90vsP10
1059,India,2005,0.04409,P90vsP10
1060,India,2005,-0.06893,P90vsP10
1061,India,2010,0.07107,P90vsP10
1062,India,2010,-0.08330,P90vsP10
1063,India,2012,0.07306,P90vsP10
1064,India,2012,-0.07164,P90vsP10
1065,India,2012,0.03812,P90vsP10
1066,Lesotho,1987,0.00000,P90vsP10
1067,Lesotho,1994,-0.03638,P90vsP10
1068,Lesotho,2003,0.03311,P90vsP10
1069,Lesotho,2010,-0.00422,P90vsP10
1070,Fiji,2003,0.00000,P90vsP10
1071,Fiji,2009,-0.00962,P90vsP10
1072,Fiji,2013,0.03236,P90vsP10
1073,Yemen,1998,0.00000,P90vsP10
1074,Yemen,2005,0.01852,P90vsP10
1075,Yemen,2014,-0.01893,P90vsP10
1076,Syria,2004,0.00000,P90vsP10
1077,Croatia,1988,0.00000,P90vsP10
1078,Croatia,1998,-0.07259,P90vsP10
1079,Croatia,1999,0.01308,P90vsP10
1080,Croatia,2000,-0.02754,P90vsP10
1081,Croatia,2001,0.00140,P90vsP10
1082,Croatia,2004,0.00561,P90vsP10
1083,Croatia,2008,-0.03348,P90vsP10
1084,Croatia,2009,0.00174,P90vsP10
1085,Croatia,2009,-0.03262,P90vsP10
1086,Croatia,2010,0.09619,P90vsP10
1087,Croatia,2010,-0.10113,P90vsP10
1088,Croatia,2011,0.00456,P90vsP10
1089,Croatia,2012,0.00140,P90vsP10
1090,Croatia,2013,0.00381,P90vsP10
1091,Croatia,2014,0.00071,P90vsP10
1092,Croatia,2015,0.01029,P90vsP10
1093,Kiribati,2006,0.00000,P90vsP10
1094,Cyprus,2004,0.00000,P90vsP10
1095,Cyprus,2005,0.00467,P90vsP10
1096,Cyprus,2006,-0.00899,P90vsP10
1097,Cyprus,2007,0.00074,P90vsP10
1098,Cyprus,2008,-0.00530,P90vsP10
1099,Cyprus,2009,-0.00931,P90vsP10
1100,Cyprus,2010,0.00569,P90vsP10
1101,Cyprus,2011,-0.01303,P90vsP10
1102,Cyprus,2012,-0.01266,P90vsP10
1103,Cyprus,2013,-0.01682,P90vsP10
1104,Cyprus,2014,-0.00075,P90vsP10
1105,Cyprus,2015,0.01485,P90vsP10
1106,Solomon Islands,2005,0.00000,P90vsP10
1107,Solomon Islands,2013,0.06329,P90vsP10
1108,Armenia,1996,0.00000,P90vsP10
1109,Armenia,1999,0.05220,P90vsP10
1110,Armenia,2001,0.00980,P90vsP10
1111,Armenia,2002,0.00846,P90vsP10
1112,Armenia,2003,0.02103,P90vsP10
1113,Armenia,2004,-0.04302,P90vsP10
1114,Armenia,2005,0.01566,P90vsP10
1115,Armenia,2006,0.04831,P90vsP10
1116,Armenia,2007,-0.01614,P90vsP10
1117,Armenia,2008,0.02762,P90vsP10
1118,Armenia,2009,0.01299,P90vsP10
1119,Armenia,2010,-0.01878,P90vsP10
1120,Armenia,2011,0.00283,P90vsP10
1121,Armenia,2012,-0.00563,P90vsP10
1122,Armenia,2013,-0.01391,P90vsP10
1123,Armenia,2014,-0.00754,P90vsP10
1124,Armenia,2015,-0.01242,P90vsP10
1125,Armenia,2016,0.00033,P90vsP10
1126,Tunisia,1985,0.00000,P90vsP10
1127,Tunisia,1990,0.00759,P90vsP10
1128,Tunisia,1995,-0.00113,P90vsP10
1129,Tunisia,2000,0.00820,P90vsP10
1130,Tunisia,2005,0.01063,P90vsP10
1131,Tunisia,2010,0.01091,P90vsP10
1132,Rwanda,1985,0.00000,P90vsP10
1133,Rwanda,2000,-0.17145,P90vsP10
1134,Rwanda,2006,-0.01618,P90vsP10
1135,Rwanda,2011,0.03268,P90vsP10
1136,Rwanda,2014,0.00824,P90vsP10
1137,Peru,1986,0.00000,P90vsP10
1138,Peru,1994,0.00492,P90vsP10
1139,Peru,1997,-0.05877,P90vsP10
1140,Peru,1998,-0.00517,P90vsP10
1141,Peru,1999,-0.00068,P90vsP10
1142,Peru,2000,0.02183,P90vsP10
1143,Peru,2001,-0.00320,P90vsP10
1144,Peru,2002,-0.00603,P90vsP10
1145,Peru,2003,0.01261,P90vsP10
1146,Peru,2004,0.00224,P90vsP10
1147,Peru,2005,-0.00324,P90vsP10
1148,Peru,2006,-0.00261,P90vsP10
1149,Peru,2007,-0.00050,P90vsP10
1150,Peru,2008,0.00895,P90vsP10
1151,Peru,2009,0.00617,P90vsP10
1152,Peru,2010,0.00821,P90vsP10
1153,Peru,2011,0.00142,P90vsP10
1154,Peru,2012,-0.00208,P90vsP10
1155,Peru,2013,0.00547,P90vsP10
1156,Peru,2014,0.00441,P90vsP10
1157,Peru,2015,-0.00003,P90vsP10
1158,Peru,2016,-0.00112,P90vsP10
1159,Lebanon,2012,0.00000,P90vsP10
1160,Belize,1993,0.00000,P90vsP10
1161,Belize,1994,0.00838,P90vsP10
1162,Belize,1995,-0.01386,P90vsP10
1163,Belize,1996,0.01516,P90vsP10
1164,Belize,1997,-0.02252,P90vsP10
1165,Belize,1998,0.02429,P90vsP10
1166,Belize,1999,-0.00555,P90vsP10
1167,Bolivia,1991,0.00000,P90vsP10
1168,Bolivia,1992,-0.04813,P90vsP10
1169,Bolivia,1997,-0.07069,P90vsP10
1170,Bolivia,1999,-0.01468,P90vsP10
1171,Bolivia,2000,-0.00173,P90vsP10
1172,Bolivia,2001,0.01589,P90vsP10
1173,Bolivia,2002,-0.00620,P90vsP10
1174,Bolivia,2004,0.03437,P90vsP10
1175,Bolivia,2005,-0.02634,P90vsP10
1176,Bolivia,2006,0.00541,P90vsP10
1177,Bolivia,2007,0.01297,P90vsP10
1178,Bolivia,2008,0.00745,P90vsP10
1179,Bolivia,2009,-0.00233,P90vsP10
1180,Bolivia,2011,0.02056,P90vsP10
1181,Bolivia,2012,-0.01266,P90vsP10
1182,Bolivia,2013,0.00452,P90vsP10
1183,Bolivia,2014,0.00618,P90vsP10
1184,Bolivia,2015,0.00098,P90vsP10
1185,Bolivia,2016,0.00066,P90vsP10
1186,Malaysia,1984,0.00000,P90vsP10
1187,Malaysia,1987,0.01027,P90vsP10
1188,Malaysia,1989,0.00714,P90vsP10
1189,Malaysia,1992,-0.01271,P90vsP10
1190,Malaysia,1995,-0.00581,P90vsP10
1191,Malaysia,1997,-0.00381,P90vsP10
1192,Malaysia,2004,0.00677,P90vsP10
1193,Malaysia,2007,0.00000,P90vsP10
1194,Malaysia,2008,0.00353,P90vsP10
1195,Malaysia,2011,0.01164,P90vsP10
1196,Malaysia,2013,0.01768,P90vsP10
1197,Malaysia,2015,0.00056,P90vsP10
1198,Georgia,1996,0.00000,P90vsP10
1199,Georgia,1997,-0.03820,P90vsP10
1200,Georgia,1998,-0.00521,P90vsP10
1201,Georgia,1999,0.01124,P90vsP10
1202,Georgia,2000,-0.00498,P90vsP10
1203,Georgia,2001,0.01246,P90vsP10
1204,Georgia,2002,0.02339,P90vsP10
1205,Georgia,2003,0.00128,P90vsP10
1206,Georgia,2004,-0.00312,P90vsP10
1207,Georgia,2005,-0.00126,P90vsP10
1208,Georgia,2006,0.00416,P90vsP10
1209,Georgia,2007,-0.00763,P90vsP10
1210,Georgia,2008,0.00018,P90vsP10
1211,Georgia,2009,0.00143,P90vsP10
1212,Georgia,2010,-0.01540,P90vsP10
1213,Georgia,2011,-0.00223,P90vsP10
1214,Georgia,2012,0.01512,P90vsP10
1215,Georgia,2013,0.00655,P90vsP10
1216,Georgia,2014,0.00860,P90vsP10
1217,Georgia,2015,0.01171,P90vsP10
1218,Georgia,2016,-0.00211,P90vsP10
1219,Montenegro,2005,0.00000,P90vsP10
1220,Montenegro,2006,0.00222,P90vsP10
1221,Montenegro,2007,-0.02058,P90vsP10
1222,Montenegro,2008,0.01366,P90vsP10
1223,Montenegro,2009,-0.01448,P90vsP10
1224,Montenegro,2010,0.03399,P90vsP10
1225,Montenegro,2011,-0.02718,P90vsP10
1226,Montenegro,2012,-0.02145,P90vsP10
1227,Montenegro,2013,0.00040,P90vsP10
1228,Montenegro,2014,0.02721,P90vsP10
1229,Guyana,1998,0.00000,P90vsP10
1230,Uzbekistan,1998,0.00000,P90vsP10
1231,Uzbekistan,2000,0.10678,P90vsP10
1232,Uzbekistan,2002,0.03656,P90vsP10
1233,Uzbekistan,2003,-0.02741,P90vsP10
1234,Nigeria,1985,0.00000,P90vsP10
1235,Nigeria,1992,-0.07559,P90vsP10
1236,Nigeria,1996,-0.00997,P90vsP10
1237,Nigeria,2004,0.06038,P90vsP10
1238,Nigeria,2010,-0.00962,P90vsP10
1239,Togo,2006,0.00000,P90vsP10
1240,Togo,2011,-0.03357,P90vsP10
1241,Togo,2015,0.00286,P90vsP10
1242,Indonesia,1984,0.00000,P90vsP10
1243,Indonesia,1984,-0.04303,P90vsP10
1244,Indonesia,1987,0.06849,P90vsP10
1245,Indonesia,1987,-0.05754,P90vsP10
1246,Indonesia,1990,0.07458,P90vsP10
1247,Indonesia,1990,-0.08485,P90vsP10
1248,Indonesia,1993,0.08636,P90vsP10
1249,Indonesia,1993,-0.09618,P90vsP10
1250,Indonesia,1996,0.07675,P90vsP10
1251,Indonesia,1996,-0.09515,P90vsP10
1252,Indonesia,1998,0.02739,P90vsP10
1253,Indonesia,1998,0.08188,P90vsP10
1254,Indonesia,1999,0.01575,P90vsP10
1255,Indonesia,1999,-0.10178,P90vsP10
1256,Indonesia,2000,0.11294,P90vsP10
1257,Indonesia,2000,-0.08461,P90vsP10
1258,Indonesia,2001,0.09001,P90vsP10
1259,Indonesia,2001,-0.08917,P90vsP10
1260,Indonesia,2002,0.07407,P90vsP10
1261,Indonesia,2002,-0.08882,P90vsP10
1262,Indonesia,2003,0.08932,P90vsP10
1263,Indonesia,2003,-0.09661,P90vsP10
1264,Indonesia,2004,0.07775,P90vsP10
1265,Indonesia,2004,-0.08213,P90vsP10
1266,Indonesia,2005,0.00039,P90vsP10
1267,Indonesia,2005,0.06309,P90vsP10
1268,Indonesia,2006,-0.01892,P90vsP10
1269,Indonesia,2006,-0.05829,P90vsP10
1270,Indonesia,2007,0.05823,P90vsP10
1271,Indonesia,2007,-0.06893,P90vsP10
1272,Indonesia,2008,0.06928,P90vsP10
1273,Indonesia,2008,-0.06588,P90vsP10
1274,Indonesia,2009,0.07076,P90vsP10
1275,Indonesia,2009,-0.07399,P90vsP10
1276,Indonesia,2010,0.05720,P90vsP10
1277,Indonesia,2010,-0.06414,P90vsP10
1278,Indonesia,2011,-0.02298,P90vsP10
1279,Indonesia,2011,0.06561,P90vsP10
1280,Indonesia,2012,0.01230,P90vsP10
1281,Indonesia,2012,-0.07878,P90vsP10
1282,Indonesia,2013,0.08612,P90vsP10
1283,Indonesia,2013,-0.08800,P90vsP10
1284,Indonesia,2013,0.02963,P90vsP10
1285,Indonesia,2014,0.05689,P90vsP10
1286,Indonesia,2014,-0.08521,P90vsP10
1287,Indonesia,2015,0.06519,P90vsP10
1288,Indonesia,2015,-0.07076,P90vsP10
1289,Indonesia,2016,0.07285,P90vsP10
1290,Indonesia,2016,-0.06774,P90vsP10
1291,Indonesia,2017,0.07074,P90vsP10
1292,Indonesia,2017,-0.07130,P90vsP10
1293,Macedonia,1998,0.00000,P90vsP10
1294,Macedonia,2000,-0.06373,P90vsP10
1295,Macedonia,2002,-0.02412,P90vsP10
1296,Macedonia,2003,0.00026,P90vsP10
1297,Macedonia,2004,-0.00016,P90vsP10
1298,Macedonia,2005,-0.00909,P90vsP10
1299,Macedonia,2006,-0.02488,P90vsP10
1300,Macedonia,2008,-0.00377,P90vsP10
1301,Macedonia,2009,-0.03982,P90vsP10
1302,Macedonia,2010,-0.01938,P90vsP10
1303,Macedonia,2011,0.00999,P90vsP10
1304,Macedonia,2012,0.02839,P90vsP10
1305,Macedonia,2013,0.01782,P90vsP10
1306,Macedonia,2014,0.00906,P90vsP10
1307,St. Lucia,1995,0.00000,P90vsP10
1308,Benin,2003,0.00000,P90vsP10
1309,Benin,2011,-0.02852,P90vsP10
1310,Benin,2015,-0.08634,P90vsP10
1311,Tanzania,1992,0.00000,P90vsP10
1312,Tanzania,2000,-0.00699,P90vsP10
1313,Tanzania,2007,-0.01859,P90vsP10
1314,Tanzania,2012,0.03529,P90vsP10
1315,Madagascar,1993,0.00000,P90vsP10
1316,Madagascar,1997,0.02932,P90vsP10
1317,Madagascar,1999,0.01177,P90vsP10
1318,Madagascar,2001,-0.04665,P90vsP10
1319,Madagascar,2005,0.04961,P90vsP10
1320,Madagascar,2010,-0.01864,P90vsP10
1321,Madagascar,2012,-0.01226,P90vsP10
1322,Zimbabwe,2011,0.00000,P90vsP10
1323,Ethiopia,1981,0.00000,P90vsP10
1324,Ethiopia,1995,-0.08312,P90vsP10
1325,Ethiopia,2000,0.10222,P90vsP10
1326,Ethiopia,2005,0.01115,P90vsP10
1327,Ethiopia,2011,-0.05705,P90vsP10
1328,Ethiopia,2016,-0.04358,P90vsP10
1329,Germany,1991,0.00000,P90vsP10
1330,Germany,1994,-0.01886,P90vsP10
1331,Germany,2000,0.01157,P90vsP10
1332,Germany,2001,-0.01199,P90vsP10
1333,Germany,2004,-0.00550,P90vsP10
1334,Germany,2006,-0.00448,P90vsP10
1335,Germany,2007,-0.00006,P90vsP10
1336,Germany,2010,0.00709,P90vsP10
1337,Germany,2011,0.00104,P90vsP10
1338,Germany,2013,-0.01149,P90vsP10
1339,Germany,2015,-0.01396,P90vsP10
1340,Panama,1989,0.00000,P90vsP10
1341,Panama,1991,0.00822,P90vsP10
1342,Panama,1995,0.00074,P90vsP10
1343,Panama,1997,0.01020,P90vsP10
1344,Panama,1998,-0.00352,P90vsP10
1345,Panama,1999,0.00508,P90vsP10
1346,Panama,2000,0.01279,P90vsP10
1347,Panama,2001,-0.00124,P90vsP10
1348,Panama,2002,0.01911,P90vsP10
1349,Panama,2003,-0.00166,P90vsP10
1350,Panama,2004,0.00462,P90vsP10
1351,Panama,2005,0.00284,P90vsP10
1352,Panama,2006,-0.00716,P90vsP10
1353,Panama,2007,0.01466,P90vsP10
1354,Panama,2008,-0.00231,P90vsP10
1355,Panama,2009,0.01875,P90vsP10
1356,Panama,2010,-0.00917,P90vsP10
1357,Panama,2011,0.00301,P90vsP10
1358,Panama,2012,-0.00901,P90vsP10
1359,Panama,2013,0.00846,P90vsP10
1360,Panama,2014,-0.00424,P90vsP10
1361,Panama,2015,0.00516,P90vsP10
1362,Panama,2016,-0.00230,P90vsP10
1363,Russia,1993,0.00000,P90vsP10
1364,Russia,1996,0.00033,P90vsP10
1365,Russia,1997,0.05650,P90vsP10
1366,Russia,1998,-0.00025,P90vsP10
1367,Russia,1999,0.00428,P90vsP10
1368,Russia,2000,0.00567,P90vsP10
1369,Russia,2001,0.00448,P90vsP10
1370,Russia,2002,0.00142,P90vsP10
1371,Russia,2003,-0.02017,P90vsP10
1372,Russia,2004,-0.00323,P90vsP10
1373,Russia,2005,-0.00532,P90vsP10
1374,Russia,2006,0.00299,P90vsP10
1375,Russia,2007,-0.00465,P90vsP10
1376,Russia,2008,0.00775,P90vsP10
1377,Russia,2009,0.01187,P90vsP10
1378,Russia,2010,0.00001,P90vsP10
1379,Russia,2011,0.00044,P90vsP10
1380,Russia,2012,-0.00510,P90vsP10
1381,Russia,2013,0.00106,P90vsP10
1382,Russia,2014,0.00611,P90vsP10
1383,Russia,2015,0.01268,P90vsP10
1384,Comoros,2004,0.00000,P90vsP10
1385,Comoros,2014,0.01304,P90vsP10
1386,Eswatini,1995,0.00000,P90vsP10
1387,Eswatini,2001,0.05462,P90vsP10
1388,Eswatini,2009,-0.01685,P90vsP10
1389,Kenya,1992,0.00000,P90vsP10
1390,Kenya,1994,0.04503,P90vsP10
1391,Kenya,1997,0.01801,P90vsP10
1392,Kenya,2005,-0.02573,P90vsP10
1393,Kenya,2016,0.04142,P90vsP10
1394,Finland,2003,0.00000,P90vsP10
1395,Finland,2004,0.00090,P90vsP10
1396,Finland,2005,0.00528,P90vsP10
1397,Finland,2006,-0.00880,P90vsP10
1398,Finland,2007,-0.00439,P90vsP10
1399,Finland,2008,0.00164,P90vsP10
1400,Finland,2009,0.00598,P90vsP10
1401,Finland,2010,-0.00385,P90vsP10
1402,Finland,2011,0.00096,P90vsP10
1403,Finland,2012,0.00800,P90vsP10
1404,Finland,2013,-0.00336,P90vsP10
1405,Finland,2014,0.00595,P90vsP10
1406,Finland,2015,-0.00397,P90vsP10
1407,Hungary,1987,0.00000,P90vsP10
1408,Hungary,1989,-0.04691,P90vsP10
1409,Hungary,1993,-0.04864,P90vsP10
1410,Hungary,1998,0.01079,P90vsP10
1411,Hungary,1999,-0.01136,P90vsP10
1412,Hungary,2000,0.00351,P90vsP10
1413,Hungary,2001,-0.00150,P90vsP10
1414,Hungary,2002,0.00823,P90vsP10
1415,Hungary,2003,-0.05611,P90vsP10
1416,Hungary,2004,0.01179,P90vsP10
1417,Hungary,2004,-0.00868,P90vsP10
1418,Hungary,2005,-0.05781,P90vsP10
1419,Hungary,2005,0.06441,P90vsP10
1420,Hungary,2006,0.01174,P90vsP10
1421,Hungary,2006,-0.00436,P90vsP10
1422,Hungary,2007,-0.01762,P90vsP10
1423,Hungary,2007,0.02558,P90vsP10
1424,Hungary,2008,0.00420,P90vsP10
1425,Hungary,2009,0.00602,P90vsP10
1426,Hungary,2010,-0.03316,P90vsP10
1427,Hungary,2011,-0.00522,P90vsP10
1428,Hungary,2012,-0.01791,P90vsP10
1429,Hungary,2013,-0.00372,P90vsP10
1430,Hungary,2014,0.00239,P90vsP10
1431,Hungary,2015,0.00861,P90vsP10
1432,Mauritius,2007,0.00000,P90vsP10
1433,Mauritius,2012,-0.00696,P90vsP10
1434,Iceland,2003,0.00000,P90vsP10
1435,Iceland,2004,-0.00595,P90vsP10
1436,Iceland,2005,-0.00895,P90vsP10
1437,Iceland,2006,-0.01455,P90vsP10
1438,Iceland,2007,0.01223,P90vsP10
1439,Iceland,2008,-0.01968,P90vsP10
1440,Iceland,2009,0.02122,P90vsP10
1441,Iceland,2010,0.02432,P90vsP10
1442,Iceland,2011,-0.00995,P90vsP10
1443,Iceland,2012,0.00479,P90vsP10
1444,Iceland,2013,0.02601,P90vsP10
1445,Iceland,2014,-0.03223,P90vsP10
1446,Chad,2003,0.00000,P90vsP10
1447,Chad,2011,-0.04217,P90vsP10
1448,Mauritania,1987,0.00000,P90vsP10
1449,Mauritania,1993,0.02511,P90vsP10
1450,Mauritania,1996,0.03790,P90vsP10
1451,Mauritania,2000,0.00239,P90vsP10
1452,Mauritania,2004,0.00161,P90vsP10
1453,Mauritania,2008,0.01865,P90vsP10
1454,Mauritania,2014,0.02648,P90vsP10
1455,Maldives,2003,0.00000,P90vsP10
1456,Maldives,2010,0.00185,P90vsP10
1457,Bangladesh,1984,0.00000,P90vsP10
1458,Bangladesh,1986,0.00772,P90vsP10
1459,Bangladesh,1989,-0.02487,P90vsP10
1460,Bangladesh,1992,0.00604,P90vsP10
1461,Bangladesh,1996,-0.04494,P90vsP10
1462,Bangladesh,2000,-0.00067,P90vsP10
1463,Bangladesh,2005,0.00518,P90vsP10
1464,Bangladesh,2010,0.00488,P90vsP10
1465,Bangladesh,2016,-0.00769,P90vsP10
1466,Sri Lanka,1985,0.00000,P90vsP10
1467,Sri Lanka,1991,0.00221,P90vsP10
1468,Sri Lanka,1996,-0.02451,P90vsP10
1469,Sri Lanka,2002,-0.03830,P90vsP10
1470,Sri Lanka,2007,0.00247,P90vsP10
1471,Sri Lanka,2010,0.02471,P90vsP10
1472,Sri Lanka,2013,-0.01916,P90vsP10
1473,Sri Lanka,2016,-0.00362,P90vsP10
1474,Kyrgyz Republic,1998,0.00000,P90vsP10
1475,Kyrgyz Republic,2000,0.15231,P90vsP10
1476,Kyrgyz Republic,2001,0.00816,P90vsP10
1477,Kyrgyz Republic,2002,-0.00561,P90vsP10
1478,Kyrgyz Republic,2003,0.02202,P90vsP10
1479,Kyrgyz Republic,2004,-0.06068,P90vsP10
1480,Kyrgyz Republic,2005,0.02282,P90vsP10
1481,Kyrgyz Republic,2006,-0.03900,P90vsP10
1482,Kyrgyz Republic,2007,0.01507,P90vsP10
1483,Kyrgyz Republic,2008,0.02525,P90vsP10
1484,Kyrgyz Republic,2009,0.02760,P90vsP10
1485,Kyrgyz Republic,2010,-0.02358,P90vsP10
1486,Kyrgyz Republic,2011,0.04671,P90vsP10
1487,Kyrgyz Republic,2012,-0.00778,P90vsP10
1488,Kyrgyz Republic,2013,-0.00647,P90vsP10
1489,Kyrgyz Republic,2014,0.02871,P90vsP10
1490,Kyrgyz Republic,2015,-0.02979,P90vsP10
1491,Kyrgyz Republic,2016,0.02910,P90vsP10
1492,Myanmar,2015,0.00000,P90vsP10
1493,Nicaragua,1993,0.00000,P90vsP10
1494,Nicaragua,1993,-0.06723,P90vsP10
1495,Nicaragua,1998,0.09721,P90vsP10
1496,Nicaragua,1998,-0.06962,P90vsP10
1497,Nicaragua,2001,0.07850,P90vsP10
1498,Nicaragua,2001,-0.05173,P90vsP10
1499,Nicaragua,2005,0.07599,P90vsP10
1500,Nicaragua,2005,-0.04874,P90vsP10
1501,Nicaragua,2009,0.01368,P90vsP10
1502,Nicaragua,2014,-0.00435,P90vsP10
1503,Ukraine,1992,0.00000,P90vsP10
1504,Ukraine,1993,0.03067,P90vsP10
1505,Ukraine,1995,-0.10202,P90vsP10
1506,Ukraine,1996,0.03311,P90vsP10
1507,Ukraine,1999,0.06921,P90vsP10
1508,Ukraine,2002,-0.00148,P90vsP10
1509,Ukraine,2003,0.00934,P90vsP10
1510,Ukraine,2004,-0.01093,P90vsP10
1511,Ukraine,2005,0.00334,P90vsP10
1512,Ukraine,2006,-0.00513,P90vsP10
1513,Ukraine,2007,0.03404,P90vsP10
1514,Ukraine,2008,0.00528,P90vsP10
1515,Ukraine,2009,0.01750,P90vsP10
1516,Ukraine,2010,0.01026,P90vsP10
1517,Ukraine,2011,0.00035,P90vsP10
1518,Ukraine,2012,0.00098,P90vsP10
1519,Ukraine,2013,-0.00380,P90vsP10
1520,Ukraine,2014,0.01046,P90vsP10
1521,Ukraine,2015,-0.02501,P90vsP10
1522,Ukraine,2016,0.00867,P90vsP10
1523,Slovakia,1996,0.00000,P90vsP10
1524,Slovakia,2004,0.01983,P90vsP10
1525,Slovakia,2004,-0.01411,P90vsP10
1526,Slovakia,2005,0.00247,P90vsP10
1527,Slovakia,2005,-0.01584,P90vsP10
1528,Slovakia,2006,0.04778,P90vsP10
1529,Slovakia,2006,-0.01618,P90vsP10
1530,Slovakia,2007,0.01192,P90vsP10
1531,Slovakia,2007,-0.00267,P90vsP10
1532,Slovakia,2008,-0.01903,P90vsP10
1533,Slovakia,2008,0.03286,P90vsP10
1534,Slovakia,2009,0.01543,P90vsP10
1535,Slovakia,2009,-0.06621,P90vsP10
1536,Slovakia,2010,-0.00352,P90vsP10
1537,Slovakia,2011,0.01301,P90vsP10
1538,Slovakia,2012,-0.00256,P90vsP10
1539,Slovakia,2013,-0.01938,P90vsP10
1540,Slovakia,2014,0.00489,P90vsP10
1541,Slovakia,2015,0.00604,P90vsP10
1542,Bulgaria,1989,0.00000,P90vsP10
1543,Bulgaria,1992,-0.09918,P90vsP10
1544,Bulgaria,1994,0.07973,P90vsP10
1545,Bulgaria,1995,-0.11367,P90vsP10
1546,Bulgaria,1997,0.10624,P90vsP10
1547,Bulgaria,2001,-0.12602,P90vsP10
1548,Bulgaria,2003,0.05814,P90vsP10
1549,Bulgaria,2006,-0.12313,P90vsP10
1550,Bulgaria,2007,0.03327,P90vsP10
1551,Bulgaria,2007,0.08778,P90vsP10
1552,Bulgaria,2008,-0.06789,P90vsP10
1553,Bulgaria,2009,-0.00318,P90vsP10
1554,Bulgaria,2010,-0.01988,P90vsP10
1555,Bulgaria,2011,0.00013,P90vsP10
1556,Bulgaria,2012,-0.00819,P90vsP10
1557,Bulgaria,2013,-0.01355,P90vsP10
1558,Bulgaria,2014,0.00759,P90vsP10
1559,Samoa,2008,0.00000,P90vsP10
1560,Gambia,1998,0.00000,P90vsP10
1561,Gambia,2003,0.01714,P90vsP10
1562,Gambia,2010,0.02603,P90vsP10
1563,Gambia,2015,0.05731,P90vsP10
1564,Namibia,2004,0.00000,P90vsP10
1565,Namibia,2010,0.00633,P90vsP10
1566,Namibia,2015,-0.01769,P90vsP10
1567,Niger,1993,0.00000,P90vsP10
1568,Niger,1994,-0.04261,P90vsP10
1569,Niger,2005,-0.01003,P90vsP10
1570,Niger,2007,0.05868,P90vsP10
1571,Niger,2011,0.04923,P90vsP10
1572,Niger,2014,-0.03569,P90vsP10
1573,Philippines,1985,0.00000,P90vsP10
1574,Philippines,1988,-0.00373,P90vsP10
1575,Philippines,1991,-0.01179,P90vsP10
1576,Philippines,1994,0.00252,P90vsP10
1577,Philippines,1997,-0.02139,P90vsP10
1578,Philippines,2000,0.02210,P90vsP10
1579,Philippines,2000,-0.03237,P90vsP10
1580,Philippines,2003,0.00074,P90vsP10
1581,Philippines,2003,0.03423,P90vsP10
1582,Philippines,2006,-0.00678,P90vsP10
1583,Philippines,2006,-0.02908,P90vsP10
1584,Philippines,2009,0.03704,P90vsP10
1585,Philippines,2009,-0.03068,P90vsP10
1586,Philippines,2012,0.02693,P90vsP10
1587,Philippines,2012,-0.02912,P90vsP10
1588,Philippines,2015,0.04244,P90vsP10
1589,Philippines,2015,-0.02957,P90vsP10
1590,Angola,2000,0.00000,P90vsP10
1591,Angola,2009,0.07120,P90vsP10
1592,Belarus,1993,0.00000,P90vsP10
1593,Belarus,1995,-0.11674,P90vsP10
1594,Belarus,1998,-0.02842,P90vsP10
1595,Belarus,1999,-0.00531,P90vsP10
1596,Belarus,2000,0.00724,P90vsP10
1597,Belarus,2001,0.01036,P90vsP10
1598,Belarus,2002,0.00518,P90vsP10
1599,Belarus,2003,0.01414,P90vsP10
1600,Belarus,2004,0.03262,P90vsP10
1601,Belarus,2005,-0.01615,P90vsP10
1602,Belarus,2006,-0.00536,P90vsP10
1603,Belarus,2007,-0.01325,P90vsP10
1604,Belarus,2008,0.01860,P90vsP10
1605,Belarus,2009,-0.00061,P90vsP10
1606,Belarus,2010,-0.00532,P90vsP10
1607,Belarus,2011,0.01402,P90vsP10
1608,Belarus,2012,0.01178,P90vsP10
1609,Belarus,2013,-0.00133,P90vsP10
1610,Belarus,2014,-0.00666,P90vsP10
1611,Belarus,2015,0.00592,P90vsP10
1612,Belarus,2016,-0.00046,P90vsP10
1613,Kazakhstan,1993,0.00000,P90vsP10
1614,Kazakhstan,1996,-0.02978,P90vsP10
1615,Kazakhstan,2001,-0.00491,P90vsP10
1616,Kazakhstan,2002,0.01910,P90vsP10
1617,Kazakhstan,2003,0.01034,P90vsP10
1618,Kazakhstan,2004,0.02281,P90vsP10
1619,Kazakhstan,2005,-0.07760,P90vsP10
1620,Kazakhstan,2006,0.09649,P90vsP10
1621,Kazakhstan,2007,0.00557,P90vsP10
1622,Kazakhstan,2008,0.02005,P90vsP10
1623,Kazakhstan,2009,-0.00001,P90vsP10
1624,Kazakhstan,2010,0.00549,P90vsP10
1625,Kazakhstan,2011,0.00318,P90vsP10
1626,Kazakhstan,2012,0.00040,P90vsP10
1627,Kazakhstan,2013,0.01263,P90vsP10
1628,Kazakhstan,2014,-0.00004,P90vsP10
1629,Kazakhstan,2015,0.00330,P90vsP10
1630,South Africa,1993,0.00000,P90vsP10
1631,South Africa,1996,-0.01385,P90vsP10
1632,South Africa,2001,0.01594,P90vsP10
1633,South Africa,2005,-0.01629,P90vsP10
1634,South Africa,2009,-0.00034,P90vsP10
1635,South Africa,2010,-0.00352,P90vsP10
1636,South Africa,2015,-0.00477,P90vsP10
1637,Mozambique,1996,0.00000,P90vsP10
1638,Mozambique,2003,0.03290,P90vsP10
1639,Mozambique,2009,-0.00548,P90vsP10
1640,Mozambique,2014,-0.02527,P90vsP10
