,country,date,value
0,Nigeria,2010,0.00000
1,Nigeria,2011,-12.44400
2,Nigeria,2012,-103.22810
3,Nigeria,2013,12.64790
4,Nigeria,2014,16.02070
5,Nigeria,2015,-206.17490
6,Nigeria,2016,123.76200
7,Nigeria,2017,0.00000
8,Argentina,1950,0.00000
9,Argentina,1951,3.86670
10,Argentina,1952,3.87410
11,Argentina,1953,3.88150
12,Argentina,1954,3.88890
13,Argentina,1955,3.89630
14,Argentina,1956,3.90350
15,Argentina,1957,3.91120
16,Argentina,1958,3.91840
17,Argentina,1959,3.92610
18,Argentina,1960,3.93330
19,Argentina,1961,-6.79960
20,Argentina,1962,-6.77710
21,Argentina,1963,-6.75480
22,Argentina,1964,-6.73300
23,Argentina,1965,-6.71060
24,Argentina,1966,-6.68880
25,Argentina,1967,-6.66670
26,Argentina,1968,-6.64490
27,Argentina,1969,-6.62320
28,Argentina,1970,-6.60130
29,Argentina,1971,-3.33890
30,Argentina,1972,-3.33330
31,Argentina,1973,-3.32780
32,Argentina,1974,-3.15780
33,Argentina,1975,-3.15290
34,Argentina,1976,-3.14780
35,Argentina,1977,-3.14280
36,Argentina,1978,-3.13780
37,Argentina,1979,-3.13300
38,Argentina,1980,-3.12790
39,Argentina,1981,-12.76990
40,Argentina,1982,-12.68740
41,Argentina,1983,-12.60520
42,Argentina,1984,-12.52380
43,Argentina,1985,-12.44260
44,Argentina,1986,-12.36220
45,Argentina,1987,-12.28220
46,Argentina,1988,-12.20290
47,Argentina,1989,-12.12380
48,Argentina,1990,-12.00000
49,Argentina,1991,-12.03920
50,Argentina,1992,-11.96080
51,Argentina,1993,24.33780
52,Argentina,1994,24.66220
53,Argentina,1995,6.96120
54,Argentina,1996,6.98690
55,Argentina,1997,7.01300
56,Argentina,1998,7.03890
57,Argentina,1999,-15.71500
58,Argentina,2000,-25.14880
59,Argentina,2001,-50.98360
60,Argentina,2002,-101.11610
61,Argentina,2003,3.53810
62,Argentina,2004,17.24270
63,Argentina,2005,30.58210
64,Argentina,2006,4.20190
65,Argentina,2007,14.95520
66,Argentina,2008,0.86810
67,Argentina,2009,-38.52030
68,Argentina,2010,8.86120
69,Argentina,2011,-0.79140
70,Argentina,2012,-24.71570
71,Argentina,2013,-11.38730
72,Argentina,2014,-19.50710
73,Argentina,2015,-3.82770
74,Argentina,2016,0.00000
75,Argentina,2017,0.00000
76,Indonesia,1970,0.00000
77,Indonesia,1971,2.24650
78,Indonesia,1972,30.65200
79,Indonesia,1973,11.05260
80,Indonesia,1974,-2.16330
81,Indonesia,1975,-18.42620
82,Indonesia,1976,-38.48970
83,Indonesia,1977,17.87720
84,Indonesia,1978,-15.00520
85,Indonesia,1979,12.32790
86,Indonesia,1980,15.11840
87,Indonesia,1981,30.88230
88,Indonesia,1982,-20.82050
89,Indonesia,1983,38.19140
90,Indonesia,1984,5.35160
91,Indonesia,1985,-27.78890
92,Indonesia,1986,-141.17180
93,Indonesia,1987,2.12390
94,Indonesia,1988,-3.86530
95,Indonesia,1989,5.22730
96,Indonesia,1990,17.97790
97,Indonesia,1991,18.92630
98,Indonesia,1992,-30.97250
99,Indonesia,1993,1.34020
100,Indonesia,1994,31.06590
101,Indonesia,1995,-1.71000
102,Indonesia,1996,-10.80710
103,Indonesia,1997,5.71680
104,Indonesia,1998,5.90650
105,Indonesia,1999,20.69340
106,Indonesia,2000,-36.50680
107,Indonesia,2001,22.42720
108,Indonesia,2002,-17.71620
109,Indonesia,2003,24.11840
110,Indonesia,2004,27.20270
111,Indonesia,2005,-15.53840
112,Indonesia,2006,11.59500
113,Indonesia,2007,77.87890
114,Indonesia,2008,1.33970
115,Indonesia,2009,19.35060
116,Indonesia,2010,-9.35600
117,Indonesia,2011,-31.04500
118,Indonesia,2012,3.07210
119,Indonesia,2013,-2.11180
120,Indonesia,2014,-15.77720
121,Indonesia,2015,15.82470
122,Indonesia,2016,0.00000
123,Indonesia,2017,0.00000
124,Chile,1951,0.00000
125,Chile,1952,-22.76270
126,Chile,1953,-22.56930
127,Chile,1954,-22.37750
128,Chile,1955,-22.18720
129,Chile,1956,-21.99880
130,Chile,1957,-21.81150
131,Chile,1958,-21.62630
132,Chile,1959,-21.44230
133,Chile,1960,-21.26030
134,Chile,1961,-8.55620
135,Chile,1962,-8.52680
136,Chile,1963,-8.49730
137,Chile,1964,-8.46800
138,Chile,1965,-8.43880
139,Chile,1966,-8.40960
140,Chile,1967,-8.38060
141,Chile,1968,-8.35190
142,Chile,1969,-8.32300
143,Chile,1970,-8.29410
144,Chile,1971,-2.85230
145,Chile,1972,-2.84890
146,Chile,1973,-2.84550
147,Chile,1974,-2.97630
148,Chile,1975,-2.97260
149,Chile,1976,-2.96880
150,Chile,1977,-2.96530
151,Chile,1978,-2.96150
152,Chile,1979,-2.95770
153,Chile,1980,-2.95410
154,Chile,1981,5.51050
155,Chile,1982,5.52340
156,Chile,1983,5.53610
157,Chile,1984,5.54940
158,Chile,1985,5.56200
159,Chile,1986,5.57490
160,Chile,1987,5.58790
161,Chile,1988,5.60110
162,Chile,1989,5.61400
163,Chile,1990,6.10470
164,Chile,1991,-3.48070
165,Chile,1992,-3.48070
166,Chile,1993,-26.02370
167,Chile,1994,-25.74310
168,Chile,1995,-25.46580
169,Chile,1996,-25.19170
170,Chile,1997,-57.00000
171,Chile,1998,43.00000
172,Chile,1999,-22.00000
173,Chile,2000,-14.00000
174,Chile,2001,-21.00000
175,Chile,2002,8.00000
176,Chile,2003,-15.00000
177,Chile,2004,-3.00000
178,Chile,2005,-75.00000
179,Chile,2006,8.00000
180,Chile,2007,-37.00000
181,Chile,2008,-33.00000
182,Chile,2009,-21.00000
183,Chile,2010,-4.00000
184,Chile,2011,-23.00000
185,Chile,2012,-23.00000
186,Chile,2013,-9.00000
187,Chile,2014,-25.00000
188,Chile,2015,-2.00000
189,Chile,2016,-14.00000
190,Chile,2017,0.00000
191,Spain,1870,0.00000
192,Spain,1880,-92.00000
193,Spain,1890,-89.00000
194,Spain,1900,-77.00000
195,Spain,1913,-109.00000
196,Spain,1929,-259.00000
197,Spain,1938,-312.00000
198,Spain,1950,178.70410
199,Spain,1951,-4.17750
200,Spain,1952,-4.06150
201,Spain,1953,-3.95920
202,Spain,1954,17.05390
203,Spain,1955,-18.08490
204,Spain,1956,-16.13190
205,Spain,1957,-15.07250
206,Spain,1958,-14.62870
207,Spain,1959,-10.54900
208,Spain,1960,-9.25200
209,Spain,1961,-18.25220
210,Spain,1962,-17.19990
211,Spain,1963,-16.92410
212,Spain,1964,-45.71740
213,Spain,1965,-7.72340
214,Spain,1966,1.38860
215,Spain,1967,8.84750
216,Spain,1968,-37.74670
217,Spain,1969,-8.24640
218,Spain,1970,7.95390
219,Spain,1971,0.11690
220,Spain,1972,-4.14390
221,Spain,1973,-11.83510
222,Spain,1974,6.17110
223,Spain,1975,9.82700
224,Spain,1976,10.10690
225,Spain,1977,-6.18800
226,Spain,1978,-26.82690
227,Spain,1979,-44.08700
228,Spain,1980,-11.43700
229,Spain,1981,-33.74100
230,Spain,1982,-21.74800
231,Spain,1983,-31.76700
232,Spain,1984,-44.55600
233,Spain,1985,-9.89200
234,Spain,1986,-7.93300
235,Spain,1987,-7.91700
236,Spain,1988,-3.97200
237,Spain,1989,-11.91800
238,Spain,1990,1.96710
239,Spain,1991,8.90190
240,Spain,1992,-7.86400
241,Spain,1993,-7.91390
242,Spain,1994,-1.04410
243,Spain,1995,0.28910
244,Spain,1996,1.38570
245,Spain,1997,2.29140
246,Spain,1998,8.47030
247,Spain,1999,5.08930
248,Spain,2000,-3.29840
249,Spain,2001,9.74490
250,Spain,2002,2.07400
251,Spain,2003,-8.63520
252,Spain,2004,-14.43180
253,Spain,2005,-15.90640
254,Spain,2006,-9.94500
255,Spain,2007,-12.16780
256,Spain,2008,9.06460
257,Spain,2009,7.12170
258,Spain,2010,-9.27830
259,Spain,2011,5.11510
260,Spain,2012,-14.31820
261,Spain,2013,-7.65800
262,Spain,2014,1.05250
263,Spain,2015,4.91190
264,Spain,2016,1.86780
265,Spain,2017,-14.86960
266,Ireland,1870,0.00000
267,Ireland,1880,-91.00000
268,Ireland,1890,-148.00000
269,Ireland,1900,-74.00000
270,Ireland,1913,-105.00000
271,Ireland,1929,-508.00000
272,Ireland,1938,-11.00000
273,Ireland,1950,248.41110
274,Ireland,1951,-11.83610
275,Ireland,1952,-11.77810
276,Ireland,1953,-11.72070
277,Ireland,1954,-11.66310
278,Ireland,1955,-11.60620
279,Ireland,1956,-11.54960
280,Ireland,1957,-11.49290
281,Ireland,1958,-11.43650
282,Ireland,1959,-11.38090
283,Ireland,1960,-11.32490
284,Ireland,1961,2.99360
285,Ireland,1962,2.99760
286,Ireland,1963,3.00170
287,Ireland,1964,3.00540
288,Ireland,1965,3.00920
289,Ireland,1966,3.01320
290,Ireland,1967,3.01740
291,Ireland,1968,3.02100
292,Ireland,1969,3.02510
293,Ireland,1970,3.02880
294,Ireland,1971,-17.00390
295,Ireland,1972,-20.14330
296,Ireland,1973,-12.55690
297,Ireland,1974,-36.36230
298,Ireland,1975,-9.94090
299,Ireland,1976,-5.49340
300,Ireland,1977,-29.56110
301,Ireland,1978,-19.61980
302,Ireland,1979,-21.71290
303,Ireland,1980,-39.24000
304,Ireland,1981,-31.39210
305,Ireland,1982,-7.32470
306,Ireland,1983,-10.20240
307,Ireland,1984,-18.05050
308,Ireland,1985,7.06320
309,Ireland,1986,34.53120
310,Ireland,1987,-20.66620
311,Ireland,1988,8.37110
312,Ireland,1989,7.32470
313,Ireland,1990,-11.51030
314,Ireland,1991,-35.05440
315,Ireland,1992,-48.39610
316,Ireland,1993,-26.68310
317,Ireland,1994,0.26160
318,Ireland,1995,-8.37130
319,Ireland,1996,-8.40210
320,Ireland,1997,0.59490
321,Ireland,1998,-1.00000
322,Ireland,1999,-11.31120
323,Ireland,2000,-9.15910
324,Ireland,2001,-9.19440
325,Ireland,2002,-19.25320
326,Ireland,2003,-17.48980
327,Ireland,2004,-11.53040
328,Ireland,2005,7.93770
329,Ireland,2006,-4.38070
330,Ireland,2007,-13.88070
331,Ireland,2008,-21.03610
332,Ireland,2009,-32.09320
333,Ireland,2010,-10.52570
334,Ireland,2011,-99.10040
335,Ireland,2012,5.32130
336,Ireland,2013,12.06090
337,Ireland,2014,11.48740
338,Ireland,2015,9.48210
339,Ireland,2016,-1.79920
340,Ireland,2017,6.95490
341,Estonia,1995,0.00000
342,Estonia,1996,-0.94690
343,Estonia,1997,-1.73080
344,Estonia,1998,-0.38990
345,Estonia,1999,-2.81650
346,Estonia,2000,0.52790
347,Estonia,2001,-7.37680
348,Estonia,2002,2.19380
349,Estonia,2003,5.64480
350,Estonia,2004,8.12600
351,Estonia,2005,21.91260
352,Estonia,2006,-7.38290
353,Estonia,2007,-2.50580
354,Estonia,2008,-30.71480
355,Estonia,2009,-135.62970
356,Estonia,2010,42.56160
357,Estonia,2011,44.16130
358,Estonia,2012,-33.17640
359,Estonia,2013,-19.84370
360,Estonia,2014,-6.41100
361,Estonia,2015,-7.81530
362,Estonia,2016,3.58270
363,Estonia,2017,1.48340
364,Austria,1950,0.00000
365,Austria,1951,-2.65380
366,Austria,1952,-2.65040
367,Austria,1953,-2.64720
368,Austria,1954,-2.64380
369,Austria,1955,-2.64040
370,Austria,1956,-2.63720
371,Austria,1957,-2.63350
372,Austria,1958,-2.63040
373,Austria,1959,-2.62690
374,Austria,1960,-2.62380
375,Austria,1961,-12.65220
376,Austria,1962,-12.57460
377,Austria,1963,-12.49720
378,Austria,1964,-12.42050
379,Austria,1965,-12.34430
380,Austria,1966,-12.26830
381,Austria,1967,-12.19300
382,Austria,1968,-12.11800
383,Austria,1969,-12.04360
384,Austria,1970,-58.03280
385,Austria,1971,-4.84950
386,Austria,1972,20.46190
387,Austria,1973,-5.01860
388,Austria,1974,77.93120
389,Austria,1975,-74.69080
390,Austria,1976,-5.92930
391,Austria,1977,6.74070
392,Austria,1978,-60.71550
393,Austria,1979,32.61280
394,Austria,1980,4.35500
395,Austria,1981,-61.89420
396,Austria,1982,15.97770
397,Austria,1983,-5.20670
398,Austria,1984,-3.98670
399,Austria,1985,-4.39520
400,Austria,1986,-0.81940
401,Austria,1987,-11.99460
402,Austria,1988,3.41490
403,Austria,1989,13.11210
404,Austria,1990,0.78650
405,Austria,1991,10.41440
406,Austria,1992,-31.51280
407,Austria,1993,-2.63330
408,Austria,1994,-1.76000
409,Austria,1995,-26.10170
410,Austria,1996,32.83420
411,Austria,1997,8.42140
412,Austria,1998,-21.66150
413,Austria,1999,3.94080
414,Austria,2000,0.46100
415,Austria,2001,-13.01210
416,Austria,2002,-2.57230
417,Austria,2003,-8.87000
418,Austria,2004,2.48790
419,Austria,2005,-23.97640
420,Austria,2006,-16.81980
421,Austria,2007,-10.89040
422,Austria,2008,-7.58410
423,Austria,2009,-44.12000
424,Austria,2010,-7.23120
425,Austria,2011,5.84380
426,Austria,2012,-23.83480
427,Austria,2013,-15.78530
428,Austria,2014,-10.50180
429,Austria,2015,-22.67140
430,Austria,2016,10.45790
431,Austria,2017,3.69960
432,France,1870,0.00000
433,France,1880,-3.00000
434,France,1890,-46.00000
435,France,1900,-4.00000
436,France,1913,-182.00000
437,France,1929,-735.00000
438,France,1938,-438.00000
439,France,1950,433.31670
440,France,1951,21.20500
441,France,1952,-16.70720
442,France,1953,-18.81180
443,France,1954,14.68530
444,France,1955,-14.67120
445,France,1956,-48.52660
446,France,1957,-23.31930
447,France,1958,-10.68950
448,France,1959,3.60450
449,France,1960,11.52570
450,France,1961,-19.62580
451,France,1962,15.51250
452,France,1963,-13.76950
453,France,1964,10.02220
454,France,1965,-10.78400
455,France,1966,-5.86010
456,France,1967,-31.30340
457,France,1968,-21.53510
458,France,1969,-69.82310
459,France,1970,-16.21520
460,France,1971,-0.41340
461,France,1972,-49.72610
462,France,1973,-13.63020
463,France,1974,-29.70930
464,France,1975,-24.59800
465,France,1976,26.67260
466,France,1977,-36.91870
467,France,1978,-30.15770
468,France,1979,-2.72940
469,France,1980,-8.15210
470,France,1981,-19.24850
471,France,1982,-71.70220
472,France,1983,-17.17230
473,France,1984,-5.79090
474,France,1985,-34.51730
475,France,1986,-3.72140
476,France,1987,12.28320
477,France,1988,9.22660
478,France,1989,-14.54290
479,France,1990,-4.58600
480,France,1991,-6.47530
481,France,1992,-1.05410
482,France,1993,-7.48780
483,France,1994,-2.43280
484,France,1995,-20.96290
485,France,1996,-3.58570
486,France,1997,-1.59360
487,France,1998,-9.77600
488,France,1999,-6.29360
489,France,2000,-19.46930
490,France,2001,-19.50330
491,France,2002,-33.12320
492,France,2003,4.75900
493,France,2004,23.89920
494,France,2005,1.37500
495,France,2006,-16.76430
496,France,2007,19.39740
497,France,2008,7.75730
498,France,2009,-16.48620
499,France,2010,6.67500
500,France,2011,6.65570
501,France,2012,-5.71400
502,France,2013,-15.01830
503,France,2014,-4.88580
504,France,2015,0.42420
505,France,2016,-6.68420
506,France,2017,11.40860
507,Taiwan,1951,0.00000
508,Taiwan,1952,-2.24310
509,Taiwan,1953,-2.24120
510,Taiwan,1954,-2.23910
511,Taiwan,1955,-2.23680
512,Taiwan,1956,-2.23480
513,Taiwan,1957,-2.23270
514,Taiwan,1958,-2.23050
515,Taiwan,1959,-2.22820
516,Taiwan,1960,-2.22660
517,Taiwan,1961,-2.22410
518,Taiwan,1962,-2.22220
519,Taiwan,1963,-2.22000
520,Taiwan,1964,-2.21800
521,Taiwan,1965,-2.21580
522,Taiwan,1966,-2.21360
523,Taiwan,1967,-2.21170
524,Taiwan,1968,-2.20950
525,Taiwan,1969,-2.20750
526,Taiwan,1970,-2.20530
527,Taiwan,1971,-0.95800
528,Taiwan,1972,-4.01860
529,Taiwan,1973,-4.89720
530,Taiwan,1974,2.72930
531,Taiwan,1975,-2.14460
532,Taiwan,1976,-4.66280
533,Taiwan,1977,-7.39580
534,Taiwan,1978,-7.43330
535,Taiwan,1979,33.58980
536,Taiwan,1980,-22.70870
537,Taiwan,1981,-3.78470
538,Taiwan,1982,-40.68630
539,Taiwan,1983,-14.66570
540,Taiwan,1984,-0.47320
541,Taiwan,1985,-9.93500
542,Taiwan,1986,-1.41920
543,Taiwan,1987,33.58960
544,Taiwan,1988,-26.02000
545,Taiwan,1989,-18.92390
546,Taiwan,1990,-0.94630
547,Taiwan,1991,-12.77360
548,Taiwan,1992,2.36540
549,Taiwan,1993,20.34330
550,Taiwan,1994,-55.82520
551,Taiwan,1995,39.74000
552,Taiwan,1996,-26.49340
553,Taiwan,1997,-56.77150
554,Taiwan,1998,51.09420
555,Taiwan,1999,-1.89230
556,Taiwan,2000,-9.93510
557,Taiwan,2001,-54.87890
558,Taiwan,2002,-13.71970
559,Taiwan,2003,5.20390
560,Taiwan,2004,18.45090
561,Taiwan,2005,-8.04270
562,Taiwan,2006,7.09640
563,Taiwan,2007,-4.73090
564,Taiwan,2008,-56.29840
565,Taiwan,2009,-19.39700
566,Taiwan,2010,8.51590
567,Taiwan,2011,-9.93500
568,Taiwan,2012,14.19280
569,Taiwan,2013,-4.73090
570,Taiwan,2014,-3.16700
571,Taiwan,2015,-1.84230
572,Taiwan,2016,-68.06530
573,Taiwan,2017,1.17360
574,Ecuador,1995,0.00000
575,Ecuador,1996,-6.68970
576,Ecuador,1997,-6.66660
577,Ecuador,1998,-6.64370
578,Ecuador,1999,-134.29610
579,Ecuador,2000,11.01730
580,Ecuador,2001,11.08520
581,Ecuador,2002,11.15340
582,Ecuador,2003,11.22230
583,Ecuador,2004,-61.15590
584,Ecuador,2005,32.74320
585,Ecuador,2006,-32.02140
586,Ecuador,2007,19.28290
587,Ecuador,2008,53.95630
588,Ecuador,2009,-20.94450
589,Ecuador,2010,2.73450
590,Ecuador,2011,-28.44110
591,Ecuador,2012,-23.40230
592,Ecuador,2013,4.81960
593,Ecuador,2014,-47.19490
594,Ecuador,2015,-32.20270
595,Ecuador,2016,0.00000
596,Ecuador,2017,0.00000
597,St. Lucia,1985,0.00000
598,St. Lucia,1986,-16.41770
599,St. Lucia,1987,-18.55010
600,St. Lucia,1988,-26.59610
601,St. Lucia,1989,-17.76000
602,St. Lucia,1990,1.31200
603,St. Lucia,1991,15.54690
604,St. Lucia,1992,31.55220
605,St. Lucia,1993,66.89450
606,St. Lucia,1994,-33.12440
607,St. Lucia,1995,23.44450
608,St. Lucia,1996,-14.04050
609,St. Lucia,1997,39.21200
610,St. Lucia,1998,-38.98380
611,St. Lucia,1999,25.49860
612,St. Lucia,2000,-18.65810
613,St. Lucia,2001,2.67420
614,United Kingdom,1870,0.00000
615,United Kingdom,1880,-15.00000
616,United Kingdom,1890,-71.00000
617,United Kingdom,1900,-13.00000
618,United Kingdom,1913,0.00000
619,United Kingdom,1929,-399.00000
620,United Kingdom,1938,-57.00000
621,United Kingdom,1950,-16.05640
622,United Kingdom,1951,8.72020
623,United Kingdom,1952,-31.80520
624,United Kingdom,1953,3.92120
625,United Kingdom,1954,4.15110
626,United Kingdom,1955,-1.56790
627,United Kingdom,1956,-13.58350
628,United Kingdom,1957,-21.52730
629,United Kingdom,1958,-29.79880
630,United Kingdom,1959,9.78460
631,United Kingdom,1960,-8.65430
632,United Kingdom,1961,-36.77270
633,United Kingdom,1962,-37.76620
634,United Kingdom,1963,-8.44810
635,United Kingdom,1964,0.23690
636,United Kingdom,1965,-23.26560
637,United Kingdom,1966,-55.95830
638,United Kingdom,1967,-12.08220
639,United Kingdom,1968,-7.32600
640,United Kingdom,1969,-9.59680
641,United Kingdom,1970,-41.71030
642,United Kingdom,1971,-40.75190
643,United Kingdom,1972,21.22400
644,United Kingdom,1973,8.88580
645,United Kingdom,1974,-14.95530
646,United Kingdom,1975,-31.21740
647,United Kingdom,1976,-7.05540
648,United Kingdom,1977,9.90510
649,United Kingdom,1978,1.10820
650,United Kingdom,1979,-2.54450
651,United Kingdom,1980,-30.09660
652,United Kingdom,1981,-36.27640
653,United Kingdom,1982,-3.70080
654,United Kingdom,1983,-5.87070
655,United Kingdom,1984,6.20410
656,United Kingdom,1985,2.32920
657,United Kingdom,1986,-5.34500
658,United Kingdom,1987,4.83000
659,United Kingdom,1988,7.15890
660,United Kingdom,1989,3.83120
661,United Kingdom,1990,-12.61280
662,United Kingdom,1991,-25.39750
663,United Kingdom,1992,-6.21620
664,United Kingdom,1993,-4.01440
665,United Kingdom,1994,10.27450
666,United Kingdom,1995,2.03470
667,United Kingdom,1996,-0.53270
668,United Kingdom,1997,-0.89710
669,United Kingdom,1998,-4.19600
670,United Kingdom,1999,-8.38900
671,United Kingdom,2000,-15.65640
672,United Kingdom,2001,3.02240
673,United Kingdom,2002,-17.41500
674,United Kingdom,2003,-9.18100
675,United Kingdom,2004,-2.66470
676,United Kingdom,2005,3.02150
677,United Kingdom,2006,-5.75150
678,United Kingdom,2007,1.83570
679,United Kingdom,2008,-5.35260
680,United Kingdom,2009,-22.13700
681,United Kingdom,2010,4.87610
682,United Kingdom,2011,-1.89220
683,United Kingdom,2012,13.79090
684,United Kingdom,2013,10.78510
685,United Kingdom,2014,6.37620
686,United Kingdom,2015,-3.19320
687,United Kingdom,2016,-0.68710
688,United Kingdom,2017,1.88520
689,United States,1870,0.00000
690,United States,1880,-52.00000
691,United States,1890,-61.00000
692,United States,1900,-45.00000
693,United States,1913,-38.00000
694,United States,1929,-584.00000
695,United States,1938,-560.00000
696,United States,1950,233.23800
697,United States,1951,41.32190
698,United States,1952,-3.82520
699,United States,1953,-6.48470
700,United States,1954,-23.16630
701,United States,1955,7.41810
702,United States,1956,-15.13680
703,United States,1957,-27.84120
704,United States,1958,-33.97620
705,United States,1959,25.30530
706,United States,1960,-18.56540
707,United States,1961,-14.49030
708,United States,1962,19.44790
709,United States,1963,-11.78550
710,United States,1964,5.66590
711,United States,1965,19.86450
712,United States,1966,8.72120
713,United States,1967,-22.76230
714,United States,1968,-3.66440
715,United States,1969,0.68340
716,United States,1970,-44.55590
717,United States,1971,-15.76480
718,United States,1972,-2.32730
719,United States,1973,-1.64660
720,United States,1974,-27.86090
721,United States,1975,-31.39590
722,United States,1976,-3.96630
723,United States,1977,0.05810
724,United States,1978,6.31100
725,United States,1979,2.30010
726,United States,1980,-15.78660
727,United States,1981,-12.52570
728,United States,1982,-17.76360
729,United States,1983,8.03730
730,United States,1984,15.64120
731,United States,1985,5.97840
732,United States,1986,-20.18870
733,United States,1987,7.46610
734,United States,1988,9.76550
735,United States,1989,12.17890
736,United States,1990,-14.37070
737,United States,1991,-8.29830
738,United States,1992,-12.16510
739,United States,1993,14.98600
740,United States,1994,17.89170
741,United States,1995,9.60990
742,United States,1996,6.04660
743,United States,1997,5.05950
744,United States,1998,10.83260
745,United States,1999,2.12680
746,United States,2000,3.27750
747,United States,2001,-21.09580
748,United States,2002,-16.91920
749,United States,2003,-15.81040
750,United States,2004,-1.12540
751,United States,2005,-2.65690
752,United States,2006,0.26660
753,United States,2007,-1.49340
754,United States,2008,-19.07150
755,United States,2009,-37.05740
756,United States,2010,6.13970
757,United States,2011,8.95420
758,United States,2012,0.38880
759,United States,2013,4.64060
760,United States,2014,4.34380
761,United States,2015,10.76020
762,United States,2016,-4.38660
763,United States,2017,-3.57050
764,Czech Republic,1993,0.00000
765,Czech Republic,1994,-18.00000
766,Czech Republic,1995,18.99810
767,Czech Republic,1996,-5.32510
768,Czech Republic,1997,5.18480
769,Czech Republic,1998,19.65600
770,Czech Republic,1999,16.11640
771,Czech Republic,2000,2.02740
772,Czech Republic,2001,-77.24640
773,Czech Republic,2002,-1.74550
774,Czech Republic,2003,-10.34620
775,Czech Republic,2004,10.83700
776,Czech Republic,2005,-0.07270
777,Czech Republic,2006,-17.82160
778,Czech Republic,2007,-14.80220
779,Czech Republic,2008,5.17600
780,Czech Republic,2009,-10.77350
781,Czech Republic,2010,20.73350
782,Czech Republic,2011,6.12280
783,Czech Republic,2012,-29.49890
784,Czech Republic,2013,-13.11960
785,Czech Republic,2014,13.73270
786,Czech Republic,2015,-20.57650
787,Czech Republic,2016,22.23610
788,Czech Republic,2017,-2.23510
789,Thailand,1970,0.00000
790,Thailand,1971,-0.02880
791,Thailand,1972,-103.10890
792,Thailand,1973,119.42260
793,Thailand,1974,17.34400
794,Thailand,1975,-27.27220
795,Thailand,1976,-4.24730
796,Thailand,1977,-3.81160
797,Thailand,1978,75.31330
798,Thailand,1979,90.86790
799,Thailand,1980,90.22660
800,Thailand,1981,-77.24350
801,Thailand,1982,-284.19260
802,Thailand,1983,333.41550
803,Thailand,1984,18.65410
804,Thailand,1985,-28.45240
805,Thailand,1986,-0.85890
806,Thailand,1987,-45.75070
807,Thailand,1988,22.89870
808,Thailand,1989,66.85420
809,Thailand,1990,-135.66360
810,Thailand,1991,47.86090
811,Thailand,1992,15.83540
812,Thailand,1993,-78.85450
813,Thailand,1994,49.68390
814,Thailand,1995,-5.19190
815,Thailand,1996,-53.83640
816,Thailand,1997,-70.02100
817,Thailand,1998,48.58760
818,Thailand,1999,-35.35080
819,Thailand,2000,4.05710
820,Thailand,2001,-97.88090
821,Thailand,2002,-10.70430
822,Thailand,2003,-10.24290
823,Thailand,2004,5.34470
824,Thailand,2005,-51.07030
825,Thailand,2006,-12.33280
826,Thailand,2007,4.16260
827,Thailand,2008,12.27960
828,Thailand,2009,12.00410
829,Thailand,2010,-4.79420
830,Thailand,2011,8.26640
831,Thailand,2012,-45.11890
832,Thailand,2013,-38.94410
833,Thailand,2014,-26.17290
834,Thailand,2015,-61.87540
835,Thailand,2016,0.00000
836,Thailand,2017,0.00000
837,Trinidad and Tobago,1991,0.00000
838,Trinidad and Tobago,1992,-20.30950
839,Trinidad and Tobago,1993,15.49180
840,Trinidad and Tobago,1994,11.29520
841,Trinidad and Tobago,1995,10.75400
842,Trinidad and Tobago,1996,16.24770
843,Trinidad and Tobago,1997,8.59730
844,Trinidad and Tobago,1998,3.37870
845,Trinidad and Tobago,1999,6.00970
846,Trinidad and Tobago,2000,27.37040
847,Trinidad and Tobago,2001,4.14930
848,Trinidad and Tobago,2002,-33.24430
849,Australia,1870,0.00000
850,Australia,1880,-145.00000
851,Australia,1890,-146.00000
852,Australia,1900,-116.00000
853,Australia,1913,-171.00000
854,Australia,1929,-28.00000
855,Australia,1938,-77.00000
856,Australia,1950,69.24560
857,Australia,1951,-20.14430
858,Australia,1952,-19.95770
859,Australia,1953,-19.77350
860,Australia,1954,-19.59030
861,Australia,1955,-19.40940
862,Australia,1956,-19.22980
863,Australia,1957,-19.05200
864,Australia,1958,-18.87570
865,Australia,1959,-18.70130
866,Australia,1960,-18.52820
867,Australia,1961,-3.66200
868,Australia,1962,-3.65510
869,Australia,1963,-3.64850
870,Australia,1964,-3.64170
871,Australia,1965,-3.63500
872,Australia,1966,-3.62830
873,Australia,1967,-3.62160
874,Australia,1968,-3.61500
875,Australia,1969,-3.60830
876,Australia,1970,-3.60150
877,Australia,1971,-18.69940
878,Australia,1972,-20.39930
879,Australia,1973,-13.38700
880,Australia,1974,17.31810
881,Australia,1975,-13.28080
882,Australia,1976,10.41210
883,Australia,1977,1.80630
884,Australia,1978,0.85000
885,Australia,1979,5.41860
886,Australia,1980,0.40520
887,Australia,1981,-18.46600
888,Australia,1982,-19.13760
889,Australia,1983,-12.47970
890,Australia,1984,14.65950
891,Australia,1985,-13.45640
892,Australia,1986,10.43990
893,Australia,1987,-3.13880
894,Australia,1988,-2.95150
895,Australia,1989,12.69010
896,Australia,1990,-19.31820
897,Australia,1991,-14.05310
898,Australia,1992,-2.05760
899,Australia,1993,17.77990
900,Australia,1994,8.10710
901,Australia,1995,-1.81300
902,Australia,1996,-7.15550
903,Australia,1997,-1.68310
904,Australia,1998,-15.84240
905,Australia,1999,4.59530
906,Australia,2000,-1.79380
907,Australia,2001,-35.82230
908,Australia,2002,-4.11090
909,Australia,2003,-7.38120
910,Australia,2004,-1.70110
911,Australia,2005,-2.00970
912,Australia,2006,-11.01680
913,Australia,2007,0.65820
914,Australia,2008,-2.11150
915,Australia,2009,-28.74430
916,Australia,2010,7.51370
917,Australia,2011,-0.66000
918,Australia,2012,-9.13010
919,Australia,2013,-3.69220
920,Australia,2014,-7.89010
921,Australia,2015,-0.92800
922,Australia,2016,-12.79400
923,Australia,2017,-2.72070
924,Barbados,1991,0.00000
925,Barbados,1992,-19.88760
926,Barbados,1993,22.11530
927,Barbados,1994,14.77720
928,Barbados,1995,19.64200
929,Barbados,1996,22.36180
930,Barbados,1997,10.62640
931,Barbados,1998,0.85480
932,Barbados,1999,5.35100
933,Barbados,2000,19.30530
934,Barbados,2001,11.01810
935,Germany,1870,0.00000
936,Germany,1880,-61.00000
937,Germany,1890,-115.00000
938,Germany,1900,-52.00000
939,Germany,1913,-333.00000
940,Germany,1929,-595.00000
941,Germany,1938,59.00000
942,Germany,1950,240.42870
943,Germany,1951,-25.83350
944,Germany,1952,-25.55830
945,Germany,1953,-25.28640
946,Germany,1954,-25.01730
947,Germany,1955,-24.75100
948,Germany,1956,-24.48780
949,Germany,1957,-24.22710
950,Germany,1958,-23.96920
951,Germany,1959,-23.71410
952,Germany,1960,-23.46170
953,Germany,1961,-26.61770
954,Germany,1962,-37.10300
955,Germany,1963,-30.44900
956,Germany,1964,11.49420
957,Germany,1965,-14.21630
958,Germany,1966,-26.31500
959,Germany,1967,-37.70810
960,Germany,1968,-12.50220
961,Germany,1969,-19.76150
962,Germany,1970,-15.42600
963,Germany,1971,-31.96120
964,Germany,1972,-25.10510
965,Germany,1973,-30.54970
966,Germany,1974,-33.27180
967,Germany,1975,-39.72460
968,Germany,1976,12.40130
969,Germany,1977,-18.05240
970,Germany,1978,-19.05550
971,Germany,1979,-12.03500
972,Germany,1980,-19.05540
973,Germany,1981,-22.06420
974,Germany,1982,-11.03210
975,Germany,1983,-13.03800
976,Germany,1984,-11.03200
977,Germany,1985,-23.06710
978,Germany,1986,-19.05540
979,Germany,1987,-23.06720
980,Germany,1988,-5.01450
981,Germany,1989,-23.06710
982,Germany,1990,-23.06720
983,Germany,1991,-29.08460
984,Germany,1992,11.19660
985,Germany,1993,-23.13920
986,Germany,1994,-4.32570
987,Germany,1995,-9.27230
988,Germany,1996,-17.48290
989,Germany,1997,-10.85110
990,Germany,1998,-6.06240
991,Germany,1999,-14.85990
992,Germany,2000,-26.70910
993,Germany,2001,-10.10270
994,Germany,2002,-11.04970
995,Germany,2003,-6.11560
996,Germany,2004,-2.52150
997,Germany,2005,-10.94340
998,Germany,2006,13.39520
999,Germany,2007,-0.32300
1000,Germany,2008,-5.95580
1001,Germany,2009,-45.68290
1002,Germany,2010,17.16940
1003,Germany,2011,2.93050
1004,Germany,2012,-17.78670
1005,Germany,2013,-12.32910
1006,Germany,2014,4.38150
1007,Germany,2015,1.02780
1008,Germany,2016,-9.52040
1009,Germany,2017,-4.69970
1010,Malta,1994,0.00000
1011,Malta,1995,-1.19800
1012,Malta,1996,-6.90410
1013,Malta,1997,2.47930
1014,Malta,1998,24.51780
1015,Malta,1999,-22.99880
1016,Malta,2000,-3.20240
1017,Malta,2001,-91.84470
1018,Malta,2002,57.35080
1019,Malta,2003,-25.02000
1020,Malta,2004,-100.47140
1021,Malta,2005,66.71730
1022,Malta,2006,4.94240
1023,Malta,2007,-9.55230
1024,Malta,2008,9.67020
1025,Malta,2009,5.42990
1026,Malta,2010,-58.20170
1027,Malta,2011,-58.12640
1028,Malta,2012,-24.65570
1029,Malta,2013,-19.07550
1030,Malta,2014,-31.83930
1031,Malta,2015,-11.94650
1032,Malta,2016,67.34610
1033,Malta,2017,8.12690
1034,Russia,1992,0.00000
1035,Russia,1993,6.00000
1036,Russia,1994,-44.00000
1037,Russia,1995,-4.00000
1038,Russia,1996,3.00000
1039,Russia,1997,57.00000
1040,Russia,1998,-5.00000
1041,Russia,1999,18.00000
1042,Russia,2000,18.00000
1043,Russia,2001,-2.00000
1044,Russia,2002,2.00000
1045,Russia,2003,11.00000
1046,Russia,2004,0.00000
1047,Russia,2005,-4.00000
1048,Russia,2006,9.00000
1049,Russia,2007,1.00000
1050,Russia,2008,-2.00000
1051,Russia,2009,-23.00000
1052,Russia,2010,2.00000
1053,Russia,2011,3.00000
1054,Russia,2012,3.00000
1055,Russia,2013,-2.00000
1056,Russia,2014,5.00000
1057,Russia,2015,-7.00000
1058,Russia,2016,-4.00000
1059,Russia,2017,0.00000
1060,Latvia,1995,0.00000
1061,Latvia,1996,-0.01230
1062,Latvia,1997,0.02100
1063,Latvia,1998,-0.01240
1064,Latvia,1999,-0.00370
1065,Latvia,2000,-0.10590
1066,Latvia,2001,11.34900
1067,Latvia,2002,-49.27010
1068,Latvia,2003,-10.13980
1069,Latvia,2004,-49.33980
1070,Latvia,2005,27.11790
1071,Latvia,2006,1.31650
1072,Latvia,2007,-28.61950
1073,Latvia,2008,124.04000
1074,Latvia,2009,-50.02500
1075,Latvia,2010,-17.08870
1076,Latvia,2011,16.76240
1077,Latvia,2012,-17.61400
1078,Latvia,2013,-6.53770
1079,Latvia,2014,10.72960
1080,Latvia,2015,-36.73440
1081,Latvia,2016,0.74430
1082,Latvia,2017,-27.88770
1083,Poland,1993,0.00000
1084,Poland,1994,13.80300
1085,Poland,1995,-2.70800
1086,Poland,1996,0.12400
1087,Poland,1997,-0.15700
1088,Poland,1998,-0.06980
1089,Poland,1999,-1.81520
1090,Poland,2000,1.69900
1091,Poland,2001,1.99360
1092,Poland,2002,-5.21580
1093,Poland,2003,5.69700
1094,Poland,2004,0.36060
1095,Poland,2005,-5.48440
1096,Poland,2006,1.53130
1097,Poland,2007,-2.96510
1098,Poland,2008,-8.01440
1099,Poland,2009,-15.60010
1100,Poland,2010,-5.20000
1101,Poland,2011,-5.20000
1102,Poland,2012,-5.20000
1103,Poland,2013,-3.64540
1104,Poland,2014,6.56730
1105,Poland,2015,7.68710
1106,Poland,2016,1.35010
1107,Poland,2017,-21.86390
1108,Venezuela,1950,0.00000
1109,Venezuela,1951,-16.01980
1110,Venezuela,1952,-15.90180
1111,Venezuela,1953,-15.78520
1112,Venezuela,1954,-15.66890
1113,Venezuela,1955,-15.55370
1114,Venezuela,1956,-15.43950
1115,Venezuela,1957,-15.32590
1116,Venezuela,1958,-15.21340
1117,Venezuela,1959,-15.10140
1118,Venezuela,1960,-14.99040
1119,Venezuela,1961,-7.42130
1120,Venezuela,1962,-7.39400
1121,Venezuela,1963,-7.36700
1122,Venezuela,1964,-7.33990
1123,Venezuela,1965,-7.31300
1124,Venezuela,1966,-7.28610
1125,Venezuela,1967,-7.25960
1126,Venezuela,1968,-7.23290
1127,Venezuela,1969,-7.20630
1128,Venezuela,1970,-7.17990
1129,Venezuela,1971,4.65550
1130,Venezuela,1972,4.66680
1131,Venezuela,1973,4.67770
1132,Venezuela,1974,4.53980
1133,Venezuela,1975,4.55040
1134,Venezuela,1976,4.56080
1135,Venezuela,1977,4.57140
1136,Venezuela,1978,4.58190
1137,Venezuela,1979,4.59260
1138,Venezuela,1980,4.60310
1139,Venezuela,1981,-11.01780
1140,Venezuela,1982,-10.95710
1141,Venezuela,1983,-10.89660
1142,Venezuela,1984,-10.83640
1143,Venezuela,1985,-10.77670
1144,Venezuela,1986,-10.71720
1145,Venezuela,1987,-10.65810
1146,Venezuela,1988,-10.59930
1147,Venezuela,1989,-10.54080
1148,Venezuela,1990,-11.00000
1149,Venezuela,1991,-10.52930
1150,Venezuela,1992,-10.47070
1151,Venezuela,1993,20.88330
1152,Venezuela,1994,21.11670
1153,Venezuela,1995,5.22850
1154,Venezuela,1996,5.24280
1155,Venezuela,1997,5.25710
1156,Venezuela,1998,5.27160
1157,Venezuela,1999,-44.10340
1158,Venezuela,2000,11.61510
1159,Venezuela,2001,-29.03930
1160,Venezuela,2002,-40.45210
1161,Venezuela,2003,-27.80940
1162,Venezuela,2004,95.48400
1163,Venezuela,2005,26.15520
1164,Finland,1950,0.00000
1165,Finland,1951,0.60450
1166,Finland,1952,0.60480
1167,Finland,1953,0.60470
1168,Finland,1954,0.60500
1169,Finland,1955,0.60520
1170,Finland,1956,0.60550
1171,Finland,1957,0.60570
1172,Finland,1958,0.60570
1173,Finland,1959,0.60590
1174,Finland,1960,0.60620
1175,Finland,1961,-0.99920
1176,Finland,1962,-6.99340
1177,Finland,1963,-3.99650
1178,Finland,1964,25.97620
1179,Finland,1965,0.00000
1180,Finland,1966,-24.97700
1181,Finland,1967,-16.98450
1182,Finland,1968,-15.98550
1183,Finland,1969,-18.98270
1184,Finland,1970,-15.98550
1185,Finland,1971,-34.97190
1186,Finland,1972,-15.98500
1187,Finland,1973,-15.98300
1188,Finland,1974,-5.99690
1189,Finland,1975,-8.11310
1190,Finland,1976,-3.01400
1191,Finland,1977,-8.29200
1192,Finland,1978,5.41910
1193,Finland,1979,-24.11310
1194,Finland,1980,-19.95400
1195,Finland,1981,5.60530
1196,Finland,1982,-14.52030
1197,Finland,1983,-17.62910
1198,Finland,1984,-8.94340
1199,Finland,1985,-0.39920
1200,Finland,1986,-20.71490
1201,Finland,1987,5.53930
1202,Finland,1988,8.05340
1203,Finland,1989,-4.03770
1204,Finland,1990,-33.02310
1205,Finland,1991,-21.68230
1206,Finland,1992,5.32050
1207,Finland,1993,2.58220
1208,Finland,1994,19.50320
1209,Finland,1995,1.20910
1210,Finland,1996,-1.15980
1211,Finland,1997,-10.16700
1212,Finland,1998,-10.32780
1213,Finland,1999,2.86060
1214,Finland,2000,-15.18760
1215,Finland,2001,-19.47630
1216,Finland,2002,-8.81730
1217,Finland,2003,-8.49740
1218,Finland,2004,2.04310
1219,Finland,2005,-10.23440
1220,Finland,2006,-4.18480
1221,Finland,2007,-1.41160
1222,Finland,2008,-6.97900
1223,Finland,2009,-23.85670
1224,Finland,2010,7.11130
1225,Finland,2011,-5.31430
1226,Finland,2012,-12.19270
1227,Finland,2013,-10.67440
1228,Finland,2014,-3.25460
1229,Finland,2015,0.86380
1230,Finland,2016,-2.43550
1231,Finland,2017,24.52120
1232,Hungary,1980,0.00000
1233,Hungary,1981,-0.99980
1234,Hungary,1982,-92.97770
1235,Hungary,1983,-19.99520
1236,Hungary,1984,-71.98290
1237,Hungary,1985,-26.99360
1238,Hungary,1986,-8.99780
1239,Hungary,1987,43.98950
1240,Hungary,1988,-5.99860
1241,Hungary,1989,-24.99400
1242,Hungary,1990,-39.99050
1243,Hungary,1991,-31.99240
1244,Hungary,1992,-42.98970
1245,Hungary,1993,0.00000
1246,Hungary,1994,130.96870
1247,Hungary,1995,4.99890
1248,Hungary,1996,-5.94290
1249,Hungary,1997,23.82230
1250,Hungary,1998,-0.50840
1251,Hungary,1999,17.17780
1252,Hungary,2000,-7.22430
1253,Hungary,2001,-39.52540
1254,Hungary,2002,11.93550
1255,Hungary,2003,-27.09010
1256,Hungary,2004,7.95710
1257,Hungary,2005,0.78000
1258,Hungary,2006,-3.42700
1259,Hungary,2007,-4.84140
1260,Hungary,2008,3.11840
1261,Hungary,2009,-18.69370
1262,Hungary,2010,-6.87650
1263,Hungary,2011,-7.50540
1264,Hungary,2012,-22.13900
1265,Hungary,2013,-6.00580
1266,Hungary,2014,7.77040
1267,Hungary,2015,-4.58290
1268,Hungary,2016,13.61160
1269,Hungary,2017,0.00000
1270,Japan,1950,0.00000
1271,Japan,1951,-17.42300
1272,Japan,1952,-17.27350
1273,Japan,1953,-17.12540
1274,Japan,1954,30.35360
1275,Japan,1955,25.57100
1276,Japan,1956,50.45040
1277,Japan,1957,23.07590
1278,Japan,1958,25.10210
1279,Japan,1959,23.09980
1280,Japan,1960,16.65430
1281,Japan,1961,2.41480
1282,Japan,1962,-22.61370
1283,Japan,1963,-6.37240
1284,Japan,1964,7.20150
1285,Japan,1965,-18.40680
1286,Japan,1966,7.82500
1287,Japan,1967,13.62370
1288,Japan,1968,3.76910
1289,Japan,1969,-13.32840
1290,Japan,1970,-9.79440
1291,Japan,1971,-7.92190
1292,Japan,1972,2.36940
1293,Japan,1973,-14.12060
1294,Japan,1974,-58.82790
1295,Japan,1975,-28.45450
1296,Japan,1976,27.23820
1297,Japan,1977,6.50630
1298,Japan,1978,3.98150
1299,Japan,1979,4.71530
1300,Japan,1980,1.24070
1301,Japan,1981,-5.11620
1302,Japan,1982,-0.20890
1303,Japan,1983,6.24140
1304,Japan,1984,14.41970
1305,Japan,1985,-12.51250
1306,Japan,1986,1.72780
1307,Japan,1987,5.47320
1308,Japan,1988,-3.53060
1309,Japan,1989,-19.07610
1310,Japan,1990,-32.94290
1311,Japan,1991,-17.67680
1312,Japan,1992,-48.61130
1313,Japan,1993,-35.35370
1314,Japan,1994,-17.67690
1315,Japan,1995,2.50000
1316,Japan,1996,3.20000
1317,Japan,1997,-27.70000
1318,Japan,1998,-20.60000
1319,Japan,1999,-15.60000
1320,Japan,2000,7.60000
1321,Japan,2001,-15.40000
1322,Japan,2002,-12.50000
1323,Japan,2003,3.60000
1324,Japan,2004,7.30000
1325,Japan,2005,-13.70000
1326,Japan,2006,8.20000
1327,Japan,2007,-9.50000
1328,Japan,2008,-19.20000
1329,Japan,2009,-50.10000
1330,Japan,2010,20.60000
1331,Japan,2011,-5.10000
1332,Japan,2012,10.20000
1333,Japan,2013,-21.40000
1334,Japan,2014,-5.00000
1335,Japan,2015,-5.60000
1336,Japan,2016,-8.90000
1337,Japan,2017,-3.63670
1338,Pakistan,1970,0.00000
1339,Pakistan,1971,40.85110
1340,Pakistan,1972,-52.28890
1341,Pakistan,1973,34.18050
1342,Pakistan,1974,31.91280
1343,Pakistan,1975,38.10820
1344,Pakistan,1976,-42.75660
1345,Pakistan,1977,-44.70900
1346,Pakistan,1978,-44.76710
1347,Pakistan,1979,-45.35210
1348,Pakistan,1980,12.57450
1349,Pakistan,1981,-17.28150
1350,Pakistan,1982,3.32060
1351,Pakistan,1983,3.67820
1352,Pakistan,1984,7.32420
1353,Pakistan,1985,17.65750
1354,Pakistan,1986,6.03270
1355,Pakistan,1987,-29.76470
1356,Pakistan,1988,-25.33760
1357,Pakistan,1989,30.02810
1358,Pakistan,1990,28.33640
1359,Pakistan,1991,38.58640
1360,Pakistan,1992,-3.40500
1361,Pakistan,1993,31.10060
1362,Pakistan,1994,-38.04520
1363,Pakistan,1995,21.95870
1364,Pakistan,1996,-5.54370
1365,Pakistan,1997,-12.16890
1366,Pakistan,1998,-22.17020
1367,Pakistan,1999,1.70240
1368,Pakistan,2000,7.15680
1369,Pakistan,2001,-7.69440
1370,Pakistan,2002,-8.81320
1371,Pakistan,2003,14.98410
1372,Pakistan,2004,-8.04320
1373,Pakistan,2005,-12.19580
1374,Pakistan,2006,-33.17770
1375,Pakistan,2007,4.30780
1376,Pakistan,2008,-7.09640
1377,Pakistan,2009,-19.57270
1378,Pakistan,2010,18.78800
1379,Pakistan,2011,-13.04900
1380,Pakistan,2012,-13.42430
1381,Pakistan,2013,-12.69710
1382,Pakistan,2014,6.49590
1383,Pakistan,2015,0.89550
1384,Pakistan,2016,0.00000
1385,Pakistan,2017,0.00000
1386,Uruguay,1990,0.00000
1387,Uruguay,1991,-6.49900
1388,Uruguay,1992,-6.47540
1389,Uruguay,1993,-6.45190
1390,Uruguay,1994,-6.42830
1391,Uruguay,1995,-6.40500
1392,Uruguay,1996,-6.38190
1393,Uruguay,1997,-6.35850
1394,Uruguay,1998,-6.33540
1395,Uruguay,1999,-14.66460
1396,Uruguay,2000,-17.92310
1397,Uruguay,2001,-31.30480
1398,Uruguay,2002,-36.89330
1399,Uruguay,2003,-23.07500
1400,Uruguay,2004,25.64430
1401,Uruguay,2005,-10.44690
1402,Uruguay,2006,-5.20540
1403,Uruguay,2007,-13.87780
1404,Uruguay,2008,14.98530
1405,Uruguay,2009,-28.52780
1406,Uruguay,2010,-4.93710
1407,Uruguay,2011,-4.52300
1408,Uruguay,2012,-14.05200
1409,Uruguay,2013,-5.65670
1410,Uruguay,2014,-3.20770
1411,Uruguay,2015,-10.65200
1412,Uruguay,2016,0.00000
1413,Uruguay,2017,0.00000
1414,Iceland,1964,0.00000
1415,Iceland,1965,-23.35180
1416,Iceland,1966,-12.34160
1417,Iceland,1967,-35.90060
1418,Iceland,1968,-47.24730
1419,Iceland,1969,-28.58600
1420,Iceland,1970,-17.48310
1421,Iceland,1971,-38.48960
1422,Iceland,1972,-33.10090
1423,Iceland,1973,-17.41620
1424,Iceland,1974,-24.74930
1425,Iceland,1975,-24.77980
1426,Iceland,1976,-27.53070
1427,Iceland,1977,-42.13630
1428,Iceland,1978,-38.58090
1429,Iceland,1979,-12.88900
1430,Iceland,1980,-10.09430
1431,Iceland,1981,-6.43410
1432,Iceland,1982,2.74150
1433,Iceland,1983,0.01370
1434,Iceland,1984,-1.84030
1435,Iceland,1985,-0.90880
1436,Iceland,1986,-7.32860
1437,Iceland,1987,-1.86660
1438,Iceland,1988,7.34650
1439,Iceland,1989,-4.55740
1440,Iceland,1990,-10.09620
1441,Iceland,1991,3.60660
1442,Iceland,1992,0.00000
1443,Iceland,1993,15.16380
1444,Iceland,1994,-28.64260
1445,Iceland,1995,-13.47890
1446,Iceland,1996,17.69110
1447,Iceland,1997,25.27280
1448,Iceland,1998,-19.37580
1449,Iceland,1999,-20.21830
1450,Iceland,2000,51.38810
1451,Iceland,2001,10.95150
1452,Iceland,2002,-34.53960
1453,Iceland,2003,-33.69710
1454,Iceland,2004,6.73950
1455,Iceland,2005,-8.42430
1456,Iceland,2006,-10.10910
1457,Iceland,2007,-21.90320
1458,Iceland,2008,1.68490
1459,Iceland,2009,-80.24810
1460,Iceland,2010,-6.50690
1461,Iceland,2011,5.75050
1462,Iceland,2012,-24.52000
1463,Iceland,2013,-1.92240
1464,Iceland,2014,-12.18030
1465,Iceland,2015,-0.46090
1466,Iceland,2016,-15.80340
1467,Iceland,2017,0.00000
1468,Luxembourg,1970,0.00000
1469,Luxembourg,1971,-3.51130
1470,Luxembourg,1972,-20.58220
1471,Luxembourg,1973,-29.26080
1472,Luxembourg,1974,-23.49880
1473,Luxembourg,1975,-27.62800
1474,Luxembourg,1976,16.46750
1475,Luxembourg,1977,-25.10310
1476,Luxembourg,1978,-17.60050
1477,Luxembourg,1979,-16.61000
1478,Luxembourg,1980,-16.20760
1479,Luxembourg,1981,-24.24940
1480,Luxembourg,1982,-17.64000
1481,Luxembourg,1983,-5.63040
1482,Luxembourg,1984,-13.58500
1483,Luxembourg,1985,13.66100
1484,Luxembourg,1986,-8.19800
1485,Luxembourg,1987,-1.82600
1486,Luxembourg,1988,20.04200
1487,Luxembourg,1989,-10.93190
1488,Luxembourg,1990,-0.00210
1489,Luxembourg,1991,-17.30490
1490,Luxembourg,1992,-20.94910
1491,Luxembourg,1993,6.37810
1492,Luxembourg,1994,-20.94300
1493,Luxembourg,1995,11.49190
1494,Luxembourg,1996,6.94800
1495,Luxembourg,1997,-1.52550
1496,Luxembourg,1998,-4.72340
1497,Luxembourg,1999,-1.55650
1498,Luxembourg,2000,10.45840
1499,Luxembourg,2001,-16.49550
1500,Luxembourg,2002,-5.03750
1501,Luxembourg,2003,-1.74920
1502,Luxembourg,2004,-1.05500
1503,Luxembourg,2005,-28.03590
1504,Luxembourg,2006,2.43310
1505,Luxembourg,2007,14.02040
1506,Luxembourg,2008,0.67310
1507,Luxembourg,2009,-50.49870
1508,Luxembourg,2010,0.02760
1509,Luxembourg,2011,-1.42870
1510,Luxembourg,2012,-6.98250
1511,Luxembourg,2013,-5.40580
1512,Luxembourg,2014,5.58020
1513,Luxembourg,2015,12.76770
1514,Luxembourg,2016,-1.51820
1515,Luxembourg,2017,-0.65310
1516,Romania,1995,0.00000
1517,Romania,1996,38.81810
1518,Romania,1997,-0.93960
1519,Romania,1998,-1.37460
1520,Romania,1999,-9.10460
1521,Romania,2000,2.95430
1522,Romania,2001,-0.51850
1523,Romania,2002,14.69560
1524,Romania,2003,-30.11620
1525,Romania,2004,8.90310
1526,Romania,2005,6.94910
1527,Romania,2006,16.37390
1528,Romania,2007,8.86400
1529,Romania,2008,0.27800
1530,Romania,2009,-10.57680
1531,Romania,2010,-7.18580
1532,Romania,2011,33.13430
1533,Romania,2012,-82.25690
1534,Romania,2013,-5.08590
1535,Romania,2014,-13.92330
1536,Romania,2015,-6.86250
1537,Romania,2016,7.11970
1538,Romania,2017,13.20900
1539,Vietnam,1970,0.00000
1540,Vietnam,1971,1.32350
1541,Vietnam,1972,1.42430
1542,Vietnam,1973,0.86260
1543,Vietnam,1974,1.25490
1544,Vietnam,1975,0.28320
1545,Vietnam,1976,1.27490
1546,Vietnam,1977,2.23040
1547,Vietnam,1978,0.55280
1548,Vietnam,1979,1.57610
1549,Vietnam,1980,1.81600
1550,Vietnam,1981,2.21770
1551,Vietnam,1982,1.36140
1552,Vietnam,1983,1.64550
1553,Vietnam,1984,2.19090
1554,Vietnam,1985,1.29830
1555,Vietnam,1986,-1.35010
1556,Vietnam,1987,3.32060
1557,Vietnam,1988,0.74830
1558,Vietnam,1989,0.64400
1559,Vietnam,1990,1.71170
1560,Vietnam,1991,1.28730
1561,Vietnam,1992,1.78450
1562,Vietnam,1993,0.69820
1563,Vietnam,1994,1.27350
1564,Vietnam,1995,0.21650
1565,Vietnam,1996,0.13790
1566,Vietnam,1997,-331.52310
1567,Vietnam,1998,45.08760
1568,Vietnam,1999,-0.29100
1569,Vietnam,2000,31.49090
1570,Vietnam,2001,-146.64030
1571,Vietnam,2002,-16.23120
1572,Vietnam,2003,24.12550
1573,Vietnam,2004,-47.39340
1574,Vietnam,2005,-15.78510
1575,Vietnam,2006,49.13430
1576,Vietnam,2007,0.34030
1577,Vietnam,2008,95.50100
1578,Vietnam,2009,68.67210
1579,Vietnam,2010,-105.33450
1580,Vietnam,2011,31.26320
1581,Vietnam,2012,-20.74220
1582,Vietnam,2013,-43.05270
1583,Vietnam,2014,-116.85260
1584,Vietnam,2015,18.95590
1585,Vietnam,2016,0.00000
1586,Vietnam,2017,0.00000
1587,Netherlands,1870,0.00000
1588,Netherlands,1880,-80.00000
1589,Netherlands,1890,-89.00000
1590,Netherlands,1900,-68.00000
1591,Netherlands,1913,-95.00000
1592,Netherlands,1929,-709.00000
1593,Netherlands,1938,48.00000
1594,Netherlands,1950,-287.00510
1595,Netherlands,1951,-14.65360
1596,Netherlands,1952,-14.54590
1597,Netherlands,1953,-14.43900
1598,Netherlands,1954,-14.33270
1599,Netherlands,1955,-14.22760
1600,Netherlands,1956,-14.12290
1601,Netherlands,1957,-14.01910
1602,Netherlands,1958,-13.91620
1603,Netherlands,1959,-13.81380
1604,Netherlands,1960,-13.71240
1605,Netherlands,1961,-1.66970
1606,Netherlands,1962,-1.66820
1607,Netherlands,1963,-1.66660
1608,Netherlands,1964,-1.66520
1609,Netherlands,1965,-1.66370
1610,Netherlands,1966,-1.66210
1611,Netherlands,1967,-1.66070
1612,Netherlands,1968,-1.65910
1613,Netherlands,1969,36.14820
1614,Netherlands,1970,-39.46210
1615,Netherlands,1971,-33.48590
1616,Netherlands,1972,-1.74810
1617,Netherlands,1973,-26.40500
1618,Netherlands,1974,-53.48200
1619,Netherlands,1975,-53.09500
1620,Netherlands,1976,-15.87410
1621,Netherlands,1977,-20.22590
1622,Netherlands,1978,-28.54600
1623,Netherlands,1979,-21.43200
1624,Netherlands,1980,-2.92800
1625,Netherlands,1981,-0.52510
1626,Netherlands,1982,-14.50300
1627,Netherlands,1983,-14.92200
1628,Netherlands,1984,-8.11790
1629,Netherlands,1985,-16.45110
1630,Netherlands,1986,-14.93700
1631,Netherlands,1987,-21.26190
1632,Netherlands,1988,-3.20710
1633,Netherlands,1989,-4.74690
1634,Netherlands,1990,-5.81700
1635,Netherlands,1991,-9.10000
1636,Netherlands,1992,6.40390
1637,Netherlands,1993,-10.31600
1638,Netherlands,1994,7.63210
1639,Netherlands,1995,10.74400
1640,Netherlands,1996,15.21930
1641,Netherlands,1997,-14.37950
1642,Netherlands,1998,-3.73290
1643,Netherlands,1999,-1.04960
1644,Netherlands,2000,-13.27160
1645,Netherlands,2001,-10.12350
1646,Netherlands,2002,-17.08340
1647,Netherlands,2003,-8.26030
1648,Netherlands,2004,20.97380
1649,Netherlands,2005,-13.95220
1650,Netherlands,2006,-3.11540
1651,Netherlands,2007,-0.71440
1652,Netherlands,2008,0.29850
1653,Netherlands,2009,-8.06760
1654,Netherlands,2010,-0.63550
1655,Netherlands,2011,1.10230
1656,Netherlands,2012,-9.30400
1657,Netherlands,2013,4.43000
1658,Netherlands,2014,11.30610
1659,Netherlands,2015,-4.95540
1660,Netherlands,2016,12.80880
1661,Netherlands,2017,-6.70610
1662,Bangladesh,1970,0.00000
1663,Bangladesh,1971,3.77390
1664,Bangladesh,1972,2.95290
1665,Bangladesh,1973,1.82250
1666,Bangladesh,1974,1.11670
1667,Bangladesh,1975,4.48000
1668,Bangladesh,1976,1.93870
1669,Bangladesh,1977,2.10280
1670,Bangladesh,1978,2.54390
1671,Bangladesh,1979,3.12090
1672,Bangladesh,1980,3.75190
1673,Bangladesh,1981,4.77250
1674,Bangladesh,1982,13.58890
1675,Bangladesh,1983,13.33490
1676,Bangladesh,1984,12.83990
1677,Bangladesh,1985,-31.68970
1678,Bangladesh,1986,-28.06940
1679,Bangladesh,1987,-17.32540
1680,Bangladesh,1988,-14.23750
1681,Bangladesh,1989,-11.34430
1682,Bangladesh,1990,81.12990
1683,Bangladesh,1991,82.13480
1684,Bangladesh,1992,-21.22930
1685,Bangladesh,1993,-20.08690
1686,Bangladesh,1994,-18.86910
1687,Bangladesh,1995,-17.61620
1688,Bangladesh,1996,-14.71150
1689,Bangladesh,1997,29.96560
1690,Bangladesh,1998,27.49930
1691,Bangladesh,1999,25.18020
1692,Bangladesh,2000,22.49480
1693,Bangladesh,2001,-87.18380
1694,Bangladesh,2002,-85.31320
1695,Bangladesh,2003,-83.76250
1696,Bangladesh,2004,100.95730
1697,Bangladesh,2005,99.51020
1698,Bangladesh,2006,98.64720
1699,Bangladesh,2007,-14.29540
1700,Bangladesh,2008,-6.04610
1701,Bangladesh,2009,1.71440
1702,Bangladesh,2010,9.14860
1703,Bangladesh,2011,61.61500
1704,Bangladesh,2012,-37.22870
1705,Bangladesh,2013,-43.11060
1706,Bangladesh,2014,0.44360
1707,Bangladesh,2015,0.48210
1708,Bangladesh,2016,0.00000
1709,Bangladesh,2017,0.00000
1710,Italy,1870,0.00000
1711,Italy,1880,8.00000
1712,Italy,1890,-2.00000
1713,Italy,1900,8.00000
1714,Italy,1913,-61.00000
1715,Italy,1929,-800.00000
1716,Italy,1938,9.00000
1717,Italy,1950,-54.74460
1718,Italy,1951,6.45260
1719,Italy,1952,6.47240
1720,Italy,1953,6.49220
1721,Italy,1954,6.51220
1722,Italy,1955,6.53200
1723,Italy,1956,6.55200
1724,Italy,1957,6.57230
1725,Italy,1958,6.59200
1726,Italy,1959,6.61260
1727,Italy,1960,6.63250
1728,Italy,1961,-16.74270
1729,Italy,1962,-49.26480
1730,Italy,1963,-14.79370
1731,Italy,1964,-6.15390
1732,Italy,1965,-57.80230
1733,Italy,1966,18.70360
1734,Italy,1967,24.52990
1735,Italy,1968,-6.46360
1736,Italy,1969,-1.12260
1737,Italy,1970,-21.33930
1738,Italy,1971,-52.47810
1739,Italy,1972,-18.86260
1740,Italy,1973,-16.24220
1741,Italy,1974,-30.57510
1742,Italy,1975,-15.52180
1743,Italy,1976,-2.09560
1744,Italy,1977,-34.84610
1745,Italy,1978,-10.04310
1746,Italy,1979,-6.53560
1747,Italy,1980,1.03650
1748,Italy,1981,6.25940
1749,Italy,1982,11.40850
1750,Italy,1983,-0.68660
1751,Italy,1984,-10.37330
1752,Italy,1985,-3.51440
1753,Italy,1986,8.40060
1754,Italy,1987,19.12320
1755,Italy,1988,3.71980
1756,Italy,1989,-15.83890
1757,Italy,1990,-10.72880
1758,Italy,1991,-6.96510
1759,Italy,1992,3.13310
1760,Italy,1993,-0.12220
1761,Italy,1994,-6.04780
1762,Italy,1995,2.25420
1763,Italy,1996,10.04040
1764,Italy,1997,-6.01420
1765,Italy,1998,13.67260
1766,Italy,1999,-3.42840
1767,Italy,2000,-19.55100
1768,Italy,2001,-13.04560
1769,Italy,2002,-11.16680
1770,Italy,2003,-10.79640
1771,Italy,2004,-0.45580
1772,Italy,2005,-3.28640
1773,Italy,2006,0.52710
1774,Italy,2007,5.57030
1775,Italy,2008,-11.12070
1776,Italy,2009,-31.37080
1777,Italy,2010,1.61260
1778,Italy,2011,-4.01720
1779,Italy,2012,-39.08180
1780,Italy,2013,-14.66730
1781,Italy,2014,-2.37020
1782,Italy,2015,0.85860
1783,Italy,2016,6.41950
1784,Italy,2017,-1.80400
1785,Israel,1981,0.00000
1786,Israel,1982,-24.27210
1787,Israel,1983,-13.14740
1788,Israel,1984,3.03410
1789,Israel,1985,0.00000
1790,Israel,1986,-5.05660
1791,Israel,1987,-6.06800
1792,Israel,1988,-42.47610
1793,Israel,1989,31.35130
1794,Israel,1990,-5.05660
1795,Israel,1991,-7.07940
1796,Israel,1992,53.60070
1797,Israel,1993,2.02270
1798,Israel,1994,40.45330
1799,Israel,1995,24.27210
1800,Israel,1996,17.92800
1801,Israel,1997,4.95860
1802,Israel,1998,-25.03850
1803,Israel,1999,7.87930
1804,Israel,2000,11.40360
1805,Israel,2001,-36.72730
1806,Israel,2002,17.53950
1807,Israel,2003,-18.67620
1808,Israel,2004,-23.58870
1809,Israel,2005,-8.19370
1810,Israel,2006,-13.37650
1811,Israel,2007,13.07560
1812,Israel,2008,-4.14440
1813,Israel,2009,1.37730
1814,Israel,2010,-5.76050
1815,Israel,2011,-9.45420
1816,Israel,2012,-27.90260
1817,Israel,2013,-10.34470
1818,Israel,2014,-14.49810
1819,Israel,2015,1.38980
1820,Israel,2016,25.15320
1821,Israel,2017,0.00000
1822,Sweden,1870,0.00000
1823,Sweden,1880,-249.00000
1824,Sweden,1890,-250.00000
1825,Sweden,1900,-192.00000
1826,Sweden,1913,0.00000
1827,Sweden,1929,-593.00000
1828,Sweden,1938,-21.00000
1829,Sweden,1950,-141.68920
1830,Sweden,1951,-8.88070
1831,Sweden,1952,0.00000
1832,Sweden,1953,-19.73530
1833,Sweden,1954,10.85440
1834,Sweden,1955,-10.85440
1835,Sweden,1956,-24.66900
1836,Sweden,1957,0.00000
1837,Sweden,1958,-31.57650
1838,Sweden,1959,-25.65570
1839,Sweden,1960,-4.93390
1840,Sweden,1961,1.97360
1841,Sweden,1962,-11.84110
1842,Sweden,1963,-5.92070
1843,Sweden,1964,-30.58960
1844,Sweden,1965,-10.85430
1845,Sweden,1966,-13.81460
1846,Sweden,1967,-30.58960
1847,Sweden,1968,-42.43080
1848,Sweden,1969,-22.69560
1849,Sweden,1970,0.00000
1850,Sweden,1971,-31.83390
1851,Sweden,1972,-39.54700
1852,Sweden,1973,-15.49600
1853,Sweden,1974,-18.75000
1854,Sweden,1975,-23.64600
1855,Sweden,1976,13.02100
1856,Sweden,1977,-29.98400
1857,Sweden,1978,-37.72300
1858,Sweden,1979,-9.27510
1859,Sweden,1980,2.94410
1860,Sweden,1981,-8.39600
1861,Sweden,1982,14.13100
1862,Sweden,1983,9.29700
1863,Sweden,1984,2.17800
1864,Sweden,1985,4.03700
1865,Sweden,1986,-1.98200
1866,Sweden,1987,10.11800
1867,Sweden,1988,19.57000
1868,Sweden,1989,-1.14800
1869,Sweden,1990,-3.67500
1870,Sweden,1991,-13.26500
1871,Sweden,1992,17.60810
1872,Sweden,1993,31.71890
1873,Sweden,1994,38.22280
1874,Sweden,1995,5.12290
1875,Sweden,1996,12.69610
1876,Sweden,1997,4.92810
1877,Sweden,1998,-1.65000
1878,Sweden,1999,8.49260
1879,Sweden,2000,-22.72910
1880,Sweden,2001,-23.87520
1881,Sweden,2002,-23.33340
1882,Sweden,2003,-13.31070
1883,Sweden,2004,23.94730
1884,Sweden,2005,-0.44690
1885,Sweden,2006,-5.93640
1886,Sweden,2007,12.36830
1887,Sweden,2008,5.36900
1888,Sweden,2009,-7.71700
1889,Sweden,2010,25.85930
1890,Sweden,2011,-2.48980
1891,Sweden,2012,-14.14160
1892,Sweden,2013,-9.65710
1893,Sweden,2014,0.70460
1894,Sweden,2015,0.64910
1895,Sweden,2016,16.38710
1896,Sweden,2017,-17.16950
1897,New Zealand,1970,0.00000
1898,New Zealand,1971,-3.97800
1899,New Zealand,1972,-3.77340
1900,New Zealand,1973,-3.78180
1901,New Zealand,1974,-3.78200
1902,New Zealand,1975,-3.77550
1903,New Zealand,1976,-3.77090
1904,New Zealand,1977,-3.76170
1905,New Zealand,1978,-3.70180
1906,New Zealand,1979,-4.03260
1907,New Zealand,1980,-1.88490
1908,New Zealand,1981,-3.16210
1909,New Zealand,1982,-14.44650
1910,New Zealand,1983,-2.32100
1911,New Zealand,1984,8.39270
1912,New Zealand,1985,-15.68250
1913,New Zealand,1986,-3.23210
1914,New Zealand,1987,4.00000
1915,New Zealand,1988,-9.00000
1916,New Zealand,1989,-9.00000
1917,New Zealand,1990,-11.00000
1918,New Zealand,1991,-17.00000
1919,New Zealand,1992,7.00000
1920,New Zealand,1993,54.00000
1921,New Zealand,1994,-5.00000
1922,New Zealand,1995,-7.00000
1923,New Zealand,1996,-7.00000
1924,New Zealand,1997,-8.00000
1925,New Zealand,1998,3.00000
1926,New Zealand,1999,16.00000
1927,New Zealand,2000,-9.00000
1928,New Zealand,2001,-11.00000
1929,New Zealand,2002,1.00000
1930,New Zealand,2003,-3.00000
1931,New Zealand,2004,7.00000
1932,New Zealand,2005,-15.00000
1933,New Zealand,2006,-20.00000
1934,New Zealand,2007,-21.00000
1935,New Zealand,2008,-13.00000
1936,New Zealand,2009,-21.00000
1937,New Zealand,2010,15.00000
1938,New Zealand,2011,-9.00000
1939,New Zealand,2012,-12.00000
1940,New Zealand,2013,18.00000
1941,New Zealand,2014,10.00000
1942,New Zealand,2015,-5.00000
1943,New Zealand,2016,-5.00000
1944,New Zealand,2017,0.00000
1945,Canada,1870,0.00000
1946,Canada,1880,89.00000
1947,Canada,1890,83.00000
1948,Canada,1900,85.00000
1949,Canada,1913,-234.00000
1950,Canada,1929,-514.00000
1951,Canada,1938,-142.00000
1952,Canada,1950,-2.76590
1953,Canada,1951,-15.05050
1954,Canada,1952,-12.24410
1955,Canada,1953,-1.41120
1956,Canada,1954,-7.92450
1957,Canada,1955,-17.94730
1958,Canada,1956,-12.37740
1959,Canada,1957,-19.29740
1960,Canada,1958,-15.36650
1961,Canada,1959,-3.18090
1962,Canada,1960,-13.62840
1963,Canada,1961,-24.31050
1964,Canada,1962,-1.45050
1965,Canada,1963,-14.68720
1966,Canada,1964,-11.24930
1967,Canada,1965,-17.89380
1968,Canada,1966,-26.10030
1969,Canada,1967,-9.51620
1970,Canada,1968,-24.12040
1971,Canada,1969,-19.00930
1972,Canada,1970,-17.46840
1973,Canada,1971,-13.00000
1974,Canada,1972,-8.00000
1975,Canada,1973,-6.00000
1976,Canada,1974,-7.00000
1977,Canada,1975,-19.00000
1978,Canada,1976,-10.00000
1979,Canada,1977,-28.00000
1980,Canada,1978,2.00000
1981,Canada,1979,5.00000
1982,Canada,1980,-14.00000
1983,Canada,1981,-15.00000
1984,Canada,1982,-23.00000
1985,Canada,1983,-10.00000
1986,Canada,1984,10.00000
1987,Canada,1985,6.00000
1988,Canada,1986,2.00000
1989,Canada,1987,10.00000
1990,Canada,1988,1.00000
1991,Canada,1989,-6.00000
1992,Canada,1990,-5.00000
1993,Canada,1991,-22.00000
1994,Canada,1992,-3.00000
1995,Canada,1993,-3.00000
1996,Canada,1994,9.00000
1997,Canada,1995,-3.00000
1998,Canada,1996,15.00000
1999,Canada,1997,-4.69930
2000,Canada,1998,-3.17700
2001,Canada,1999,-0.10010
2002,Canada,2000,-3.40890
2003,Canada,2001,-7.53140
2004,Canada,2002,-17.50660
2005,Canada,2003,-7.55120
2006,Canada,2004,13.05780
2007,Canada,2005,-12.48250
2008,Canada,2006,-1.71020
2009,Canada,2007,-3.62560
2010,Canada,2008,-6.45010
2011,Canada,2009,-33.75780
2012,Canada,2010,1.97000
2013,Canada,2011,-3.42000
2014,Canada,2012,12.93540
2015,Canada,2013,-5.12950
2016,Canada,2014,-3.76240
2017,Canada,2015,3.42240
2018,Canada,2016,-4.10570
2019,Canada,2017,-6.50490
2020,Colombia,1950,0.00000
2021,Colombia,1951,-10.72000
2022,Colombia,1952,-10.67040
2023,Colombia,1953,-10.62110
2024,Colombia,1954,-10.57220
2025,Colombia,1955,-10.52320
2026,Colombia,1956,-10.47490
2027,Colombia,1957,-10.42650
2028,Colombia,1958,-10.37840
2029,Colombia,1959,-10.33060
2030,Colombia,1960,-10.28270
2031,Colombia,1961,-4.84740
2032,Colombia,1962,-4.83670
2033,Colombia,1963,-4.82640
2034,Colombia,1964,-4.81570
2035,Colombia,1965,-4.80510
2036,Colombia,1966,-4.79470
2037,Colombia,1967,-4.78420
2038,Colombia,1968,-4.77370
2039,Colombia,1969,-4.76320
2040,Colombia,1970,-4.75290
2041,Colombia,1971,-9.71000
2042,Colombia,1972,-9.66670
2043,Colombia,1973,-9.62330
2044,Colombia,1974,-9.70240
2045,Colombia,1975,-9.65820
2046,Colombia,1976,-9.61470
2047,Colombia,1977,-9.57110
2048,Colombia,1978,-9.52760
2049,Colombia,1979,-9.48460
2050,Colombia,1980,-9.44140
2051,Colombia,1981,-10.77690
2052,Colombia,1982,-10.72090
2053,Colombia,1983,-10.66500
2054,Colombia,1984,-10.60980
2055,Colombia,1985,-10.55450
2056,Colombia,1986,-10.49980
2057,Colombia,1987,-10.44520
2058,Colombia,1988,-10.39100
2059,Colombia,1989,-10.33690
2060,Colombia,1990,-10.00000
2061,Colombia,1991,-10.02550
2062,Colombia,1992,-9.97450
2063,Colombia,1993,12.95690
2064,Colombia,1994,13.04310
2065,Colombia,1995,-4.76720
2066,Colombia,1996,-4.75570
2067,Colombia,1997,-4.74430
2068,Colombia,1998,-4.73280
2069,Colombia,1999,0.00000
2070,Colombia,2000,0.00000
2071,Colombia,2001,0.00000
2072,Colombia,2002,76.28860
2073,Colombia,2003,-16.03980
2074,Colombia,2004,-11.99250
2075,Colombia,2005,9.67240
2076,Colombia,2006,22.09450
2077,Colombia,2007,22.33690
2078,Colombia,2008,22.58180
2079,Colombia,2009,-31.37720
2080,Colombia,2010,-10.49940
2081,Colombia,2011,1.10770
2082,Colombia,2012,-19.11600
2083,Colombia,2013,-20.39760
2084,Colombia,2014,-8.68480
2085,Colombia,2015,5.77340
2086,Colombia,2016,0.00000
2087,Colombia,2017,0.00000
2088,Greece,1951,0.00000
2089,Greece,1952,-9.56330
2090,Greece,1953,-9.52340
2091,Greece,1954,-9.48440
2092,Greece,1955,-9.44500
2093,Greece,1956,-9.40600
2094,Greece,1957,-9.36720
2095,Greece,1958,-9.32820
2096,Greece,1959,-9.28980
2097,Greece,1960,-9.25140
2098,Greece,1961,-9.90190
2099,Greece,1962,-9.85790
2100,Greece,1963,-9.81400
2101,Greece,1964,-9.77050
2102,Greece,1965,-9.72680
2103,Greece,1966,-9.68380
2104,Greece,1967,-9.64090
2105,Greece,1968,-9.59760
2106,Greece,1969,-9.55540
2107,Greece,1970,-41.70100
2108,Greece,1971,0.96190
2109,Greece,1972,1.48880
2110,Greece,1973,1.45240
2111,Greece,1974,1.41380
2112,Greece,1975,1.37360
2113,Greece,1976,1.33200
2114,Greece,1977,1.28900
2115,Greece,1978,1.65560
2116,Greece,1979,1.43940
2117,Greece,1980,0.64990
2118,Greece,1981,0.08470
2119,Greece,1982,-0.38940
2120,Greece,1983,-2.52830
2121,Greece,1984,-0.37060
2122,Greece,1985,-1.02640
2123,Greece,1986,0.34330
2124,Greece,1987,2.25880
2125,Greece,1988,-2.81640
2126,Greece,1989,2.04910
2127,Greece,1990,2.31880
2128,Greece,1991,1.26810
2129,Greece,1992,-0.02200
2130,Greece,1993,-0.72510
2131,Greece,1994,-1.94510
2132,Greece,1995,0.50760
2133,Greece,1996,-1.30590
2134,Greece,1997,-1.45560
2135,Greece,1998,0.48950
2136,Greece,1999,-3.58200
2137,Greece,2000,2.78610
2138,Greece,2001,-6.50800
2139,Greece,2002,-7.91530
2140,Greece,2003,-1.73630
2141,Greece,2004,-8.92700
2142,Greece,2005,53.68720
2143,Greece,2006,-10.90260
2144,Greece,2007,-14.34790
2145,Greece,2008,-4.72850
2146,Greece,2009,-25.04830
2147,Greece,2010,-61.64090
2148,Greece,2011,18.12950
2149,Greece,2012,17.67370
2150,Greece,2013,3.84600
2151,Greece,2014,-38.33840
2152,Greece,2015,10.25890
2153,Greece,2016,-1.05000
2154,Greece,2017,-13.19510
2155,Sri Lanka,1970,0.00000
2156,Sri Lanka,1971,-0.37090
2157,Sri Lanka,1972,-0.01880
2158,Sri Lanka,1973,0.11530
2159,Sri Lanka,1974,0.17710
2160,Sri Lanka,1975,0.18010
2161,Sri Lanka,1976,-0.14300
2162,Sri Lanka,1977,55.13270
2163,Sri Lanka,1978,4.07920
2164,Sri Lanka,1979,4.15440
2165,Sri Lanka,1980,4.24280
2166,Sri Lanka,1981,7.86830
2167,Sri Lanka,1982,3.28360
2168,Sri Lanka,1983,13.38940
2169,Sri Lanka,1984,-20.08410
2170,Sri Lanka,1985,-72.85390
2171,Sri Lanka,1986,63.00880
2172,Sri Lanka,1987,5.95210
2173,Sri Lanka,1988,5.94130
2174,Sri Lanka,1989,6.06220
2175,Sri Lanka,1990,6.26750
2176,Sri Lanka,1991,17.30550
2177,Sri Lanka,1992,3.67590
2178,Sri Lanka,1993,15.80200
2179,Sri Lanka,1994,-55.66070
2180,Sri Lanka,1995,-18.28330
2181,Sri Lanka,1996,-6.53580
2182,Sri Lanka,1997,-42.08880
2183,Sri Lanka,1998,15.62790
2184,Sri Lanka,1999,22.30590
2185,Sri Lanka,2000,67.94590
2186,Sri Lanka,2001,-25.07930
2187,Sri Lanka,2002,-163.45880
2188,Sri Lanka,2003,-78.33020
2189,Sri Lanka,2004,122.42630
2190,Sri Lanka,2005,31.39490
2191,Sri Lanka,2006,-52.26290
2192,Sri Lanka,2007,25.86840
2193,Sri Lanka,2008,-37.30700
2194,Sri Lanka,2009,-13.36230
2195,Sri Lanka,2010,61.70740
2196,Sri Lanka,2011,121.20760
2197,Sri Lanka,2012,59.39550
2198,Sri Lanka,2013,-156.48010
2199,Sri Lanka,2014,29.78700
2200,Sri Lanka,2015,-2.31070
2201,Sri Lanka,2016,0.00000
2202,Sri Lanka,2017,0.00000
2203,Switzerland,1870,0.00000
2204,Switzerland,1880,-112.00000
2205,Switzerland,1890,-158.00000
2206,Switzerland,1900,-91.00000
2207,Switzerland,1913,-130.00000
2208,Switzerland,1929,-423.00000
2209,Switzerland,1938,-196.00000
2210,Switzerland,1950,-45.00480
2211,Switzerland,1951,-7.64440
2212,Switzerland,1952,-7.61570
2213,Switzerland,1953,-7.58720
2214,Switzerland,1954,-7.55880
2215,Switzerland,1955,-7.53040
2216,Switzerland,1956,-7.50230
2217,Switzerland,1957,-7.47410
2218,Switzerland,1958,-7.44610
2219,Switzerland,1959,-7.41820
2220,Switzerland,1960,-7.39050
2221,Switzerland,1961,2.80760
2222,Switzerland,1962,2.81170
2223,Switzerland,1963,2.81550
2224,Switzerland,1964,2.81970
2225,Switzerland,1965,2.82360
2226,Switzerland,1966,2.82780
2227,Switzerland,1967,2.83180
2228,Switzerland,1968,2.83580
2229,Switzerland,1969,2.83980
2230,Switzerland,1970,2.84390
2231,Switzerland,1971,-10.30600
2232,Switzerland,1972,-24.31340
2233,Switzerland,1973,-26.79880
2234,Switzerland,1974,-28.84410
2235,Switzerland,1975,-8.78240
2236,Switzerland,1976,-3.12440
2237,Switzerland,1977,-27.42980
2238,Switzerland,1978,-14.44720
2239,Switzerland,1979,-12.66230
2240,Switzerland,1980,-14.53670
2241,Switzerland,1981,-19.31650
2242,Switzerland,1982,-11.10200
2243,Switzerland,1983,-14.75310
2244,Switzerland,1984,-19.09740
2245,Switzerland,1985,-6.24170
2246,Switzerland,1986,-8.57680
2247,Switzerland,1987,-1.26970
2248,Switzerland,1988,-0.52740
2249,Switzerland,1989,-15.16590
2250,Switzerland,1990,-9.56830
2251,Switzerland,1991,-2.44550
2252,Switzerland,1992,9.41490
2253,Switzerland,1993,-3.69980
2254,Switzerland,1994,21.82090
2255,Switzerland,1995,-21.04510
2256,Switzerland,1996,-23.39430
2257,Switzerland,1997,-9.41830
2258,Switzerland,1998,8.08090
2259,Switzerland,1999,21.86650
2260,Switzerland,2000,-4.65800
2261,Switzerland,2001,-39.89230
2262,Switzerland,2002,-21.59240
2263,Switzerland,2003,13.28220
2264,Switzerland,2004,30.41270
2265,Switzerland,2005,-4.98300
2266,Switzerland,2006,-10.73180
2267,Switzerland,2007,-10.36840
2268,Switzerland,2008,-9.41100
2269,Switzerland,2009,-8.68020
2270,Switzerland,2010,-26.43240
2271,Switzerland,2011,-5.02950
2272,Switzerland,2012,-16.08560
2273,Switzerland,2013,-20.33900
2274,Switzerland,2014,-7.57080
2275,Switzerland,2015,14.15360
2276,Switzerland,2016,0.20070
2277,Switzerland,2017,0.00000
2278,Turkey,1970,0.00000
2279,Turkey,1971,-9.00000
2280,Turkey,1972,-8.00000
2281,Turkey,1973,-9.00000
2282,Turkey,1974,-16.00000
2283,Turkey,1975,-16.00000
2284,Turkey,1976,-16.00000
2285,Turkey,1977,-16.00000
2286,Turkey,1978,-16.00000
2287,Turkey,1979,-16.00000
2288,Turkey,1980,-7.00000
2289,Turkey,1981,-7.00000
2290,Turkey,1982,-7.00000
2291,Turkey,1983,-8.00000
2292,Turkey,1984,-64.00000
2293,Turkey,1985,27.00000
2294,Turkey,1986,-15.00000
2295,Turkey,1987,-39.00000
2296,Turkey,1988,-7.00000
2297,Turkey,1989,30.00000
2298,Turkey,1990,-1.00000
2299,Turkey,1991,4.00000
2300,Turkey,1992,27.00000
2301,Turkey,1993,20.00000
2302,Turkey,1994,-31.00000
2303,Turkey,1995,-10.00000
2304,Turkey,1996,16.00000
2305,Turkey,1997,-14.00000
2306,Turkey,1998,6.00000
2307,Turkey,1999,41.00000
2308,Turkey,2000,12.00000
2309,Turkey,2001,5.00000
2310,Turkey,2002,1.00000
2311,Turkey,2003,0.00000
2312,Turkey,2004,-25.00000
2313,Turkey,2005,18.00000
2314,Turkey,2006,8.00000
2315,Turkey,2007,-33.00000
2316,Turkey,2008,-11.00000
2317,Turkey,2009,-19.00000
2318,Turkey,2010,-4.00000
2319,Turkey,2011,-13.00000
2320,Turkey,2012,-9.00000
2321,Turkey,2013,-23.00000
2322,Turkey,2014,0.00000
2323,Turkey,2015,0.00000
2324,Turkey,2016,0.00000
2325,Turkey,2017,0.00000
2326,Jamaica,1986,0.00000
2327,Jamaica,1987,28.85020
2328,Jamaica,1988,21.32210
2329,Jamaica,1989,57.91390
2330,Jamaica,1990,-34.68800
2331,Jamaica,1991,9.75220
2332,Jamaica,1992,15.47750
2333,Jamaica,1993,-12.31980
2334,Jamaica,1994,7.74550
2335,Jamaica,1995,-10.35320
2336,Jamaica,1996,20.73980
2337,Jamaica,1997,-5.31740
2338,Jamaica,1998,35.26330
2339,Jamaica,1999,-15.76040
2340,Jamaica,2000,-20.00110
2341,Jamaica,2001,7.18760
2342,Jamaica,2002,-5.07040
2343,Myanmar,1970,0.00000
2344,Myanmar,1971,-0.20850
2345,Myanmar,1972,-0.20210
2346,Myanmar,1973,-0.20190
2347,Myanmar,1974,-0.71660
2348,Myanmar,1975,-0.72580
2349,Myanmar,1976,-0.79220
2350,Myanmar,1977,-0.75520
2351,Myanmar,1978,-0.71700
2352,Myanmar,1979,-0.67970
2353,Myanmar,1980,-0.64700
2354,Myanmar,1981,-1.01140
2355,Myanmar,1982,-0.96410
2356,Myanmar,1983,-0.92530
2357,Myanmar,1984,0.71040
2358,Myanmar,1985,0.78000
2359,Myanmar,1986,1.00610
2360,Myanmar,1987,1.03840
2361,Myanmar,1988,1.06590
2362,Myanmar,1989,1.08940
2363,Myanmar,1990,1.10810
2364,Myanmar,1991,0.47610
2365,Myanmar,1992,-0.59960
2366,Myanmar,1993,-0.63970
2367,Myanmar,1994,-0.68670
2368,Myanmar,1995,-0.73930
2369,Myanmar,1996,-0.30180
2370,Myanmar,1997,-0.37500
2371,Myanmar,1998,-0.42380
2372,Myanmar,1999,-0.45170
2373,Myanmar,2000,-0.46850
2374,Myanmar,2001,-0.39600
2375,Myanmar,2002,-0.39380
2376,Myanmar,2003,-0.39640
2377,Myanmar,2004,-0.40600
2378,Myanmar,2005,-0.42190
2379,Myanmar,2006,-0.54660
2380,Myanmar,2007,-0.59770
2381,Myanmar,2008,-0.66550
2382,Myanmar,2009,-0.75910
2383,Myanmar,2010,-0.89600
2384,Myanmar,2011,-0.35200
2385,Myanmar,2012,-0.37210
2386,Myanmar,2013,-0.41580
2387,Myanmar,2014,-0.50070
2388,Myanmar,2015,-0.29440
2389,Myanmar,2016,0.00000
2390,Myanmar,2017,0.00000
2391,China,1970,0.00000
2392,China,1971,-0.51830
2393,China,1972,-0.28600
2394,China,1973,-0.14300
2395,China,1974,-0.17500
2396,China,1975,-0.29220
2397,China,1976,-0.69000
2398,China,1977,-0.77220
2399,China,1978,-0.70790
2400,China,1979,-0.62360
2401,China,1980,-0.60710
2402,China,1981,-0.39510
2403,China,1982,-0.39530
2404,China,1983,-0.51360
2405,China,1984,-0.46980
2406,China,1985,-0.33240
2407,China,1986,1.05120
2408,China,1987,1.02160
2409,China,1988,1.21310
2410,China,1989,1.31090
2411,China,1990,1.36670
2412,China,1991,1.52600
2413,China,1992,1.54410
2414,China,1993,3.22570
2415,China,1994,7.65430
2416,China,1995,12.52990
2417,China,1996,15.43530
2418,China,1997,20.09970
2419,China,1998,24.68500
2420,China,1999,20.01190
2421,China,2000,8.40940
2422,China,2001,13.03740
2423,China,2002,14.68700
2424,China,2003,19.88310
2425,China,2004,29.81340
2426,China,2005,24.45830
2427,China,2006,-9.29810
2428,China,2007,-30.40260
2429,China,2008,-21.06790
2430,China,2009,7.26130
2431,China,2010,33.86320
2432,China,2011,6.06040
2433,China,2012,5.45990
2434,China,2013,-5.98970
2435,China,2014,-0.07770
2436,China,2015,-3.81320
2437,China,2016,0.00000
2438,China,2017,0.00000
2439,India,1970,0.00000
2440,India,1971,-0.24560
2441,India,1972,-0.52490
2442,India,1973,-1.73120
2443,India,1974,-2.46340
2444,India,1975,-2.40920
2445,India,1976,-2.79660
2446,India,1977,-1.78030
2447,India,1978,-0.96190
2448,India,1979,-0.19310
2449,India,1980,-0.19680
2450,India,1981,-0.40480
2451,India,1982,0.53010
2452,India,1983,0.96730
2453,India,1984,1.58790
2454,India,1985,1.89940
2455,India,1986,1.97020
2456,India,1987,1.69260
2457,India,1988,2.80690
2458,India,1989,3.05470
2459,India,1990,0.34740
2460,India,1991,0.82470
2461,India,1992,-2.39380
2462,India,1993,-1.04100
2463,India,1994,-0.18210
2464,India,1995,1.40990
2465,India,1996,2.73310
2466,India,1997,-0.44770
2467,India,1998,1.35860
2468,India,1999,1.95260
2469,India,2000,3.93460
2470,India,2001,0.14430
2471,India,2002,2.12090
2472,India,2003,3.10220
2473,India,2004,3.78250
2474,India,2005,1.13770
2475,India,2006,0.18040
2476,India,2007,1.02490
2477,India,2008,1.51180
2478,India,2009,3.90300
2479,India,2010,6.85650
2480,India,2011,3.23190
2481,India,2012,2.08570
2482,India,2013,1.39280
2483,India,2014,0.98510
2484,India,2015,-1.07640
2485,India,2016,0.00000
2486,India,2017,0.00000
2487,Brazil,1950,0.00000
2488,Brazil,1951,9.01860
2489,Brazil,1952,9.05850
2490,Brazil,1953,9.09840
2491,Brazil,1954,9.13870
2492,Brazil,1955,9.17900
2493,Brazil,1956,9.21970
2494,Brazil,1957,9.26020
2495,Brazil,1958,9.30110
2496,Brazil,1959,9.34230
2497,Brazil,1960,9.38350
2498,Brazil,1961,1.09740
2499,Brazil,1962,1.09820
2500,Brazil,1963,1.09830
2501,Brazil,1964,1.09940
2502,Brazil,1965,1.09960
2503,Brazil,1966,1.10040
2504,Brazil,1967,1.10080
2505,Brazil,1968,1.10130
2506,Brazil,1969,1.10210
2507,Brazil,1970,1.10250
2508,Brazil,1971,-16.45920
2509,Brazil,1972,-16.33300
2510,Brazil,1973,-16.20780
2511,Brazil,1974,-16.22920
2512,Brazil,1975,-16.10380
2513,Brazil,1976,-15.97890
2514,Brazil,1977,-15.85520
2515,Brazil,1978,-15.73240
2516,Brazil,1979,-15.61080
2517,Brazil,1980,-15.48970
2518,Brazil,1981,-10.90320
2519,Brazil,1982,-10.84330
2520,Brazil,1983,-10.78370
2521,Brazil,1984,-10.72440
2522,Brazil,1985,-10.66570
2523,Brazil,1986,-10.60690
2524,Brazil,1987,-10.54880
2525,Brazil,1988,-10.49080
2526,Brazil,1989,-10.43320
2527,Brazil,1990,-10.00000
2528,Brazil,1991,-10.52950
2529,Brazil,1992,-10.47050
2530,Brazil,1993,0.99980
2531,Brazil,1994,1.00020
2532,Brazil,1995,-4.76830
2533,Brazil,1996,-4.75610
2534,Brazil,1997,-4.74390
2535,Brazil,1998,-4.73170
2536,Brazil,1999,-27.15720
2537,Brazil,2000,24.08420
2538,Brazil,2001,-9.60060
2539,Brazil,2002,-9.60070
2540,Brazil,2003,-7.54320
2541,Brazil,2004,-8.05640
2542,Brazil,2005,-19.99490
2543,Brazil,2006,-4.41890
2544,Brazil,2007,2.97900
2545,Brazil,2008,2.97900
2546,Brazil,2009,-5.33500
2547,Brazil,2010,0.24380
2548,Brazil,2011,-6.40450
2549,Brazil,2012,-6.40460
2550,Brazil,2013,-11.13770
2551,Brazil,2014,-16.15760
2552,Brazil,2015,-29.98910
2553,Brazil,2016,0.00000
2554,Brazil,2017,0.00000
2555,Slovenia,1995,0.00000
2556,Slovenia,1996,-27.90560
2557,Slovenia,1997,-12.69450
2558,Slovenia,1998,13.17070
2559,Slovenia,1999,1.72470
2560,Slovenia,2000,-19.59520
2561,Slovenia,2001,-14.20760
2562,Slovenia,2002,24.62850
2563,Slovenia,2003,3.30700
2564,Slovenia,2004,12.74520
2565,Slovenia,2005,-39.96680
2566,Slovenia,2006,-29.15270
2567,Slovenia,2007,-12.51120
2568,Slovenia,2008,18.70700
2569,Slovenia,2009,5.10400
2570,Slovenia,2010,1.38970
2571,Slovenia,2011,-16.97670
2572,Slovenia,2012,-18.57310
2573,Slovenia,2013,17.81480
2574,Slovenia,2014,19.49960
2575,Slovenia,2015,5.95250
2576,Slovenia,2016,-20.93720
2577,Slovenia,2017,-11.83120
2578,Croatia,1995,0.00000
2579,Croatia,1996,-0.01480
2580,Croatia,1997,0.06190
2581,Croatia,1998,-0.09120
2582,Croatia,1999,-0.00330
2583,Croatia,2000,-1.56310
2584,Croatia,2001,1.29120
2585,Croatia,2002,0.27350
2586,Croatia,2003,1.08100
2587,Croatia,2004,1.83850
2588,Croatia,2005,-0.06840
2589,Croatia,2006,2.12790
2590,Croatia,2007,2.02800
2591,Croatia,2008,1.55460
2592,Croatia,2009,-3.33290
2593,Croatia,2010,14.10540
2594,Croatia,2011,-2.72340
2595,Croatia,2012,-16.96190
2596,Croatia,2013,-13.82920
2597,Croatia,2014,-17.88200
2598,Croatia,2015,-63.95210
2599,Croatia,2016,7.28170
2600,Croatia,2017,0.00000
2601,Slovakia,1990,0.00000
2602,Slovakia,1991,0.08880
2603,Slovakia,1992,-0.05930
2604,Slovakia,1993,0.12830
2605,Slovakia,1994,-0.37500
2606,Slovakia,1995,25.62000
2607,Slovakia,1996,-33.41610
2608,Slovakia,1997,10.36570
2609,Slovakia,1998,-8.13720
2610,Slovakia,1999,-5.62010
2611,Slovakia,2000,-0.63450
2612,Slovakia,2001,-14.87050
2613,Slovakia,2002,-46.66160
2614,Slovakia,2003,-56.50890
2615,Slovakia,2004,44.42930
2616,Slovakia,2005,27.49350
2617,Slovakia,2006,4.96610
2618,Slovakia,2007,16.74700
2619,Slovakia,2008,2.15590
2620,Slovakia,2009,-13.01860
2621,Slovakia,2010,24.81180
2622,Slovakia,2011,-12.13740
2623,Slovakia,2012,-3.97020
2624,Slovakia,2013,-17.42840
2625,Slovakia,2014,-12.00090
2626,Slovakia,2015,-5.52690
2627,Slovakia,2016,-14.07560
2628,Slovakia,2017,5.22000
2629,Bulgaria,1995,0.00000
2630,Bulgaria,1996,-2.47150
2631,Bulgaria,1997,-1.33510
2632,Bulgaria,1998,-56.88640
2633,Bulgaria,1999,19.51890
2634,Bulgaria,2000,-29.24610
2635,Bulgaria,2001,11.60510
2636,Bulgaria,2002,-0.59950
2637,Bulgaria,2003,-10.74830
2638,Bulgaria,2004,23.17760
2639,Bulgaria,2005,-5.04230
2640,Bulgaria,2006,-4.54370
2641,Bulgaria,2007,0.41870
2642,Bulgaria,2008,39.07450
2643,Bulgaria,2009,-47.32060
2644,Bulgaria,2010,-1.43740
2645,Bulgaria,2011,-1.24510
2646,Bulgaria,2012,0.85700
2647,Bulgaria,2013,0.52970
2648,Bulgaria,2014,-0.92050
2649,Bulgaria,2015,0.32630
2650,Bulgaria,2016,-0.83780
2651,Bulgaria,2017,0.00000
2652,Portugal,1950,0.00000
2653,Portugal,1951,-15.24530
2654,Portugal,1952,-15.14870
2655,Portugal,1953,-15.05250
2656,Portugal,1954,-14.95650
2657,Portugal,1955,-14.86190
2658,Portugal,1956,-14.76730
2659,Portugal,1957,-14.67330
2660,Portugal,1958,-14.58010
2661,Portugal,1959,-14.48780
2662,Portugal,1960,-14.39550
2663,Portugal,1961,-12.39870
2664,Portugal,1962,-12.33060
2665,Portugal,1963,-12.26270
2666,Portugal,1964,-12.19500
2667,Portugal,1965,-12.12800
2668,Portugal,1966,-12.06100
2669,Portugal,1967,-11.99460
2670,Portugal,1968,-11.92870
2671,Portugal,1969,-11.86310
2672,Portugal,1970,-44.81050
2673,Portugal,1971,-0.24200
2674,Portugal,1972,-0.39620
2675,Portugal,1973,-1.35330
2676,Portugal,1974,9.79500
2677,Portugal,1975,0.13500
2678,Portugal,1976,-4.34700
2679,Portugal,1977,0.93140
2680,Portugal,1978,-14.60180
2681,Portugal,1979,-14.97430
2682,Portugal,1980,-18.75300
2683,Portugal,1981,-17.30340
2684,Portugal,1982,-20.04540
2685,Portugal,1983,-17.95590
2686,Portugal,1984,-16.96420
2687,Portugal,1985,-14.38260
2688,Portugal,1986,-12.37680
2689,Portugal,1987,15.31870
2690,Portugal,1988,-19.83910
2691,Portugal,1989,28.40620
2692,Portugal,1990,-10.44510
2693,Portugal,1991,-79.05680
2694,Portugal,1992,-16.84860
2695,Portugal,1993,-12.56540
2696,Portugal,1994,-4.32250
2697,Portugal,1995,38.30090
2698,Portugal,1996,1.02010
2699,Portugal,1997,-4.79390
2700,Portugal,1998,15.68010
2701,Portugal,1999,1.77920
2702,Portugal,2000,9.72230
2703,Portugal,2001,-16.35650
2704,Portugal,2002,-6.86010
2705,Portugal,2003,-6.95580
2706,Portugal,2004,6.17300
2707,Portugal,2005,2.04320
2708,Portugal,2006,-11.87020
2709,Portugal,2007,17.00130
2710,Portugal,2008,-13.09290
2711,Portugal,2009,0.20420
2712,Portugal,2010,2.66170
2713,Portugal,2011,-23.17610
2714,Portugal,2012,-17.53220
2715,Portugal,2013,10.08550
2716,Portugal,2014,7.76340
2717,Portugal,2015,8.02120
2718,Portugal,2016,-10.33400
2719,Portugal,2017,-1.41100
2720,Norway,1950,0.00000
2721,Norway,1951,-10.78350
2722,Norway,1952,-10.72870
2723,Norway,1953,-10.67460
2724,Norway,1954,-10.62040
2725,Norway,1955,-10.56660
2726,Norway,1956,-10.51320
2727,Norway,1957,-10.46000
2728,Norway,1958,-10.40680
2729,Norway,1959,-10.35430
2730,Norway,1960,-10.30180
2731,Norway,1961,-14.76960
2732,Norway,1962,-14.66160
2733,Norway,1963,-8.99840
2734,Norway,1964,9.99820
2735,Norway,1965,-44.99200
2736,Norway,1966,0.99980
2737,Norway,1967,-15.99710
2738,Norway,1968,-38.99300
2739,Norway,1969,-47.99150
2740,Norway,1970,-13.99740
2741,Norway,1971,-21.99610
2742,Norway,1972,-32.99420
2743,Norway,1973,-13.99740
2744,Norway,1974,-20.99630
2745,Norway,1975,-16.99700
2746,Norway,1976,-53.59670
2747,Norway,1977,-36.15430
2748,Norway,1978,-36.44870
2749,Norway,1979,-21.35510
2750,Norway,1980,-0.35210
2751,Norway,1981,-9.87570
2752,Norway,1982,-11.42780
2753,Norway,1983,-4.67390
2754,Norway,1984,-5.19250
2755,Norway,1985,-5.96750
2756,Norway,1986,-4.44120
2757,Norway,1987,-27.50830
2758,Norway,1988,2.86650
2759,Norway,1989,-2.73120
2760,Norway,1990,-8.16180
2761,Norway,1991,-2.18040
2762,Norway,1992,9.83380
2763,Norway,1993,-3.73590
2764,Norway,1994,-2.01470
2765,Norway,1995,-16.83810
2766,Norway,1996,-5.53510
2767,Norway,1997,-4.66250
2768,Norway,1998,-1.82700
2769,Norway,1999,-0.86290
2770,Norway,2000,-18.38270
2771,Norway,2001,-25.62370
2772,Norway,2002,-14.49620
2773,Norway,2003,-11.84150
2774,Norway,2004,19.33410
2775,Norway,2005,3.94420
2776,Norway,2006,-2.55650
2777,Norway,2007,9.09360
2778,Norway,2008,4.35070
2779,Norway,2009,-21.77970
2780,Norway,2010,9.58570
2781,Norway,2011,3.56170
2782,Norway,2012,-1.57300
2783,Norway,2013,-10.47760
2784,Norway,2014,2.26030
2785,Norway,2015,2.31310
2786,Norway,2016,6.52750
2787,Norway,2017,-11.61600
2788,Cyprus,1995,0.00000
2789,Cyprus,1996,-0.96580
2790,Cyprus,1997,7.67230
2791,Cyprus,1998,6.26800
2792,Cyprus,1999,7.17130
2793,Cyprus,2000,6.67500
2794,Cyprus,2001,24.50570
2795,Cyprus,2002,-27.68660
2796,Cyprus,2003,-7.11220
2797,Cyprus,2004,-37.50010
2798,Cyprus,2005,-31.26930
2799,Cyprus,2006,-14.42300
2800,Cyprus,2007,29.22610
2801,Cyprus,2008,20.37220
2802,Cyprus,2009,-12.26770
2803,Cyprus,2010,-13.98560
2804,Cyprus,2011,-14.80870
2805,Cyprus,2012,-6.70200
2806,Cyprus,2013,-29.87640
2807,Cyprus,2014,-11.87270
2808,Cyprus,2015,-3.28190
2809,Cyprus,2016,-6.18550
2810,Cyprus,2017,0.00000
2811,Mexico,1950,0.00000
2812,Mexico,1951,-0.45190
2813,Mexico,1952,-0.45190
2814,Mexico,1953,-0.45160
2815,Mexico,1954,-0.45170
2816,Mexico,1955,-0.45170
2817,Mexico,1956,-0.45160
2818,Mexico,1957,-0.45140
2819,Mexico,1958,-0.45150
2820,Mexico,1959,-0.45110
2821,Mexico,1960,-0.45120
2822,Mexico,1961,-9.65410
2823,Mexico,1962,-9.61570
2824,Mexico,1963,-9.57740
2825,Mexico,1964,-9.53930
2826,Mexico,1965,-9.50120
2827,Mexico,1966,-9.46360
2828,Mexico,1967,-9.42600
2829,Mexico,1968,-9.38850
2830,Mexico,1969,-9.35100
2831,Mexico,1970,-9.31400
2832,Mexico,1971,-1.88310
2833,Mexico,1972,-1.88160
2834,Mexico,1973,-1.87980
2835,Mexico,1974,-1.61630
2836,Mexico,1975,-1.61490
2837,Mexico,1976,-1.61410
2838,Mexico,1977,-1.61250
2839,Mexico,1978,-1.61180
2840,Mexico,1979,-1.61040
2841,Mexico,1980,-1.60960
2842,Mexico,1981,1.00200
2843,Mexico,1982,1.00220
2844,Mexico,1983,1.00240
2845,Mexico,1984,1.00320
2846,Mexico,1985,1.00340
2847,Mexico,1986,1.00390
2848,Mexico,1987,1.00440
2849,Mexico,1988,1.00490
2850,Mexico,1989,1.00510
2851,Mexico,1990,1.12920
2852,Mexico,1991,-6.35700
2853,Mexico,1992,-6.33910
2854,Mexico,1993,-6.32200
2855,Mexico,1994,-12.59230
2856,Mexico,1995,0.00000
2857,Mexico,1996,20.00000
2858,Mexico,1997,8.00000
2859,Mexico,1998,-31.00000
2860,Mexico,1999,15.00000
2861,Mexico,2000,5.00000
2862,Mexico,2001,-26.00000
2863,Mexico,2002,-14.00000
2864,Mexico,2003,6.00000
2865,Mexico,2004,-6.00000
2866,Mexico,2005,19.00000
2867,Mexico,2006,-12.00000
2868,Mexico,2007,-18.00000
2869,Mexico,2008,4.00000
2870,Mexico,2009,-9.00000
2871,Mexico,2010,-1.00000
2872,Mexico,2011,-6.00000
2873,Mexico,2012,-9.00000
2874,Mexico,2013,5.00000
2875,Mexico,2014,-2.00000
2876,Mexico,2015,6.00000
2877,Mexico,2016,7.00000
2878,Mexico,2017,0.00000
2879,Lithuania,1995,0.00000
2880,Lithuania,1996,-2.31560
2881,Lithuania,1997,5.65380
2882,Lithuania,1998,46.89990
2883,Lithuania,1999,-53.58000
2884,Lithuania,2000,120.21350
2885,Lithuania,2001,-15.00800
2886,Lithuania,2002,-29.04830
2887,Lithuania,2003,-16.28470
2888,Lithuania,2004,92.66980
2889,Lithuania,2005,0.41570
2890,Lithuania,2006,-4.76170
2891,Lithuania,2007,29.54650
2892,Lithuania,2008,29.81480
2893,Lithuania,2009,-70.62780
2894,Lithuania,2010,21.34290
2895,Lithuania,2011,-25.41380
2896,Lithuania,2012,-1.57890
2897,Lithuania,2013,-16.04660
2898,Lithuania,2014,-7.71740
2899,Lithuania,2015,25.96750
2900,Lithuania,2016,25.51150
2901,Lithuania,2017,-40.99180
2902,Philippines,1970,0.00000
2903,Philippines,1971,2.79150
2904,Philippines,1972,1.90800
2905,Philippines,1973,-8.93770
2906,Philippines,1974,10.63770
2907,Philippines,1975,4.19430
2908,Philippines,1976,0.41410
2909,Philippines,1977,36.73410
2910,Philippines,1978,-24.78470
2911,Philippines,1979,-0.97730
2912,Philippines,1980,-1.15480
2913,Philippines,1981,1.00980
2914,Philippines,1982,-4.44530
2915,Philippines,1983,10.79610
2916,Philippines,1984,30.94120
2917,Philippines,1985,1.40500
2918,Philippines,1986,-2.81420
2919,Philippines,1987,8.40630
2920,Philippines,1988,8.47510
2921,Philippines,1989,9.08030
2922,Philippines,1990,-5.56690
2923,Philippines,1991,-15.67070
2924,Philippines,1992,-0.13370
2925,Philippines,1993,-40.01270
2926,Philippines,1994,13.89600
2927,Philippines,1995,-20.02400
2928,Philippines,1996,-35.62230
2929,Philippines,1997,4.22830
2930,Philippines,1998,-6.67510
2931,Philippines,1999,-10.37640
2932,Philippines,2000,5.45310
2933,Philippines,2001,-7.11690
2934,Philippines,2002,-18.46100
2935,Philippines,2003,16.60690
2936,Philippines,2004,6.89560
2937,Philippines,2005,18.84350
2938,Philippines,2006,-25.66430
2939,Philippines,2007,15.15940
2940,Philippines,2008,20.13840
2941,Philippines,2009,4.17940
2942,Philippines,2010,7.35600
2943,Philippines,2011,2.03610
2944,Philippines,2012,5.21630
2945,Philippines,2013,9.47860
2946,Philippines,2014,1.73140
2947,Philippines,2015,5.32110
2948,Philippines,2016,0.00000
2949,Philippines,2017,0.00000
2950,South Korea,1953,0.00000
2951,South Korea,1954,20.59930
2952,South Korea,1955,20.78370
2953,South Korea,1956,20.96950
2954,South Korea,1957,21.15700
2955,South Korea,1958,21.34590
2956,South Korea,1959,21.53690
2957,South Korea,1960,21.72920
2958,South Korea,1961,21.92360
2959,South Korea,1962,22.11960
2960,South Korea,1963,22.31740
2961,South Korea,1964,-79.54830
2962,South Korea,1965,106.06420
2963,South Korea,1966,-15.90970
2964,South Korea,1967,31.81940
2965,South Korea,1968,47.72900
2966,South Korea,1969,58.33540
2967,South Korea,1970,-106.06440
2968,South Korea,1971,63.63860
2969,South Korea,1972,63.63870
2970,South Korea,1973,47.72900
2971,South Korea,1974,53.03220
2972,South Korea,1975,21.21290
2973,South Korea,1976,84.85160
2974,South Korea,1977,-31.81930
2975,South Korea,1978,31.81930
2976,South Korea,1979,-15.90970
2977,South Korea,1980,-15.90960
2978,South Korea,1981,15.99850
2979,South Korea,1982,12.99880
2980,South Korea,1983,17.99830
2981,South Korea,1984,-3.99950
2982,South Korea,1985,-24.99790
2983,South Korea,1986,28.99740
2984,South Korea,1987,-30.99710
2985,South Korea,1988,-45.99590
2986,South Korea,1989,-102.99040
2987,South Korea,1990,-53.99520
2988,South Korea,1991,-15.99850
2989,South Korea,1992,-21.99800
2990,South Korea,1993,16.89770
2991,South Korea,1994,-15.51220
2992,South Korea,1995,7.08910
2993,South Korea,1996,-10.67360
2994,South Korea,1997,-55.69950
2995,South Korea,1998,-94.98900
2996,South Korea,1999,6.21800
2997,South Korea,2000,17.19780
2998,South Korea,2001,-13.36770
2999,South Korea,2002,-41.03930
3000,South Korea,2003,-31.23290
3001,South Korea,2004,-32.11620
3002,South Korea,2005,-40.21290
3003,South Korea,2006,-5.40530
3004,South Korea,2007,-39.71530
3005,South Korea,2008,-93.28710
3006,South Korea,2009,-44.85840
3007,South Korea,2010,-10.98810
3008,South Korea,2011,-29.91770
3009,South Korea,2012,-23.91670
3010,South Korea,2013,-9.00080
3011,South Korea,2014,-24.91480
3012,South Korea,2015,6.98100
3013,South Korea,2016,-12.96440
3014,South Korea,2017,0.00000
3015,Denmark,1870,0.00000
3016,Denmark,1880,-262.00000
3017,Denmark,1890,-239.00000
3018,Denmark,1900,-191.00000
3019,Denmark,1913,-11.00000
3020,Denmark,1929,-430.00000
3021,Denmark,1938,-98.00000
3022,Denmark,1950,-153.68070
3023,Denmark,1951,-14.45330
3024,Denmark,1952,-14.35150
3025,Denmark,1953,-14.25020
3026,Denmark,1954,-14.14980
3027,Denmark,1955,-14.05000
3028,Denmark,1956,-13.95090
3029,Denmark,1957,-13.85250
3030,Denmark,1958,-13.75480
3031,Denmark,1959,-13.65780
3032,Denmark,1960,-13.56140
3033,Denmark,1961,11.94460
3034,Denmark,1962,12.01930
3035,Denmark,1963,12.09460
3036,Denmark,1964,12.17010
3037,Denmark,1965,12.24640
3038,Denmark,1966,12.32290
3039,Denmark,1967,-28.09400
3040,Denmark,1968,-44.84000
3041,Denmark,1969,-39.56700
3042,Denmark,1970,-24.19610
3043,Denmark,1971,-35.62090
3044,Denmark,1972,-57.90510
3045,Denmark,1973,-42.10490
3046,Denmark,1974,-18.38800
3047,Denmark,1975,-74.70900
3048,Denmark,1976,6.87170
3049,Denmark,1977,-24.89220
3050,Denmark,1978,-23.30760
3051,Denmark,1979,-11.63740
3052,Denmark,1980,13.89190
3053,Denmark,1981,-31.34040
3054,Denmark,1982,6.54730
3055,Denmark,1983,-7.02190
3056,Denmark,1984,-5.12980
3057,Denmark,1985,-12.93270
3058,Denmark,1986,2.98780
3059,Denmark,1987,-37.93330
3060,Denmark,1988,-21.76000
3061,Denmark,1989,-15.93200
3062,Denmark,1990,-14.52240
3063,Denmark,1991,-3.49110
3064,Denmark,1992,15.57260
3065,Denmark,1993,-3.55190
3066,Denmark,1994,-42.51430
3067,Denmark,1995,12.59000
3068,Denmark,1996,-6.90640
3069,Denmark,1997,16.06580
3070,Denmark,1998,12.88500
3071,Denmark,1999,15.17610
3072,Denmark,2000,9.64230
3073,Denmark,2001,2.90820
3074,Denmark,2002,-6.23560
3075,Denmark,2003,-5.04570
3076,Denmark,2004,0.51130
3077,Denmark,2005,-6.70790
3078,Denmark,2006,4.22370
3079,Denmark,2007,-22.69950
3080,Denmark,2008,-2.98000
3081,Denmark,2009,-12.78950
3082,Denmark,2010,5.03290
3083,Denmark,2011,14.55440
3084,Denmark,2012,-13.53930
3085,Denmark,2013,2.59120
3086,Denmark,2014,-11.68660
3087,Denmark,2015,-1.88320
3088,Denmark,2016,-3.30800
3089,Denmark,2017,-8.58200
3090,Peru,1950,0.00000
3091,Peru,1951,-5.26980
3092,Peru,1952,-5.25660
3093,Peru,1953,-5.24390
3094,Peru,1954,-5.23120
3095,Peru,1955,-5.21850
3096,Peru,1956,-5.20550
3097,Peru,1957,-5.19290
3098,Peru,1958,-5.18020
3099,Peru,1959,-5.16750
3100,Peru,1960,-5.15500
3101,Peru,1961,-5.14230
3102,Peru,1962,-5.12970
3103,Peru,1963,-5.11720
3104,Peru,1964,-5.10470
3105,Peru,1965,-5.09230
3106,Peru,1966,-5.07980
3107,Peru,1967,-5.06740
3108,Peru,1968,-5.05490
3109,Peru,1969,-5.04270
3110,Peru,1970,-5.03060
3111,Peru,1971,-5.01800
3112,Peru,1972,-5.00580
3113,Peru,1973,-4.99350
3114,Peru,1974,-6.57890
3115,Peru,1975,-6.55760
3116,Peru,1976,-6.53650
3117,Peru,1977,-6.51540
3118,Peru,1978,-6.49430
3119,Peru,1979,-6.47340
3120,Peru,1980,-6.45270
3121,Peru,1981,-6.43160
3122,Peru,1982,-6.41100
3123,Peru,1983,-6.39030
3124,Peru,1984,-6.36960
3125,Peru,1985,-6.34910
3126,Peru,1986,-6.32860
3127,Peru,1987,-6.30830
3128,Peru,1988,-6.28780
3129,Peru,1989,-6.26760
3130,Peru,1990,-6.24730
3131,Peru,1991,-1.00020
3132,Peru,1992,-0.99980
3133,Peru,1993,-0.33350
3134,Peru,1994,-0.33340
3135,Peru,1995,-0.33330
3136,Peru,1996,-0.33340
3137,Peru,1997,-0.33330
3138,Peru,1998,-0.33310
3139,Peru,1999,-35.04300
3140,Peru,2000,114.05440
3141,Peru,2001,-22.43300
3142,Peru,2002,20.49840
3143,Peru,2003,-17.75620
3144,Peru,2004,-10.68450
3145,Peru,2005,-18.21920
3146,Peru,2006,12.50850
3147,Peru,2007,20.13140
3148,Peru,2008,0.92420
3149,Peru,2009,-29.09980
3150,Peru,2010,-34.65930
3151,Peru,2011,-2.43880
3152,Peru,2012,-0.36450
3153,Peru,2013,-4.25620
3154,Peru,2014,-14.67950
3155,Peru,2015,27.97520
3156,Peru,2016,0.00000
3157,Peru,2017,0.00000
3158,South Africa,2001,0.00000
3159,South Africa,2002,6.42780
3160,South Africa,2003,-64.08650
3161,South Africa,2004,23.59400
3162,South Africa,2005,57.15480
3163,South Africa,2006,-83.68020
3164,South Africa,2007,6.37480
3165,South Africa,2008,-37.88840
3166,South Africa,2009,-34.92610
3167,South Africa,2010,-13.56540
3168,South Africa,2011,18.84280
3169,South Africa,2012,-30.47750
3170,South Africa,2013,-12.12190
3171,South Africa,2014,-2.89470
3172,South Africa,2015,0.00000
3173,South Africa,2016,0.00000
3174,South Africa,2017,0.00000
3175,Hong Kong,1960,0.00000
3176,Hong Kong,1961,-20.30520
3177,Hong Kong,1962,-20.15400
3178,Hong Kong,1963,-20.00350
3179,Hong Kong,1964,-19.85420
3180,Hong Kong,1965,-19.70630
3181,Hong Kong,1966,-19.55930
3182,Hong Kong,1967,-19.41340
3183,Hong Kong,1968,-19.26850
3184,Hong Kong,1969,-19.12500
3185,Hong Kong,1970,-18.98220
3186,Hong Kong,1971,1.05640
3187,Hong Kong,1972,-1.52050
3188,Hong Kong,1973,-1.65600
3189,Hong Kong,1974,-1.79840
3190,Hong Kong,1975,-1.86960
3191,Hong Kong,1976,-2.15360
3192,Hong Kong,1977,-9.70840
3193,Hong Kong,1978,-9.47370
3194,Hong Kong,1979,-8.47900
3195,Hong Kong,1980,-11.00340
3196,Hong Kong,1981,-13.23140
3197,Hong Kong,1982,-24.55500
3198,Hong Kong,1983,-30.87030
3199,Hong Kong,1984,-28.96440
3200,Hong Kong,1985,-25.68380
3201,Hong Kong,1986,4.16570
3202,Hong Kong,1987,-35.94230
3203,Hong Kong,1988,48.13250
3204,Hong Kong,1989,-58.40740
3205,Hong Kong,1990,-35.50930
3206,Hong Kong,1991,31.38250
3207,Hong Kong,1992,-85.73310
3208,Hong Kong,1993,63.78780
3209,Hong Kong,1994,3.96930
3210,Hong Kong,1995,-37.07860
3211,Hong Kong,1996,49.41790
3212,Hong Kong,1997,-46.45460
3213,Hong Kong,1998,1.33960
3214,Hong Kong,1999,42.77300
3215,Hong Kong,2000,28.74120
3216,Hong Kong,2001,-4.30930
3217,Hong Kong,2002,17.07320
3218,Hong Kong,2003,-12.53220
3219,Hong Kong,2004,23.47630
3220,Hong Kong,2005,-7.98900
3221,Hong Kong,2006,-30.89110
3222,Hong Kong,2007,12.28510
3223,Hong Kong,2008,-50.75730
3224,Hong Kong,2009,-25.02390
3225,Hong Kong,2010,50.08130
3226,Hong Kong,2011,-45.31890
3227,Hong Kong,2012,-21.16700
3228,Hong Kong,2013,-10.18040
3229,Hong Kong,2014,-50.16650
3230,Hong Kong,2015,10.33160
3231,Hong Kong,2016,0.00000
3232,Hong Kong,2017,0.00000
3233,Cambodia,1993,0.00000
3234,Cambodia,1994,-29.98560
3235,Cambodia,1995,26.62330
3236,Cambodia,1996,4.71500
3237,Cambodia,1997,10.33820
3238,Cambodia,1998,36.95680
3239,Cambodia,1999,26.13550
3240,Cambodia,2000,31.46410
3241,Cambodia,2001,24.16530
3242,Cambodia,2002,46.11050
3243,Cambodia,2003,-0.69090
3244,Cambodia,2004,7.82820
3245,Cambodia,2005,-0.54590
3246,Cambodia,2006,0.37720
3247,Cambodia,2007,6.75120
3248,Cambodia,2008,1.67870
3249,Cambodia,2009,6.51950
3250,Cambodia,2010,1.07740
3251,Cambodia,2011,17.89990
3252,Cambodia,2012,6.19020
3253,Cambodia,2013,9.71850
3254,Cambodia,2014,18.72490
3255,Cambodia,2015,12.85520
3256,Cambodia,2016,0.00000
3257,Cambodia,2017,0.00000
3258,Belgium,1870,0.00000
3259,Belgium,1880,-139.00000
3260,Belgium,1890,-167.00000
3261,Belgium,1900,-113.00000
3262,Belgium,1913,-223.00000
3263,Belgium,1929,-612.00000
3264,Belgium,1938,-33.00000
3265,Belgium,1950,-89.84960
3266,Belgium,1951,-10.27860
3267,Belgium,1952,-10.22820
3268,Belgium,1953,-10.17830
3269,Belgium,1954,-10.12890
3270,Belgium,1955,-10.07910
3271,Belgium,1956,-10.03010
3272,Belgium,1957,-9.98120
3273,Belgium,1958,-9.93240
3274,Belgium,1959,-9.88400
3275,Belgium,1960,-9.83570
3276,Belgium,1961,-11.96350
3277,Belgium,1962,-11.89240
3278,Belgium,1963,-11.82110
3279,Belgium,1964,-11.75090
3280,Belgium,1965,-11.68060
3281,Belgium,1966,-11.61100
3282,Belgium,1967,-11.54180
3283,Belgium,1968,-11.47290
3284,Belgium,1969,-11.40440
3285,Belgium,1970,-11.33640
3286,Belgium,1971,-9.36100
3287,Belgium,1972,-26.18100
3288,Belgium,1973,-26.46500
3289,Belgium,1974,-30.03500
3290,Belgium,1975,-9.87900
3291,Belgium,1976,0.78600
3292,Belgium,1977,-25.47000
3293,Belgium,1978,-18.75600
3294,Belgium,1979,-16.77000
3295,Belgium,1980,-19.86190
3296,Belgium,1981,-23.60400
3297,Belgium,1982,-14.00600
3298,Belgium,1983,6.00490
3299,Belgium,1984,24.00710
3300,Belgium,1985,6.00290
3301,Belgium,1986,-20.00700
3302,Belgium,1987,-15.00600
3303,Belgium,1988,-12.00190
3304,Belgium,1989,-9.00500
3305,Belgium,1990,14.00600
3306,Belgium,1991,-37.01210
3307,Belgium,1992,-23.00600
3308,Belgium,1993,-44.01500
3309,Belgium,1994,0.00000
3310,Belgium,1995,26.00800
3311,Belgium,1996,-26.00800
3312,Belgium,1997,13.00400
3313,Belgium,1998,11.00310
3314,Belgium,1999,-1.00000
3315,Belgium,2000,12.35950
3316,Belgium,2001,-6.47560
3317,Belgium,2002,-5.65940
3318,Belgium,2003,-4.92380
3319,Belgium,2004,-4.83040
3320,Belgium,2005,-7.53100
3321,Belgium,2006,6.81540
3322,Belgium,2007,4.41060
3323,Belgium,2008,-6.67660
3324,Belgium,2009,-21.86360
3325,Belgium,2010,-2.26810
3326,Belgium,2011,13.77580
3327,Belgium,2012,0.28140
3328,Belgium,2013,-1.89730
3329,Belgium,2014,-2.80540
3330,Belgium,2015,-10.59250
3331,Belgium,2016,1.20510
3332,Belgium,2017,-1.54610
3333,Malaysia,1970,0.00000
3334,Malaysia,1971,1.57600
3335,Malaysia,1972,1.60060
3336,Malaysia,1973,1.63230
3337,Malaysia,1974,1.67190
3338,Malaysia,1975,1.71770
3339,Malaysia,1976,1.90020
3340,Malaysia,1977,1.89620
3341,Malaysia,1978,1.87960
3342,Malaysia,1979,1.85600
3343,Malaysia,1980,1.83520
3344,Malaysia,1981,1.13670
3345,Malaysia,1982,0.79080
3346,Malaysia,1983,-1.08420
3347,Malaysia,1984,5.92870
3348,Malaysia,1985,-3.88480
3349,Malaysia,1986,-7.16230
3350,Malaysia,1987,0.86740
3351,Malaysia,1988,-1.66630
3352,Malaysia,1989,8.15700
3353,Malaysia,1990,3.62480
3354,Malaysia,1991,7.42010
3355,Malaysia,1992,7.48270
3356,Malaysia,1993,1.39430
3357,Malaysia,1994,0.35810
3358,Malaysia,1995,0.39020
3359,Malaysia,1996,0.42090
3360,Malaysia,1997,4.89110
3361,Malaysia,1998,-2.91460
3362,Malaysia,1999,1.38260
3363,Malaysia,2000,-0.78250
3364,Malaysia,2001,3.44680
3365,Malaysia,2002,27.27390
3366,Malaysia,2003,-9.55830
3367,Malaysia,2004,-5.65040
3368,Malaysia,2005,42.43920
3369,Malaysia,2006,-12.17870
3370,Malaysia,2007,-24.63280
3371,Malaysia,2008,-26.14580
3372,Malaysia,2009,8.25740
3373,Malaysia,2010,-16.35230
3374,Malaysia,2011,-4.37940
3375,Malaysia,2012,-17.20000
3376,Malaysia,2013,-27.68210
3377,Malaysia,2014,8.66670
3378,Malaysia,2015,-11.34400
3379,Malaysia,2016,0.00000
3380,Malaysia,2017,0.00000
3381,Costa Rica,1987,0.00000
3382,Costa Rica,1988,-20.17890
3383,Costa Rica,1989,-38.46290
3384,Costa Rica,1990,50.43680
3385,Costa Rica,1991,-85.28080
3386,Costa Rica,1992,86.29000
3387,Costa Rica,1993,-12.13030
3388,Costa Rica,1994,23.68820
3389,Costa Rica,1995,-25.39380
3390,Costa Rica,1996,41.85910
3391,Costa Rica,1997,-21.35960
3392,Costa Rica,1998,-8.92870
3393,Costa Rica,1999,13.88960
3394,Costa Rica,2000,-8.58880
3395,Costa Rica,2001,-32.54130
3396,Costa Rica,2002,27.65280
3397,Costa Rica,2003,-6.56100
3398,Costa Rica,2004,19.26710
3399,Costa Rica,2005,-17.55570
3400,Costa Rica,2006,7.76660
3401,Costa Rica,2007,26.96170
3402,Costa Rica,2008,5.30860
3403,Costa Rica,2009,-43.64010
3404,Costa Rica,2010,-104.97780
3405,Costa Rica,2011,40.62180
3406,Costa Rica,2012,-47.28810
3407,Costa Rica,2013,-86.04100
3408,Costa Rica,2014,-21.02490
3409,Costa Rica,2015,21.37700
3410,Costa Rica,2016,55.47330
3411,Costa Rica,2017,0.00000
3412,Singapore,1960,0.00000
3413,Singapore,1961,-5.10940
3414,Singapore,1962,-5.09790
3415,Singapore,1963,-5.08670
3416,Singapore,1964,-5.07540
3417,Singapore,1965,-5.06420
3418,Singapore,1966,-5.05280
3419,Singapore,1967,-5.04150
3420,Singapore,1968,-5.03050
3421,Singapore,1969,-5.01900
3422,Singapore,1970,-5.00810
3423,Singapore,1971,-0.05420
3424,Singapore,1972,-0.08320
3425,Singapore,1973,-0.07550
3426,Singapore,1974,-0.00510
3427,Singapore,1975,-20.37500
3428,Singapore,1976,25.01780
3429,Singapore,1977,-52.04760
3430,Singapore,1978,-0.72090
3431,Singapore,1979,-23.33820
3432,Singapore,1980,8.20340
3433,Singapore,1981,25.95310
3434,Singapore,1982,6.19360
3435,Singapore,1983,5.05520
3436,Singapore,1984,9.10640
3437,Singapore,1985,-39.31900
3438,Singapore,1986,32.81420
3439,Singapore,1987,29.77850
3440,Singapore,1988,13.27440
3441,Singapore,1989,56.84450
3442,Singapore,1990,4.31200
3443,Singapore,1991,19.40160
3444,Singapore,1992,3.51270
3445,Singapore,1993,25.19120
3446,Singapore,1994,15.86720
3447,Singapore,1995,13.06050
3448,Singapore,1996,20.13160
3449,Singapore,1997,13.66430
3450,Singapore,1998,-11.87300
3451,Singapore,1999,20.49050
3452,Singapore,2000,17.00140
3453,Singapore,2001,-19.87550
3454,Singapore,2002,-8.12280
3455,Singapore,2003,4.78910
3456,Singapore,2004,-32.95630
3457,Singapore,2005,0.13450
3458,Singapore,2006,-8.25220
3459,Singapore,2007,-20.79320
3460,Singapore,2008,-7.56220
3461,Singapore,2009,-35.36260
3462,Singapore,2010,37.68630
3463,Singapore,2011,-42.99460
3464,Singapore,2012,7.41430
3465,Singapore,2013,-9.43630
3466,Singapore,2014,-37.72780
3467,Singapore,2015,-27.17600
3468,Singapore,2016,-10.56080
3469,Singapore,2017,-14.85940
